/* font_data.c - erzeugt von scripts/gen_font.py, nicht von Hand aendern.
 *
 * 10 Schriftarten zu je 224 Zeichen (0x20-0xFF), jedes Zeichen
 * 16 Zeilen mit 8 Pixeln. Die Vorlagen und ihre Lizenzen liegen
 * unter third_party/fonts.
 */

#include "font.h"

static const uint8_t glyphs_dejavu[FONT_GLYPHS][FONT_HEIGHT] = {
    { 0x00, 0x00, 0x00, 0x00, 0x00, 0x00, 0x00, 0x00, 0x00, 0x00, 0x00, 0x00, 0x00, 0x00, 0x00, 0x00 },  /* 0x20   */
    { 0x00, 0x00, 0x00, 0x10, 0x10, 0x10, 0x10, 0x10, 0x10, 0x00, 0x10, 0x10, 0x00, 0x00, 0x00, 0x00 },  /* 0x21 ! */
    { 0x00, 0x00, 0x00, 0x28, 0x28, 0x28, 0x28, 0x00, 0x00, 0x00, 0x00, 0x00, 0x00, 0x00, 0x00, 0x00 },  /* 0x22 " */
    { 0x00, 0x00, 0x12, 0x12, 0x16, 0x7F, 0x24, 0x24, 0xFE, 0x28, 0x48, 0x48, 0x00, 0x00, 0x00, 0x00 },  /* 0x23 # */
    { 0x00, 0x00, 0x00, 0x08, 0x3E, 0x49, 0x48, 0x38, 0x0E, 0x09, 0x49, 0x3E, 0x08, 0x08, 0x00, 0x00 },  /* 0x24 $ */
    { 0x00, 0x00, 0x00, 0x60, 0x90, 0x90, 0x62, 0x1C, 0x66, 0x09, 0x09, 0x06, 0x00, 0x00, 0x00, 0x00 },  /* 0x25 % */
    { 0x00, 0x00, 0x00, 0x1C, 0x20, 0x20, 0x30, 0x49, 0x4D, 0x45, 0x62, 0x3D, 0x00, 0x00, 0x00, 0x00 },  /* 0x26 & */
    { 0x00, 0x00, 0x00, 0x10, 0x10, 0x10, 0x10, 0x00, 0x00, 0x00, 0x00, 0x00, 0x00, 0x00, 0x00, 0x00 },  /* 0x27 ' */
    { 0x00, 0x0C, 0x08, 0x08, 0x10, 0x10, 0x10, 0x10, 0x10, 0x10, 0x08, 0x08, 0x04, 0x00, 0x00, 0x00 },  /* 0x28 ( */
    { 0x00, 0x30, 0x10, 0x10, 0x08, 0x08, 0x08, 0x08, 0x08, 0x08, 0x10, 0x10, 0x20, 0x00, 0x00, 0x00 },  /* 0x29 ) */
    { 0x00, 0x00, 0x00, 0x08, 0x49, 0x3E, 0x1C, 0x6B, 0x08, 0x00, 0x00, 0x00, 0x00, 0x00, 0x00, 0x00 },  /* 0x2A * */
    { 0x00, 0x00, 0x00, 0x00, 0x10, 0x10, 0x10, 0xFE, 0x10, 0x10, 0x10, 0x00, 0x00, 0x00, 0x00, 0x00 },  /* 0x2B + */
    { 0x00, 0x00, 0x00, 0x00, 0x00, 0x00, 0x00, 0x00, 0x00, 0x00, 0x18, 0x18, 0x10, 0x20, 0x00, 0x00 },  /* 0x2C , */
    { 0x00, 0x00, 0x00, 0x00, 0x00, 0x00, 0x00, 0x00, 0x38, 0x00, 0x00, 0x00, 0x00, 0x00, 0x00, 0x00 },  /* 0x2D - */
    { 0x00, 0x00, 0x00, 0x00, 0x00, 0x00, 0x00, 0x00, 0x00, 0x00, 0x18, 0x18, 0x00, 0x00, 0x00, 0x00 },  /* 0x2E . */
    { 0x00, 0x00, 0x00, 0x02, 0x04, 0x04, 0x08, 0x08, 0x18, 0x10, 0x10, 0x20, 0x20, 0x40, 0x00, 0x00 },  /* 0x2F / */
    { 0x00, 0x00, 0x00, 0x1C, 0x22, 0x41, 0x41, 0x49, 0x41, 0x41, 0x22, 0x1C, 0x00, 0x00, 0x00, 0x00 },  /* 0x30 0 */
    { 0x00, 0x00, 0x00, 0x38, 0x08, 0x08, 0x08, 0x08, 0x08, 0x08, 0x08, 0x3E, 0x00, 0x00, 0x00, 0x00 },  /* 0x31 1 */
    { 0x00, 0x00, 0x00, 0x3E, 0x43, 0x01, 0x01, 0x02, 0x0C, 0x18, 0x20, 0x7F, 0x00, 0x00, 0x00, 0x00 },  /* 0x32 2 */
    { 0x00, 0x00, 0x00, 0x3E, 0x41, 0x01, 0x03, 0x1C, 0x03, 0x01, 0x43, 0x3E, 0x00, 0x00, 0x00, 0x00 },  /* 0x33 3 */
    { 0x00, 0x00, 0x00, 0x06, 0x0A, 0x1A, 0x12, 0x22, 0x42, 0x7F, 0x02, 0x02, 0x00, 0x00, 0x00, 0x00 },  /* 0x34 4 */
    { 0x00, 0x00, 0x00, 0x7E, 0x40, 0x40, 0x7C, 0x03, 0x01, 0x01, 0x43, 0x3C, 0x00, 0x00, 0x00, 0x00 },  /* 0x35 5 */
    { 0x00, 0x00, 0x00, 0x1E, 0x21, 0x40, 0x5E, 0x63, 0x41, 0x41, 0x23, 0x1E, 0x00, 0x00, 0x00, 0x00 },  /* 0x36 6 */
    { 0x00, 0x00, 0x00, 0x7F, 0x02, 0x02, 0x04, 0x04, 0x08, 0x18, 0x10, 0x20, 0x00, 0x00, 0x00, 0x00 },  /* 0x37 7 */
    { 0x00, 0x00, 0x00, 0x3E, 0x41, 0x41, 0x41, 0x3E, 0x63, 0x41, 0x61, 0x3E, 0x00, 0x00, 0x00, 0x00 },  /* 0x38 8 */
    { 0x00, 0x00, 0x00, 0x3C, 0x62, 0x41, 0x41, 0x63, 0x3D, 0x01, 0x42, 0x3C, 0x00, 0x00, 0x00, 0x00 },  /* 0x39 9 */
    { 0x00, 0x00, 0x00, 0x00, 0x00, 0x18, 0x18, 0x00, 0x00, 0x00, 0x18, 0x18, 0x00, 0x00, 0x00, 0x00 },  /* 0x3A : */
    { 0x00, 0x00, 0x00, 0x00, 0x00, 0x18, 0x18, 0x00, 0x00, 0x00, 0x18, 0x18, 0x10, 0x20, 0x00, 0x00 },  /* 0x3B ; */
    { 0x00, 0x00, 0x00, 0x00, 0x00, 0x01, 0x0E, 0x70, 0x70, 0x0E, 0x01, 0x00, 0x00, 0x00, 0x00, 0x00 },  /* 0x3C < */
    { 0x00, 0x00, 0x00, 0x00, 0x00, 0x00, 0x7F, 0x00, 0x00, 0x7F, 0x00, 0x00, 0x00, 0x00, 0x00, 0x00 },  /* 0x3D = */
    { 0x00, 0x00, 0x00, 0x00, 0x00, 0x40, 0x38, 0x07, 0x07, 0x38, 0x40, 0x00, 0x00, 0x00, 0x00, 0x00 },  /* 0x3E > */
    { 0x00, 0x00, 0x00, 0x38, 0x44, 0x04, 0x08, 0x10, 0x10, 0x00, 0x10, 0x10, 0x00, 0x00, 0x00, 0x00 },  /* 0x3F ? */
    { 0x00, 0x00, 0x00, 0x1E, 0x33, 0x21, 0x47, 0x49, 0x49, 0x49, 0x47, 0x20, 0x30, 0x1E, 0x00, 0x00 },  /* 0x40 @ */
    { 0x00, 0x00, 0x00, 0x08, 0x14, 0x14, 0x14, 0x22, 0x22, 0x3E, 0x63, 0x41, 0x00, 0x00, 0x00, 0x00 },  /* 0x41 A */
    { 0x00, 0x00, 0x00, 0x7E, 0x41, 0x41, 0x41, 0x7E, 0x41, 0x41, 0x41, 0x7E, 0x00, 0x00, 0x00, 0x00 },  /* 0x42 B */
    { 0x00, 0x00, 0x00, 0x1E, 0x21, 0x40, 0x40, 0x40, 0x40, 0x40, 0x21, 0x1E, 0x00, 0x00, 0x00, 0x00 },  /* 0x43 C */
    { 0x00, 0x00, 0x00, 0x7C, 0x42, 0x41, 0x41, 0x41, 0x41, 0x41, 0x42, 0x7C, 0x00, 0x00, 0x00, 0x00 },  /* 0x44 D */
    { 0x00, 0x00, 0x00, 0x7F, 0x40, 0x40, 0x40, 0x7F, 0x40, 0x40, 0x40, 0x7F, 0x00, 0x00, 0x00, 0x00 },  /* 0x45 E */
    { 0x00, 0x00, 0x00, 0x7F, 0x40, 0x40, 0x40, 0x7F, 0x40, 0x40, 0x40, 0x40, 0x00, 0x00, 0x00, 0x00 },  /* 0x46 F */
    { 0x00, 0x00, 0x00, 0x1E, 0x21, 0x40, 0x40, 0x43, 0x41, 0x41, 0x21, 0x1E, 0x00, 0x00, 0x00, 0x00 },  /* 0x47 G */
    { 0x00, 0x00, 0x00, 0x41, 0x41, 0x41, 0x41, 0x7F, 0x41, 0x41, 0x41, 0x41, 0x00, 0x00, 0x00, 0x00 },  /* 0x48 H */
    { 0x00, 0x00, 0x00, 0x7C, 0x10, 0x10, 0x10, 0x10, 0x10, 0x10, 0x10, 0x7C, 0x00, 0x00, 0x00, 0x00 },  /* 0x49 I */
    { 0x00, 0x00, 0x00, 0x1C, 0x04, 0x04, 0x04, 0x04, 0x04, 0x04, 0x44, 0x38, 0x00, 0x00, 0x00, 0x00 },  /* 0x4A J */
    { 0x00, 0x00, 0x00, 0x42, 0x44, 0x48, 0x50, 0x70, 0x48, 0x44, 0x44, 0x42, 0x00, 0x00, 0x00, 0x00 },  /* 0x4B K */
    { 0x00, 0x00, 0x00, 0x40, 0x40, 0x40, 0x40, 0x40, 0x40, 0x40, 0x40, 0x7F, 0x00, 0x00, 0x00, 0x00 },  /* 0x4C L */
    { 0x00, 0x00, 0x00, 0x63, 0x63, 0x55, 0x55, 0x55, 0x49, 0x41, 0x41, 0x41, 0x00, 0x00, 0x00, 0x00 },  /* 0x4D M */
    { 0x00, 0x00, 0x00, 0x61, 0x61, 0x51, 0x51, 0x49, 0x45, 0x45, 0x43, 0x43, 0x00, 0x00, 0x00, 0x00 },  /* 0x4E N */
    { 0x00, 0x00, 0x00, 0x1C, 0x22, 0x41, 0x41, 0x41, 0x41, 0x41, 0x22, 0x1C, 0x00, 0x00, 0x00, 0x00 },  /* 0x4F O */
    { 0x00, 0x00, 0x00, 0x7E, 0x43, 0x41, 0x41, 0x43, 0x7E, 0x40, 0x40, 0x40, 0x00, 0x00, 0x00, 0x00 },  /* 0x50 P */
    { 0x00, 0x00, 0x00, 0x1C, 0x22, 0x41, 0x41, 0x41, 0x41, 0x41, 0x23, 0x1E, 0x06, 0x02, 0x00, 0x00 },  /* 0x51 Q */
    { 0x00, 0x00, 0x00, 0x7E, 0x43, 0x41, 0x41, 0x7E, 0x42, 0x41, 0x41, 0x40, 0x00, 0x00, 0x00, 0x00 },  /* 0x52 R */
    { 0x00, 0x00, 0x00, 0x3E, 0x61, 0x40, 0x60, 0x3E, 0x03, 0x01, 0x43, 0x3E, 0x00, 0x00, 0x00, 0x00 },  /* 0x53 S */
    { 0x00, 0x00, 0x00, 0xFE, 0x10, 0x10, 0x10, 0x10, 0x10, 0x10, 0x10, 0x10, 0x00, 0x00, 0x00, 0x00 },  /* 0x54 T */
    { 0x00, 0x00, 0x00, 0x41, 0x41, 0x41, 0x41, 0x41, 0x41, 0x41, 0x41, 0x3E, 0x00, 0x00, 0x00, 0x00 },  /* 0x55 U */
    { 0x00, 0x00, 0x00, 0x41, 0x63, 0x22, 0x22, 0x22, 0x14, 0x14, 0x14, 0x08, 0x00, 0x00, 0x00, 0x00 },  /* 0x56 V */
    { 0x00, 0x00, 0x00, 0x81, 0x81, 0x81, 0x5A, 0x5A, 0x5A, 0x66, 0x66, 0x66, 0x00, 0x00, 0x00, 0x00 },  /* 0x57 W */
    { 0x00, 0x00, 0x00, 0x63, 0x22, 0x14, 0x1C, 0x08, 0x14, 0x36, 0x22, 0x41, 0x00, 0x00, 0x00, 0x00 },  /* 0x58 X */
    { 0x00, 0x00, 0x00, 0x82, 0x44, 0x28, 0x28, 0x10, 0x10, 0x10, 0x10, 0x10, 0x00, 0x00, 0x00, 0x00 },  /* 0x59 Y */
    { 0x00, 0x00, 0x00, 0x7F, 0x03, 0x06, 0x04, 0x08, 0x10, 0x30, 0x60, 0x7F, 0x00, 0x00, 0x00, 0x00 },  /* 0x5A Z */
    { 0x00, 0x1C, 0x10, 0x10, 0x10, 0x10, 0x10, 0x10, 0x10, 0x10, 0x10, 0x10, 0x1C, 0x00, 0x00, 0x00 },  /* 0x5B [ */
    { 0x00, 0x00, 0x00, 0x40, 0x20, 0x20, 0x10, 0x10, 0x18, 0x08, 0x08, 0x04, 0x04, 0x02, 0x00, 0x00 },  /* 0x5C \ */
    { 0x00, 0x38, 0x08, 0x08, 0x08, 0x08, 0x08, 0x08, 0x08, 0x08, 0x08, 0x08, 0x38, 0x00, 0x00, 0x00 },  /* 0x5D ] */
    { 0x00, 0x00, 0x00, 0x10, 0x28, 0x44, 0xC6, 0x00, 0x00, 0x00, 0x00, 0x00, 0x00, 0x00, 0x00, 0x00 },  /* 0x5E ^ */
    { 0x00, 0x00, 0x00, 0x00, 0x00, 0x00, 0x00, 0x00, 0x00, 0x00, 0x00, 0x00, 0x00, 0x00, 0xFF, 0x00 },  /* 0x5F _ */
    { 0x00, 0x00, 0x10, 0x08, 0x00, 0x00, 0x00, 0x00, 0x00, 0x00, 0x00, 0x00, 0x00, 0x00, 0x00, 0x00 },  /* 0x60 ` */
    { 0x00, 0x00, 0x00, 0x00, 0x00, 0x1C, 0x22, 0x02, 0x3E, 0x42, 0x46, 0x3A, 0x00, 0x00, 0x00, 0x00 },  /* 0x61 a */
    { 0x00, 0x40, 0x40, 0x40, 0x40, 0x7C, 0x66, 0x42, 0x42, 0x42, 0x66, 0x7C, 0x00, 0x00, 0x00, 0x00 },  /* 0x62 b */
    { 0x00, 0x00, 0x00, 0x00, 0x00, 0x1C, 0x22, 0x40, 0x40, 0x40, 0x22, 0x1C, 0x00, 0x00, 0x00, 0x00 },  /* 0x63 c */
    { 0x00, 0x02, 0x02, 0x02, 0x02, 0x3E, 0x66, 0x42, 0x42, 0x42, 0x66, 0x3E, 0x00, 0x00, 0x00, 0x00 },  /* 0x64 d */
    { 0x00, 0x00, 0x00, 0x00, 0x00, 0x3C, 0x66, 0x42, 0x7E, 0x40, 0x62, 0x3C, 0x00, 0x00, 0x00, 0x00 },  /* 0x65 e */
    { 0x00, 0x0C, 0x10, 0x10, 0x10, 0x7C, 0x10, 0x10, 0x10, 0x10, 0x10, 0x10, 0x00, 0x00, 0x00, 0x00 },  /* 0x66 f */
    { 0x00, 0x00, 0x00, 0x00, 0x00, 0x3E, 0x66, 0x42, 0x42, 0x42, 0x66, 0x3A, 0x02, 0x22, 0x1C, 0x00 },  /* 0x67 g */
    { 0x00, 0x40, 0x40, 0x40, 0x40, 0x5C, 0x62, 0x42, 0x42, 0x42, 0x42, 0x42, 0x00, 0x00, 0x00, 0x00 },  /* 0x68 h */
    { 0x00, 0x10, 0x00, 0x00, 0x00, 0x70, 0x10, 0x10, 0x10, 0x10, 0x10, 0x7C, 0x00, 0x00, 0x00, 0x00 },  /* 0x69 i */
    { 0x00, 0x08, 0x00, 0x00, 0x00, 0x38, 0x08, 0x08, 0x08, 0x08, 0x08, 0x08, 0x08, 0x08, 0x70, 0x00 },  /* 0x6A j */
    { 0x00, 0x40, 0x40, 0x40, 0x40, 0x44, 0x48, 0x50, 0x70, 0x48, 0x44, 0x42, 0x00, 0x00, 0x00, 0x00 },  /* 0x6B k */
    { 0x00, 0x70, 0x10, 0x10, 0x10, 0x10, 0x10, 0x10, 0x10, 0x10, 0x10, 0x0E, 0x00, 0x00, 0x00, 0x00 },  /* 0x6C l */
    { 0x00, 0x00, 0x00, 0x00, 0x00, 0x7F, 0x49, 0x49, 0x49, 0x49, 0x49, 0x49, 0x00, 0x00, 0x00, 0x00 },  /* 0x6D m */
    { 0x00, 0x00, 0x00, 0x00, 0x00, 0x5C, 0x62, 0x42, 0x42, 0x42, 0x42, 0x42, 0x00, 0x00, 0x00, 0x00 },  /* 0x6E n */
    { 0x00, 0x00, 0x00, 0x00, 0x00, 0x3C, 0x66, 0x42, 0x42, 0x42, 0x66, 0x3C, 0x00, 0x00, 0x00, 0x00 },  /* 0x6F o */
    { 0x00, 0x00, 0x00, 0x00, 0x00, 0x7C, 0x66, 0x42, 0x42, 0x42, 0x66, 0x7C, 0x40, 0x40, 0x40, 0x00 },  /* 0x70 p */
    { 0x00, 0x00, 0x00, 0x00, 0x00, 0x3E, 0x66, 0x42, 0x42, 0x42, 0x66, 0x3A, 0x02, 0x02, 0x02, 0x00 },  /* 0x71 q */
    { 0x00, 0x00, 0x00, 0x00, 0x00, 0x3C, 0x32, 0x20, 0x20, 0x20, 0x20, 0x20, 0x00, 0x00, 0x00, 0x00 },  /* 0x72 r */
    { 0x00, 0x00, 0x00, 0x00, 0x00, 0x3C, 0x42, 0x40, 0x3C, 0x02, 0x42, 0x3C, 0x00, 0x00, 0x00, 0x00 },  /* 0x73 s */
    { 0x00, 0x00, 0x00, 0x10, 0x10, 0x7E, 0x10, 0x10, 0x10, 0x10, 0x10, 0x0E, 0x00, 0x00, 0x00, 0x00 },  /* 0x74 t */
    { 0x00, 0x00, 0x00, 0x00, 0x00, 0x42, 0x42, 0x42, 0x42, 0x42, 0x46, 0x3A, 0x00, 0x00, 0x00, 0x00 },  /* 0x75 u */
    { 0x00, 0x00, 0x00, 0x00, 0x00, 0x42, 0x66, 0x24, 0x24, 0x3C, 0x18, 0x18, 0x00, 0x00, 0x00, 0x00 },  /* 0x76 v */
    { 0x00, 0x00, 0x00, 0x00, 0x00, 0x81, 0x81, 0x5A, 0x5A, 0x5A, 0x24, 0x24, 0x00, 0x00, 0x00, 0x00 },  /* 0x77 w */
    { 0x00, 0x00, 0x00, 0x00, 0x00, 0x66, 0x24, 0x18, 0x18, 0x18, 0x24, 0x66, 0x00, 0x00, 0x00, 0x00 },  /* 0x78 x */
    { 0x00, 0x00, 0x00, 0x00, 0x00, 0x42, 0x22, 0x24, 0x24, 0x14, 0x18, 0x08, 0x08, 0x10, 0x30, 0x00 },  /* 0x79 y */
    { 0x00, 0x00, 0x00, 0x00, 0x00, 0x7E, 0x02, 0x04, 0x18, 0x20, 0x40, 0x7E, 0x00, 0x00, 0x00, 0x00 },  /* 0x7A z */
    { 0x00, 0x1C, 0x10, 0x10, 0x10, 0x10, 0x60, 0x10, 0x10, 0x10, 0x10, 0x10, 0x0C, 0x00, 0x00, 0x00 },  /* 0x7B { */
    { 0x00, 0x10, 0x10, 0x10, 0x10, 0x10, 0x10, 0x10, 0x10, 0x10, 0x10, 0x10, 0x10, 0x10, 0x00, 0x00 },  /* 0x7C | */
    { 0x00, 0x70, 0x10, 0x10, 0x10, 0x10, 0x0C, 0x10, 0x10, 0x10, 0x10, 0x10, 0x60, 0x00, 0x00, 0x00 },  /* 0x7D } */
    { 0x00, 0x00, 0x00, 0x00, 0x00, 0x00, 0x00, 0x39, 0x46, 0x00, 0x00, 0x00, 0x00, 0x00, 0x00, 0x00 },  /* 0x7E ~ */
    { 0x00, 0x00, 0x00, 0x7F, 0x41, 0x41, 0x41, 0x41, 0x41, 0x41, 0x41, 0x41, 0x41, 0x7F, 0x00, 0x00 },  /* 0x7F   */
    { 0x00, 0x00, 0x00, 0x7F, 0x41, 0x41, 0x41, 0x41, 0x41, 0x41, 0x41, 0x41, 0x41, 0x7F, 0x00, 0x00 },  /* 0x80   */
    { 0x00, 0x00, 0x00, 0x7F, 0x41, 0x41, 0x41, 0x41, 0x41, 0x41, 0x41, 0x41, 0x41, 0x7F, 0x00, 0x00 },  /* 0x81   */
    { 0x00, 0x00, 0x00, 0x7F, 0x41, 0x41, 0x41, 0x41, 0x41, 0x41, 0x41, 0x41, 0x41, 0x7F, 0x00, 0x00 },  /* 0x82   */
    { 0x00, 0x00, 0x00, 0x7F, 0x41, 0x41, 0x41, 0x41, 0x41, 0x41, 0x41, 0x41, 0x41, 0x7F, 0x00, 0x00 },  /* 0x83   */
    { 0x00, 0x00, 0x00, 0x7F, 0x41, 0x41, 0x41, 0x41, 0x41, 0x41, 0x41, 0x41, 0x41, 0x7F, 0x00, 0x00 },  /* 0x84   */
    { 0x00, 0x00, 0x00, 0x7F, 0x41, 0x41, 0x41, 0x41, 0x41, 0x41, 0x41, 0x41, 0x41, 0x7F, 0x00, 0x00 },  /* 0x85   */
    { 0x00, 0x00, 0x00, 0x7F, 0x41, 0x41, 0x41, 0x41, 0x41, 0x41, 0x41, 0x41, 0x41, 0x7F, 0x00, 0x00 },  /* 0x86   */
    { 0x00, 0x00, 0x00, 0x7F, 0x41, 0x41, 0x41, 0x41, 0x41, 0x41, 0x41, 0x41, 0x41, 0x7F, 0x00, 0x00 },  /* 0x87   */
    { 0x00, 0x00, 0x00, 0x7F, 0x41, 0x41, 0x41, 0x41, 0x41, 0x41, 0x41, 0x41, 0x41, 0x7F, 0x00, 0x00 },  /* 0x88   */
    { 0x00, 0x00, 0x00, 0x7F, 0x41, 0x41, 0x41, 0x41, 0x41, 0x41, 0x41, 0x41, 0x41, 0x7F, 0x00, 0x00 },  /* 0x89   */
    { 0x00, 0x00, 0x00, 0x7F, 0x41, 0x41, 0x41, 0x41, 0x41, 0x41, 0x41, 0x41, 0x41, 0x7F, 0x00, 0x00 },  /* 0x8A   */
    { 0x00, 0x00, 0x00, 0x7F, 0x41, 0x41, 0x41, 0x41, 0x41, 0x41, 0x41, 0x41, 0x41, 0x7F, 0x00, 0x00 },  /* 0x8B   */
    { 0x00, 0x00, 0x00, 0x7F, 0x41, 0x41, 0x41, 0x41, 0x41, 0x41, 0x41, 0x41, 0x41, 0x7F, 0x00, 0x00 },  /* 0x8C   */
    { 0x00, 0x00, 0x00, 0x7F, 0x41, 0x41, 0x41, 0x41, 0x41, 0x41, 0x41, 0x41, 0x41, 0x7F, 0x00, 0x00 },  /* 0x8D   */
    { 0x00, 0x00, 0x00, 0x7F, 0x41, 0x41, 0x41, 0x41, 0x41, 0x41, 0x41, 0x41, 0x41, 0x7F, 0x00, 0x00 },  /* 0x8E   */
    { 0x00, 0x00, 0x00, 0x7F, 0x41, 0x41, 0x41, 0x41, 0x41, 0x41, 0x41, 0x41, 0x41, 0x7F, 0x00, 0x00 },  /* 0x8F   */
    { 0x00, 0x00, 0x00, 0x7F, 0x41, 0x41, 0x41, 0x41, 0x41, 0x41, 0x41, 0x41, 0x41, 0x7F, 0x00, 0x00 },  /* 0x90   */
    { 0x00, 0x00, 0x00, 0x7F, 0x41, 0x41, 0x41, 0x41, 0x41, 0x41, 0x41, 0x41, 0x41, 0x7F, 0x00, 0x00 },  /* 0x91   */
    { 0x00, 0x00, 0x00, 0x7F, 0x41, 0x41, 0x41, 0x41, 0x41, 0x41, 0x41, 0x41, 0x41, 0x7F, 0x00, 0x00 },  /* 0x92   */
    { 0x00, 0x00, 0x00, 0x7F, 0x41, 0x41, 0x41, 0x41, 0x41, 0x41, 0x41, 0x41, 0x41, 0x7F, 0x00, 0x00 },  /* 0x93   */
    { 0x00, 0x00, 0x00, 0x7F, 0x41, 0x41, 0x41, 0x41, 0x41, 0x41, 0x41, 0x41, 0x41, 0x7F, 0x00, 0x00 },  /* 0x94   */
    { 0x00, 0x00, 0x00, 0x7F, 0x41, 0x41, 0x41, 0x41, 0x41, 0x41, 0x41, 0x41, 0x41, 0x7F, 0x00, 0x00 },  /* 0x95   */
    { 0x00, 0x00, 0x00, 0x7F, 0x41, 0x41, 0x41, 0x41, 0x41, 0x41, 0x41, 0x41, 0x41, 0x7F, 0x00, 0x00 },  /* 0x96   */
    { 0x00, 0x00, 0x00, 0x7F, 0x41, 0x41, 0x41, 0x41, 0x41, 0x41, 0x41, 0x41, 0x41, 0x7F, 0x00, 0x00 },  /* 0x97   */
    { 0x00, 0x00, 0x00, 0x7F, 0x41, 0x41, 0x41, 0x41, 0x41, 0x41, 0x41, 0x41, 0x41, 0x7F, 0x00, 0x00 },  /* 0x98   */
    { 0x00, 0x00, 0x00, 0x7F, 0x41, 0x41, 0x41, 0x41, 0x41, 0x41, 0x41, 0x41, 0x41, 0x7F, 0x00, 0x00 },  /* 0x99   */
    { 0x00, 0x00, 0x00, 0x7F, 0x41, 0x41, 0x41, 0x41, 0x41, 0x41, 0x41, 0x41, 0x41, 0x7F, 0x00, 0x00 },  /* 0x9A   */
    { 0x00, 0x00, 0x00, 0x7F, 0x41, 0x41, 0x41, 0x41, 0x41, 0x41, 0x41, 0x41, 0x41, 0x7F, 0x00, 0x00 },  /* 0x9B   */
    { 0x00, 0x00, 0x00, 0x7F, 0x41, 0x41, 0x41, 0x41, 0x41, 0x41, 0x41, 0x41, 0x41, 0x7F, 0x00, 0x00 },  /* 0x9C   */
    { 0x00, 0x00, 0x00, 0x7F, 0x41, 0x41, 0x41, 0x41, 0x41, 0x41, 0x41, 0x41, 0x41, 0x7F, 0x00, 0x00 },  /* 0x9D   */
    { 0x00, 0x00, 0x00, 0x7F, 0x41, 0x41, 0x41, 0x41, 0x41, 0x41, 0x41, 0x41, 0x41, 0x7F, 0x00, 0x00 },  /* 0x9E   */
    { 0x00, 0x00, 0x00, 0x7F, 0x41, 0x41, 0x41, 0x41, 0x41, 0x41, 0x41, 0x41, 0x41, 0x7F, 0x00, 0x00 },  /* 0x9F   */
    { 0x00, 0x00, 0x00, 0x00, 0x00, 0x00, 0x00, 0x00, 0x00, 0x00, 0x00, 0x00, 0x00, 0x00, 0x00, 0x00 },  /* 0xA0   */
    { 0x00, 0x00, 0x00, 0x00, 0x00, 0x10, 0x10, 0x00, 0x10, 0x10, 0x10, 0x10, 0x10, 0x10, 0x00, 0x00 },  /* 0xA1   */
    { 0x00, 0x00, 0x00, 0x10, 0x10, 0x38, 0x54, 0x50, 0x50, 0x50, 0x54, 0x38, 0x10, 0x10, 0x00, 0x00 },  /* 0xA2   */
    { 0x00, 0x00, 0x00, 0x1C, 0x20, 0x20, 0x20, 0x78, 0x20, 0x20, 0x20, 0xFC, 0x00, 0x00, 0x00, 0x00 },  /* 0xA3   */
    { 0x00, 0x00, 0x00, 0x00, 0x00, 0x42, 0x3C, 0x24, 0x24, 0x3C, 0x42, 0x00, 0x00, 0x00, 0x00, 0x00 },  /* 0xA4   */
    { 0x00, 0x00, 0x00, 0x82, 0x44, 0x28, 0xEE, 0x10, 0xFE, 0x10, 0x10, 0x10, 0x00, 0x00, 0x00, 0x00 },  /* 0xA5   */
    { 0x00, 0x00, 0x00, 0x10, 0x10, 0x10, 0x10, 0x10, 0x00, 0x00, 0x10, 0x10, 0x10, 0x10, 0x10, 0x00 },  /* 0xA6   */
    { 0x00, 0x00, 0x00, 0x3C, 0x40, 0x60, 0x58, 0x4C, 0x64, 0x34, 0x0C, 0x04, 0x78, 0x00, 0x00, 0x00 },  /* 0xA7   */
    { 0x00, 0x00, 0x28, 0x00, 0x00, 0x00, 0x00, 0x00, 0x00, 0x00, 0x00, 0x00, 0x00, 0x00, 0x00, 0x00 },  /* 0xA8   */
    { 0x00, 0x00, 0x00, 0x3C, 0x42, 0x9D, 0xA1, 0xA1, 0x9D, 0x42, 0x3C, 0x00, 0x00, 0x00, 0x00, 0x00 },  /* 0xA9   */
    { 0x00, 0x00, 0x00, 0x3C, 0x02, 0x1E, 0x22, 0x3E, 0x00, 0x3E, 0x00, 0x00, 0x00, 0x00, 0x00, 0x00 },  /* 0xAA   */
    { 0x00, 0x00, 0x00, 0x00, 0x00, 0x12, 0x36, 0x6C, 0x6C, 0x36, 0x12, 0x00, 0x00, 0x00, 0x00, 0x00 },  /* 0xAB   */
    { 0x00, 0x00, 0x00, 0x00, 0x00, 0x00, 0x00, 0x7F, 0x01, 0x01, 0x00, 0x00, 0x00, 0x00, 0x00, 0x00 },  /* 0xAC   */
    { 0x00, 0x00, 0x00, 0x00, 0x00, 0x00, 0x00, 0x00, 0x00, 0x00, 0x00, 0x00, 0x00, 0x00, 0x00, 0x00 },  /* 0xAD   */
    { 0x00, 0x00, 0x00, 0x3C, 0x42, 0xBD, 0xA5, 0xB9, 0xAD, 0x42, 0x3C, 0x00, 0x00, 0x00, 0x00, 0x00 },  /* 0xAE   */
    { 0x00, 0x00, 0x3C, 0x00, 0x00, 0x00, 0x00, 0x00, 0x00, 0x00, 0x00, 0x00, 0x00, 0x00, 0x00, 0x00 },  /* 0xAF   */
    { 0x00, 0x00, 0x00, 0x18, 0x24, 0x24, 0x18, 0x00, 0x00, 0x00, 0x00, 0x00, 0x00, 0x00, 0x00, 0x00 },  /* 0xB0   */
    { 0x00, 0x00, 0x00, 0x00, 0x00, 0x10, 0x10, 0xFE, 0x10, 0x10, 0x00, 0xFE, 0x00, 0x00, 0x00, 0x00 },  /* 0xB1   */
    { 0x00, 0x00, 0x00, 0x3C, 0x04, 0x08, 0x10, 0x3C, 0x00, 0x00, 0x00, 0x00, 0x00, 0x00, 0x00, 0x00 },  /* 0xB2   */
    { 0x00, 0x00, 0x00, 0x3C, 0x04, 0x18, 0x04, 0x3C, 0x00, 0x00, 0x00, 0x00, 0x00, 0x00, 0x00, 0x00 },  /* 0xB3   */
    { 0x00, 0x00, 0x08, 0x10, 0x00, 0x00, 0x00, 0x00, 0x00, 0x00, 0x00, 0x00, 0x00, 0x00, 0x00, 0x00 },  /* 0xB4   */
    { 0x00, 0x00, 0x00, 0x00, 0x00, 0x42, 0x42, 0x42, 0x42, 0x42, 0x46, 0x7F, 0x40, 0x40, 0x40, 0x00 },  /* 0xB5   */
    { 0x00, 0x00, 0x00, 0x3F, 0x7D, 0x7D, 0x7D, 0x1D, 0x05, 0x05, 0x05, 0x05, 0x05, 0x00, 0x00, 0x00 },  /* 0xB6   */
    { 0x00, 0x00, 0x00, 0x00, 0x00, 0x00, 0x00, 0x18, 0x18, 0x00, 0x00, 0x00, 0x00, 0x00, 0x00, 0x00 },  /* 0xB7   */
    { 0x00, 0x00, 0x00, 0x00, 0x00, 0x00, 0x00, 0x00, 0x00, 0x00, 0x00, 0x00, 0x08, 0x08, 0x38, 0x00 },  /* 0xB8   */
    { 0x00, 0x00, 0x00, 0x18, 0x08, 0x08, 0x08, 0x1C, 0x00, 0x00, 0x00, 0x00, 0x00, 0x00, 0x00, 0x00 },  /* 0xB9   */
    { 0x00, 0x00, 0x00, 0x1C, 0x22, 0x22, 0x22, 0x1C, 0x00, 0x3E, 0x00, 0x00, 0x00, 0x00, 0x00, 0x00 },  /* 0xBA   */
    { 0x00, 0x00, 0x00, 0x00, 0x00, 0x48, 0x6C, 0x36, 0x36, 0x6C, 0x48, 0x00, 0x00, 0x00, 0x00, 0x00 },  /* 0xBB   */
    { 0x00, 0x00, 0x60, 0x20, 0x20, 0x20, 0x76, 0x38, 0xC0, 0x04, 0x0C, 0x14, 0x1E, 0x04, 0x00, 0x00 },  /* 0xBC   */
    { 0x00, 0x00, 0x60, 0x20, 0x20, 0x20, 0x76, 0x38, 0xC0, 0x1E, 0x02, 0x04, 0x08, 0x1E, 0x00, 0x00 },  /* 0xBD   */
    { 0x00, 0x00, 0x78, 0x08, 0x30, 0x08, 0x7E, 0x38, 0xC0, 0x04, 0x0C, 0x14, 0x1E, 0x04, 0x00, 0x00 },  /* 0xBE   */
    { 0x00, 0x00, 0x00, 0x00, 0x00, 0x10, 0x10, 0x00, 0x10, 0x10, 0x30, 0x60, 0x40, 0x44, 0x38, 0x00 },  /* 0xBF   */
    { 0x10, 0x08, 0x00, 0x08, 0x14, 0x14, 0x14, 0x22, 0x22, 0x3E, 0x63, 0x41, 0x00, 0x00, 0x00, 0x00 },  /* 0xC0   */
    { 0x04, 0x08, 0x00, 0x08, 0x14, 0x14, 0x14, 0x22, 0x22, 0x3E, 0x63, 0x41, 0x00, 0x00, 0x00, 0x00 },  /* 0xC1   */
    { 0x08, 0x14, 0x00, 0x08, 0x14, 0x14, 0x14, 0x22, 0x22, 0x3E, 0x63, 0x41, 0x00, 0x00, 0x00, 0x00 },  /* 0xC2   */
    { 0x3A, 0x2E, 0x00, 0x08, 0x14, 0x14, 0x14, 0x22, 0x22, 0x3E, 0x63, 0x41, 0x00, 0x00, 0x00, 0x00 },  /* 0xC3   */
    { 0x00, 0x14, 0x00, 0x08, 0x14, 0x14, 0x14, 0x22, 0x22, 0x3E, 0x63, 0x41, 0x00, 0x00, 0x00, 0x00 },  /* 0xC4   */
    { 0x1C, 0x14, 0x14, 0x08, 0x08, 0x14, 0x14, 0x14, 0x22, 0x3E, 0x22, 0x41, 0x00, 0x00, 0x00, 0x00 },  /* 0xC5   */
    { 0x00, 0x00, 0x00, 0x3E, 0x28, 0x28, 0x28, 0x4E, 0x48, 0x78, 0x88, 0x8E, 0x00, 0x00, 0x00, 0x00 },  /* 0xC6   */
    { 0x00, 0x00, 0x00, 0x1E, 0x21, 0x40, 0x40, 0x40, 0x40, 0x40, 0x21, 0x1E, 0x04, 0x04, 0x1C, 0x00 },  /* 0xC7   */
    { 0x20, 0x10, 0x00, 0x7F, 0x40, 0x40, 0x40, 0x7F, 0x40, 0x40, 0x40, 0x7F, 0x00, 0x00, 0x00, 0x00 },  /* 0xC8   */
    { 0x08, 0x10, 0x00, 0x7F, 0x40, 0x40, 0x40, 0x7F, 0x40, 0x40, 0x40, 0x7F, 0x00, 0x00, 0x00, 0x00 },  /* 0xC9   */
    { 0x18, 0x24, 0x00, 0x7F, 0x40, 0x40, 0x40, 0x7F, 0x40, 0x40, 0x40, 0x7F, 0x00, 0x00, 0x00, 0x00 },  /* 0xCA   */
    { 0x00, 0x14, 0x00, 0x7F, 0x40, 0x40, 0x40, 0x7F, 0x40, 0x40, 0x40, 0x7F, 0x00, 0x00, 0x00, 0x00 },  /* 0xCB   */
    { 0x20, 0x10, 0x00, 0x7C, 0x10, 0x10, 0x10, 0x10, 0x10, 0x10, 0x10, 0x7C, 0x00, 0x00, 0x00, 0x00 },  /* 0xCC   */
    { 0x08, 0x10, 0x00, 0x7C, 0x10, 0x10, 0x10, 0x10, 0x10, 0x10, 0x10, 0x7C, 0x00, 0x00, 0x00, 0x00 },  /* 0xCD   */
    { 0x10, 0x28, 0x00, 0x7C, 0x10, 0x10, 0x10, 0x10, 0x10, 0x10, 0x10, 0x7C, 0x00, 0x00, 0x00, 0x00 },  /* 0xCE   */
    { 0x00, 0x28, 0x00, 0x7C, 0x10, 0x10, 0x10, 0x10, 0x10, 0x10, 0x10, 0x7C, 0x00, 0x00, 0x00, 0x00 },  /* 0xCF   */
    { 0x00, 0x00, 0x00, 0x7C, 0x42, 0x41, 0x41, 0xF1, 0x41, 0x41, 0x42, 0x7C, 0x00, 0x00, 0x00, 0x00 },  /* 0xD0   */
    { 0x3A, 0x2E, 0x00, 0x61, 0x61, 0x51, 0x51, 0x49, 0x45, 0x45, 0x43, 0x43, 0x00, 0x00, 0x00, 0x00 },  /* 0xD1   */
    { 0x10, 0x08, 0x00, 0x1C, 0x22, 0x41, 0x41, 0x41, 0x41, 0x41, 0x22, 0x1C, 0x00, 0x00, 0x00, 0x00 },  /* 0xD2   */
    { 0x04, 0x08, 0x00, 0x1C, 0x22, 0x41, 0x41, 0x41, 0x41, 0x41, 0x22, 0x1C, 0x00, 0x00, 0x00, 0x00 },  /* 0xD3   */
    { 0x08, 0x14, 0x00, 0x1C, 0x22, 0x41, 0x41, 0x41, 0x41, 0x41, 0x22, 0x1C, 0x00, 0x00, 0x00, 0x00 },  /* 0xD4   */
    { 0x3A, 0x2E, 0x00, 0x1C, 0x22, 0x41, 0x41, 0x41, 0x41, 0x41, 0x22, 0x1C, 0x00, 0x00, 0x00, 0x00 },  /* 0xD5   */
    { 0x00, 0x14, 0x00, 0x1C, 0x22, 0x41, 0x41, 0x41, 0x41, 0x41, 0x22, 0x1C, 0x00, 0x00, 0x00, 0x00 },  /* 0xD6   */
    { 0x00, 0x00, 0x00, 0x00, 0x00, 0x42, 0x24, 0x18, 0x18, 0x24, 0x42, 0x00, 0x00, 0x00, 0x00, 0x00 },  /* 0xD7   */
    { 0x00, 0x00, 0x1F, 0x23, 0x43, 0x45, 0x49, 0x51, 0x61, 0x62, 0xBC, 0x00, 0x00, 0x00, 0x00, 0x00 },  /* 0xD8   */
    { 0x10, 0x08, 0x00, 0x41, 0x41, 0x41, 0x41, 0x41, 0x41, 0x41, 0x41, 0x3E, 0x00, 0x00, 0x00, 0x00 },  /* 0xD9   */
    { 0x04, 0x08, 0x00, 0x41, 0x41, 0x41, 0x41, 0x41, 0x41, 0x41, 0x41, 0x3E, 0x00, 0x00, 0x00, 0x00 },  /* 0xDA   */
    { 0x08, 0x14, 0x00, 0x41, 0x41, 0x41, 0x41, 0x41, 0x41, 0x41, 0x41, 0x3E, 0x00, 0x00, 0x00, 0x00 },  /* 0xDB   */
    { 0x00, 0x14, 0x00, 0x41, 0x41, 0x41, 0x41, 0x41, 0x41, 0x41, 0x41, 0x3E, 0x00, 0x00, 0x00, 0x00 },  /* 0xDC   */
    { 0x08, 0x10, 0x00, 0x82, 0x44, 0x28, 0x28, 0x10, 0x10, 0x10, 0x10, 0x10, 0x00, 0x00, 0x00, 0x00 },  /* 0xDD   */
    { 0x00, 0x00, 0x00, 0x40, 0x7E, 0x43, 0x41, 0x43, 0x7E, 0x40, 0x40, 0x40, 0x00, 0x00, 0x00, 0x00 },  /* 0xDE   */
    { 0x00, 0x38, 0x44, 0x44, 0x48, 0x50, 0x50, 0x5C, 0x46, 0x42, 0x42, 0x5C, 0x00, 0x00, 0x00, 0x00 },  /* 0xDF   */
    { 0x00, 0x00, 0x10, 0x08, 0x00, 0x1C, 0x22, 0x02, 0x3E, 0x42, 0x46, 0x3A, 0x00, 0x00, 0x00, 0x00 },  /* 0xE0   */
    { 0x00, 0x00, 0x08, 0x10, 0x00, 0x1C, 0x22, 0x02, 0x3E, 0x42, 0x46, 0x3A, 0x00, 0x00, 0x00, 0x00 },  /* 0xE1   */
    { 0x00, 0x00, 0x18, 0x24, 0x00, 0x1C, 0x22, 0x02, 0x3E, 0x42, 0x46, 0x3A, 0x00, 0x00, 0x00, 0x00 },  /* 0xE2   */
    { 0x00, 0x00, 0x34, 0x2C, 0x00, 0x1C, 0x22, 0x02, 0x3E, 0x42, 0x46, 0x3A, 0x00, 0x00, 0x00, 0x00 },  /* 0xE3   */
    { 0x00, 0x00, 0x28, 0x00, 0x00, 0x1C, 0x22, 0x02, 0x3E, 0x42, 0x46, 0x3A, 0x00, 0x00, 0x00, 0x00 },  /* 0xE4   */
    { 0x18, 0x24, 0x24, 0x18, 0x00, 0x1C, 0x22, 0x02, 0x3E, 0x42, 0x46, 0x3A, 0x00, 0x00, 0x00, 0x00 },  /* 0xE5   */
    { 0x00, 0x00, 0x00, 0x00, 0x00, 0x6C, 0x12, 0x12, 0x7E, 0x50, 0x50, 0x6E, 0x00, 0x00, 0x00, 0x00 },  /* 0xE6   */
    { 0x00, 0x00, 0x00, 0x00, 0x00, 0x1C, 0x22, 0x40, 0x40, 0x40, 0x22, 0x1C, 0x04, 0x04, 0x1C, 0x00 },  /* 0xE7   */
    { 0x00, 0x00, 0x10, 0x08, 0x00, 0x3C, 0x66, 0x42, 0x7E, 0x40, 0x62, 0x3C, 0x00, 0x00, 0x00, 0x00 },  /* 0xE8   */
    { 0x00, 0x00, 0x08, 0x10, 0x00, 0x3C, 0x66, 0x42, 0x7E, 0x40, 0x62, 0x3C, 0x00, 0x00, 0x00, 0x00 },  /* 0xE9   */
    { 0x00, 0x00, 0x18, 0x24, 0x00, 0x3C, 0x66, 0x42, 0x7E, 0x40, 0x62, 0x3C, 0x00, 0x00, 0x00, 0x00 },  /* 0xEA   */
    { 0x00, 0x00, 0x48, 0x00, 0x00, 0x3C, 0x66, 0x42, 0x7E, 0x40, 0x62, 0x3C, 0x00, 0x00, 0x00, 0x00 },  /* 0xEB   */
    { 0x00, 0x00, 0x10, 0x08, 0x00, 0x70, 0x10, 0x10, 0x10, 0x10, 0x10, 0x7C, 0x00, 0x00, 0x00, 0x00 },  /* 0xEC   */
    { 0x00, 0x00, 0x08, 0x10, 0x00, 0x70, 0x10, 0x10, 0x10, 0x10, 0x10, 0x7C, 0x00, 0x00, 0x00, 0x00 },  /* 0xED   */
    { 0x00, 0x00, 0x30, 0x48, 0x00, 0x70, 0x10, 0x10, 0x10, 0x10, 0x10, 0x7C, 0x00, 0x00, 0x00, 0x00 },  /* 0xEE   */
    { 0x00, 0x00, 0x28, 0x00, 0x00, 0x70, 0x10, 0x10, 0x10, 0x10, 0x10, 0x7C, 0x00, 0x00, 0x00, 0x00 },  /* 0xEF   */
    { 0x00, 0x30, 0x1C, 0x38, 0x04, 0x3C, 0x66, 0x42, 0x42, 0x42, 0x66, 0x3C, 0x00, 0x00, 0x00, 0x00 },  /* 0xF0   */
    { 0x00, 0x00, 0x34, 0x2C, 0x00, 0x5C, 0x62, 0x42, 0x42, 0x42, 0x42, 0x42, 0x00, 0x00, 0x00, 0x00 },  /* 0xF1   */
    { 0x00, 0x00, 0x10, 0x08, 0x00, 0x3C, 0x66, 0x42, 0x42, 0x42, 0x66, 0x3C, 0x00, 0x00, 0x00, 0x00 },  /* 0xF2   */
    { 0x00, 0x00, 0x08, 0x10, 0x00, 0x3C, 0x66, 0x42, 0x42, 0x42, 0x66, 0x3C, 0x00, 0x00, 0x00, 0x00 },  /* 0xF3   */
    { 0x00, 0x00, 0x18, 0x24, 0x00, 0x3C, 0x66, 0x42, 0x42, 0x42, 0x66, 0x3C, 0x00, 0x00, 0x00, 0x00 },  /* 0xF4   */
    { 0x00, 0x00, 0x34, 0x2C, 0x00, 0x3C, 0x66, 0x42, 0x42, 0x42, 0x66, 0x3C, 0x00, 0x00, 0x00, 0x00 },  /* 0xF5   */
    { 0x00, 0x00, 0x24, 0x00, 0x00, 0x3C, 0x66, 0x42, 0x42, 0x42, 0x66, 0x3C, 0x00, 0x00, 0x00, 0x00 },  /* 0xF6   */
    { 0x00, 0x00, 0x00, 0x00, 0x18, 0x18, 0x00, 0xFF, 0x00, 0x18, 0x18, 0x00, 0x00, 0x00, 0x00, 0x00 },  /* 0xF7   */
    { 0x00, 0x00, 0x00, 0x00, 0x3E, 0x66, 0x4E, 0x5A, 0x72, 0x66, 0x7C, 0x00, 0x00, 0x00, 0x00, 0x00 },  /* 0xF8   */
    { 0x00, 0x00, 0x10, 0x08, 0x00, 0x42, 0x42, 0x42, 0x42, 0x42, 0x46, 0x3A, 0x00, 0x00, 0x00, 0x00 },  /* 0xF9   */
    { 0x00, 0x00, 0x08, 0x10, 0x00, 0x42, 0x42, 0x42, 0x42, 0x42, 0x46, 0x3A, 0x00, 0x00, 0x00, 0x00 },  /* 0xFA   */
    { 0x00, 0x00, 0x18, 0x24, 0x00, 0x42, 0x42, 0x42, 0x42, 0x42, 0x46, 0x3A, 0x00, 0x00, 0x00, 0x00 },  /* 0xFB   */
    { 0x00, 0x00, 0x24, 0x00, 0x00, 0x42, 0x42, 0x42, 0x42, 0x42, 0x46, 0x3A, 0x00, 0x00, 0x00, 0x00 },  /* 0xFC   */
    { 0x00, 0x00, 0x08, 0x10, 0x00, 0x42, 0x22, 0x24, 0x24, 0x14, 0x18, 0x08, 0x08, 0x10, 0x30, 0x00 },  /* 0xFD   */
    { 0x00, 0x40, 0x40, 0x40, 0x40, 0x7C, 0x66, 0x42, 0x42, 0x42, 0x66, 0x7C, 0x40, 0x40, 0x40, 0x00 },  /* 0xFE   */
    { 0x00, 0x00, 0x28, 0x00, 0x00, 0x42, 0x22, 0x24, 0x24, 0x14, 0x18, 0x08, 0x08, 0x10, 0x30, 0x00 },  /* 0xFF   */
};

static const uint8_t glyphs_liberation[FONT_GLYPHS][FONT_HEIGHT] = {
    { 0x00, 0x00, 0x00, 0x00, 0x00, 0x00, 0x00, 0x00, 0x00, 0x00, 0x00, 0x00, 0x00, 0x00, 0x00, 0x00 },  /* 0x20   */
    { 0x00, 0x00, 0x00, 0x18, 0x18, 0x18, 0x18, 0x18, 0x10, 0x00, 0x00, 0x18, 0x00, 0x00, 0x00, 0x00 },  /* 0x21 ! */
    { 0x00, 0x00, 0x24, 0x24, 0x24, 0x24, 0x00, 0x00, 0x00, 0x00, 0x00, 0x00, 0x00, 0x00, 0x00, 0x00 },  /* 0x22 " */
    { 0x00, 0x00, 0x00, 0x12, 0x24, 0x7F, 0x24, 0x24, 0xFE, 0x48, 0x48, 0x48, 0x00, 0x00, 0x00, 0x00 },  /* 0x23 # */
    { 0x00, 0x00, 0x08, 0x3C, 0x4A, 0x48, 0x48, 0x3C, 0x0A, 0x0A, 0x4A, 0x7C, 0x08, 0x00, 0x00, 0x00 },  /* 0x24 $ */
    { 0x00, 0x00, 0x00, 0xE2, 0x92, 0x94, 0xE8, 0x08, 0x17, 0x29, 0x49, 0x47, 0x00, 0x00, 0x00, 0x00 },  /* 0x25 % */
    { 0x00, 0x00, 0x00, 0x3C, 0x24, 0x24, 0x38, 0x72, 0xD2, 0x8C, 0xC4, 0x7B, 0x00, 0x00, 0x00, 0x00 },  /* 0x26 & */
    { 0x00, 0x00, 0x18, 0x18, 0x18, 0x10, 0x00, 0x00, 0x00, 0x00, 0x00, 0x00, 0x00, 0x00, 0x00, 0x00 },  /* 0x27 ' */
    { 0x00, 0x00, 0x08, 0x08, 0x10, 0x10, 0x30, 0x20, 0x20, 0x20, 0x30, 0x10, 0x10, 0x08, 0x08, 0x00 },  /* 0x28 ( */
    { 0x00, 0x00, 0x10, 0x10, 0x08, 0x08, 0x0C, 0x04, 0x04, 0x04, 0x0C, 0x08, 0x08, 0x10, 0x10, 0x00 },  /* 0x29 ) */
    { 0x00, 0x00, 0x10, 0x34, 0x18, 0x18, 0x24, 0x00, 0x00, 0x00, 0x00, 0x00, 0x00, 0x00, 0x00, 0x00 },  /* 0x2A * */
    { 0x00, 0x00, 0x00, 0x00, 0x00, 0x10, 0x10, 0x7E, 0x10, 0x10, 0x00, 0x00, 0x00, 0x00, 0x00, 0x00 },  /* 0x2B + */
    { 0x00, 0x00, 0x00, 0x00, 0x00, 0x00, 0x00, 0x00, 0x00, 0x00, 0x10, 0x30, 0x20, 0x20, 0x00, 0x00 },  /* 0x2C , */
    { 0x00, 0x00, 0x00, 0x00, 0x00, 0x00, 0x00, 0x00, 0x3C, 0x00, 0x00, 0x00, 0x00, 0x00, 0x00, 0x00 },  /* 0x2D - */
    { 0x00, 0x00, 0x00, 0x00, 0x00, 0x00, 0x00, 0x00, 0x00, 0x00, 0x18, 0x18, 0x00, 0x00, 0x00, 0x00 },  /* 0x2E . */
    { 0x00, 0x00, 0x02, 0x04, 0x04, 0x08, 0x08, 0x10, 0x10, 0x20, 0x20, 0x40, 0x00, 0x00, 0x00, 0x00 },  /* 0x2F / */
    { 0x00, 0x00, 0x00, 0x3C, 0x66, 0x42, 0x42, 0x5A, 0x42, 0x42, 0x66, 0x3C, 0x00, 0x00, 0x00, 0x00 },  /* 0x30 0 */
    { 0x00, 0x00, 0x00, 0x18, 0x68, 0x08, 0x08, 0x08, 0x08, 0x08, 0x08, 0x7E, 0x00, 0x00, 0x00, 0x00 },  /* 0x31 1 */
    { 0x00, 0x00, 0x00, 0x3C, 0x46, 0x02, 0x06, 0x0C, 0x18, 0x30, 0x60, 0x7E, 0x00, 0x00, 0x00, 0x00 },  /* 0x32 2 */
    { 0x00, 0x00, 0x00, 0x3C, 0x46, 0x02, 0x06, 0x18, 0x06, 0x02, 0x42, 0x3C, 0x00, 0x00, 0x00, 0x00 },  /* 0x33 3 */
    { 0x00, 0x00, 0x00, 0x0C, 0x0C, 0x14, 0x24, 0x24, 0x44, 0x7E, 0x04, 0x04, 0x00, 0x00, 0x00, 0x00 },  /* 0x34 4 */
    { 0x00, 0x00, 0x00, 0x7E, 0x40, 0x40, 0x5C, 0x66, 0x02, 0x02, 0x46, 0x3C, 0x00, 0x00, 0x00, 0x00 },  /* 0x35 5 */
    { 0x00, 0x00, 0x00, 0x1C, 0x22, 0x40, 0x5C, 0x66, 0x42, 0x42, 0x26, 0x3C, 0x00, 0x00, 0x00, 0x00 },  /* 0x36 6 */
    { 0x00, 0x00, 0x00, 0x7E, 0x02, 0x04, 0x08, 0x08, 0x18, 0x10, 0x10, 0x10, 0x00, 0x00, 0x00, 0x00 },  /* 0x37 7 */
    { 0x00, 0x00, 0x00, 0x3C, 0x66, 0x42, 0x66, 0x18, 0x66, 0x42, 0x42, 0x3C, 0x00, 0x00, 0x00, 0x00 },  /* 0x38 8 */
    { 0x00, 0x00, 0x00, 0x3C, 0x66, 0x42, 0x42, 0x66, 0x3A, 0x02, 0x44, 0x38, 0x00, 0x00, 0x00, 0x00 },  /* 0x39 9 */
    { 0x00, 0x00, 0x00, 0x00, 0x00, 0x18, 0x18, 0x00, 0x00, 0x00, 0x18, 0x18, 0x00, 0x00, 0x00, 0x00 },  /* 0x3A : */
    { 0x00, 0x00, 0x00, 0x00, 0x00, 0x18, 0x18, 0x00, 0x00, 0x00, 0x18, 0x10, 0x10, 0x20, 0x00, 0x00 },  /* 0x3B ; */
    { 0x00, 0x00, 0x00, 0x00, 0x02, 0x0C, 0x30, 0x40, 0x30, 0x0C, 0x02, 0x00, 0x00, 0x00, 0x00, 0x00 },  /* 0x3C < */
    { 0x00, 0x00, 0x00, 0x00, 0x00, 0x00, 0x7E, 0x00, 0x00, 0x7E, 0x00, 0x00, 0x00, 0x00, 0x00, 0x00 },  /* 0x3D = */
    { 0x00, 0x00, 0x00, 0x00, 0x40, 0x30, 0x0C, 0x02, 0x0C, 0x30, 0x40, 0x00, 0x00, 0x00, 0x00, 0x00 },  /* 0x3E > */
    { 0x00, 0x00, 0x00, 0x3C, 0x46, 0x42, 0x02, 0x04, 0x18, 0x10, 0x00, 0x10, 0x00, 0x00, 0x00, 0x00 },  /* 0x3F ? */
    { 0x00, 0x00, 0x1C, 0x22, 0x42, 0x5D, 0xA5, 0xA5, 0xA5, 0xAA, 0xB6, 0x40, 0x42, 0x3C, 0x00, 0x00 },  /* 0x40 @ */
    { 0x00, 0x00, 0x00, 0x18, 0x18, 0x24, 0x24, 0x24, 0x7E, 0x42, 0x42, 0x81, 0x00, 0x00, 0x00, 0x00 },  /* 0x41 A */
    { 0x00, 0x00, 0x00, 0x7C, 0x46, 0x42, 0x46, 0x7C, 0x42, 0x42, 0x42, 0x7C, 0x00, 0x00, 0x00, 0x00 },  /* 0x42 B */
    { 0x00, 0x00, 0x00, 0x1C, 0x66, 0x42, 0x40, 0x40, 0x40, 0x42, 0x22, 0x1C, 0x00, 0x00, 0x00, 0x00 },  /* 0x43 C */
    { 0x00, 0x00, 0x00, 0x78, 0x46, 0x42, 0x42, 0x42, 0x42, 0x42, 0x46, 0x7C, 0x00, 0x00, 0x00, 0x00 },  /* 0x44 D */
    { 0x00, 0x00, 0x00, 0x7E, 0x40, 0x40, 0x40, 0x7E, 0x40, 0x40, 0x40, 0x7E, 0x00, 0x00, 0x00, 0x00 },  /* 0x45 E */
    { 0x00, 0x00, 0x00, 0x7E, 0x40, 0x40, 0x40, 0x7E, 0x40, 0x40, 0x40, 0x40, 0x00, 0x00, 0x00, 0x00 },  /* 0x46 F */
    { 0x00, 0x00, 0x00, 0x1C, 0x62, 0x40, 0x40, 0x4E, 0x42, 0x42, 0x62, 0x3C, 0x00, 0x00, 0x00, 0x00 },  /* 0x47 G */
    { 0x00, 0x00, 0x00, 0x42, 0x42, 0x42, 0x42, 0x7E, 0x42, 0x42, 0x42, 0x42, 0x00, 0x00, 0x00, 0x00 },  /* 0x48 H */
    { 0x00, 0x00, 0x00, 0x7E, 0x18, 0x18, 0x18, 0x18, 0x18, 0x18, 0x18, 0x7E, 0x00, 0x00, 0x00, 0x00 },  /* 0x49 I */
    { 0x00, 0x00, 0x00, 0x1C, 0x04, 0x04, 0x04, 0x04, 0x04, 0x44, 0x64, 0x38, 0x00, 0x00, 0x00, 0x00 },  /* 0x4A J */
    { 0x00, 0x00, 0x00, 0x42, 0x44, 0x48, 0x50, 0x78, 0x48, 0x44, 0x42, 0x43, 0x00, 0x00, 0x00, 0x00 },  /* 0x4B K */
    { 0x00, 0x00, 0x00, 0x20, 0x20, 0x20, 0x20, 0x20, 0x20, 0x20, 0x20, 0x3E, 0x00, 0x00, 0x00, 0x00 },  /* 0x4C L */
    { 0x00, 0x00, 0x00, 0x62, 0x66, 0x66, 0x5A, 0x5A, 0x5A, 0x42, 0x42, 0x42, 0x00, 0x00, 0x00, 0x00 },  /* 0x4D M */
    { 0x00, 0x00, 0x00, 0x62, 0x62, 0x52, 0x52, 0x5A, 0x4A, 0x4A, 0x46, 0x46, 0x00, 0x00, 0x00, 0x00 },  /* 0x4E N */
    { 0x00, 0x00, 0x00, 0x3C, 0x66, 0x42, 0x42, 0x42, 0x42, 0x42, 0x66, 0x3C, 0x00, 0x00, 0x00, 0x00 },  /* 0x4F O */
    { 0x00, 0x00, 0x00, 0x7C, 0x42, 0x42, 0x42, 0x46, 0x7C, 0x40, 0x40, 0x40, 0x00, 0x00, 0x00, 0x00 },  /* 0x50 P */
    { 0x00, 0x00, 0x00, 0x3C, 0x66, 0x42, 0x42, 0x42, 0x42, 0x42, 0x66, 0x3C, 0x08, 0x06, 0x00, 0x00 },  /* 0x51 Q */
    { 0x00, 0x00, 0x00, 0x7C, 0x42, 0x42, 0x42, 0x7C, 0x48, 0x44, 0x46, 0x42, 0x00, 0x00, 0x00, 0x00 },  /* 0x52 R */
    { 0x00, 0x00, 0x00, 0x3C, 0x42, 0x40, 0x60, 0x1C, 0x02, 0x02, 0x42, 0x3C, 0x00, 0x00, 0x00, 0x00 },  /* 0x53 S */
    { 0x00, 0x00, 0x00, 0x7E, 0x18, 0x18, 0x18, 0x18, 0x18, 0x18, 0x18, 0x18, 0x00, 0x00, 0x00, 0x00 },  /* 0x54 T */
    { 0x00, 0x00, 0x00, 0x42, 0x42, 0x42, 0x42, 0x42, 0x42, 0x42, 0x66, 0x3C, 0x00, 0x00, 0x00, 0x00 },  /* 0x55 U */
    { 0x00, 0x00, 0x00, 0xC3, 0x42, 0x42, 0x42, 0x24, 0x24, 0x24, 0x18, 0x18, 0x00, 0x00, 0x00, 0x00 },  /* 0x56 V */
    { 0x00, 0x00, 0x00, 0x81, 0x81, 0xDB, 0x5A, 0x5A, 0x5A, 0x66, 0x66, 0x66, 0x00, 0x00, 0x00, 0x00 },  /* 0x57 W */
    { 0x00, 0x00, 0x00, 0x42, 0x66, 0x24, 0x18, 0x18, 0x18, 0x24, 0x46, 0x42, 0x00, 0x00, 0x00, 0x00 },  /* 0x58 X */
    { 0x00, 0x00, 0x00, 0x42, 0x42, 0x24, 0x24, 0x18, 0x18, 0x18, 0x18, 0x18, 0x00, 0x00, 0x00, 0x00 },  /* 0x59 Y */
    { 0x00, 0x00, 0x00, 0x7E, 0x06, 0x04, 0x08, 0x10, 0x30, 0x20, 0x40, 0xFF, 0x00, 0x00, 0x00, 0x00 },  /* 0x5A Z */
    { 0x00, 0x00, 0x1C, 0x10, 0x10, 0x10, 0x10, 0x10, 0x10, 0x10, 0x10, 0x10, 0x10, 0x10, 0x1C, 0x00 },  /* 0x5B [ */
    { 0x00, 0x00, 0x40, 0x20, 0x20, 0x10, 0x10, 0x08, 0x08, 0x04, 0x04, 0x02, 0x00, 0x00, 0x00, 0x00 },  /* 0x5C \ */
    { 0x00, 0x00, 0x38, 0x08, 0x08, 0x08, 0x08, 0x08, 0x08, 0x08, 0x08, 0x08, 0x08, 0x08, 0x38, 0x00 },  /* 0x5D ] */
    { 0x00, 0x00, 0x00, 0x18, 0x18, 0x24, 0x24, 0x42, 0x42, 0x00, 0x00, 0x00, 0x00, 0x00, 0x00, 0x00 },  /* 0x5E ^ */
    { 0x00, 0x00, 0x00, 0x00, 0x00, 0x00, 0x00, 0x00, 0x00, 0x00, 0x00, 0x00, 0x00, 0xFE, 0x00, 0x00 },  /* 0x5F _ */
    { 0x00, 0x00, 0x10, 0x08, 0x00, 0x00, 0x00, 0x00, 0x00, 0x00, 0x00, 0x00, 0x00, 0x00, 0x00, 0x00 },  /* 0x60 ` */
    { 0x00, 0x00, 0x00, 0x00, 0x00, 0x3C, 0x44, 0x06, 0x3E, 0x46, 0x46, 0x7B, 0x00, 0x00, 0x00, 0x00 },  /* 0x61 a */
    { 0x00, 0x00, 0x40, 0x40, 0x40, 0x5C, 0x66, 0x42, 0x42, 0x42, 0x66, 0x5C, 0x00, 0x00, 0x00, 0x00 },  /* 0x62 b */
    { 0x00, 0x00, 0x00, 0x00, 0x00, 0x3C, 0x62, 0x40, 0x40, 0x40, 0x62, 0x3C, 0x00, 0x00, 0x00, 0x00 },  /* 0x63 c */
    { 0x00, 0x00, 0x02, 0x02, 0x02, 0x3A, 0x66, 0x42, 0x42, 0x42, 0x66, 0x3A, 0x00, 0x00, 0x00, 0x00 },  /* 0x64 d */
    { 0x00, 0x00, 0x00, 0x00, 0x00, 0x3C, 0x66, 0x42, 0x7E, 0x40, 0x62, 0x3C, 0x00, 0x00, 0x00, 0x00 },  /* 0x65 e */
    { 0x00, 0x00, 0x1E, 0x10, 0x10, 0x7E, 0x10, 0x10, 0x10, 0x10, 0x10, 0x10, 0x00, 0x00, 0x00, 0x00 },  /* 0x66 f */
    { 0x00, 0x00, 0x00, 0x00, 0x00, 0x3A, 0x66, 0x42, 0x42, 0x42, 0x66, 0x3A, 0x02, 0x66, 0x3C, 0x00 },  /* 0x67 g */
    { 0x00, 0x00, 0x40, 0x40, 0x40, 0x5C, 0x66, 0x42, 0x42, 0x42, 0x42, 0x42, 0x00, 0x00, 0x00, 0x00 },  /* 0x68 h */
    { 0x00, 0x00, 0x08, 0x00, 0x00, 0x38, 0x08, 0x08, 0x08, 0x08, 0x08, 0x7E, 0x00, 0x00, 0x00, 0x00 },  /* 0x69 i */
    { 0x00, 0x00, 0x08, 0x00, 0x00, 0x38, 0x08, 0x08, 0x08, 0x08, 0x08, 0x08, 0x08, 0x08, 0x70, 0x00 },  /* 0x6A j */
    { 0x00, 0x00, 0x20, 0x20, 0x20, 0x26, 0x2C, 0x28, 0x38, 0x28, 0x24, 0x22, 0x00, 0x00, 0x00, 0x00 },  /* 0x6B k */
    { 0x00, 0x00, 0x38, 0x08, 0x08, 0x08, 0x08, 0x08, 0x08, 0x08, 0x0E, 0x00, 0x00, 0x00, 0x00, 0x00 },  /* 0x6C l */
    { 0x00, 0x00, 0x00, 0x00, 0x00, 0x76, 0x5A, 0x5A, 0x5A, 0x5A, 0x5A, 0x5A, 0x00, 0x00, 0x00, 0x00 },  /* 0x6D m */
    { 0x00, 0x00, 0x00, 0x00, 0x00, 0x5C, 0x66, 0x42, 0x42, 0x42, 0x42, 0x42, 0x00, 0x00, 0x00, 0x00 },  /* 0x6E n */
    { 0x00, 0x00, 0x00, 0x00, 0x00, 0x3C, 0x66, 0x42, 0x42, 0x42, 0x66, 0x3C, 0x00, 0x00, 0x00, 0x00 },  /* 0x6F o */
    { 0x00, 0x00, 0x00, 0x00, 0x00, 0x5C, 0x66, 0x42, 0x42, 0x42, 0x66, 0x5C, 0x40, 0x40, 0x40, 0x00 },  /* 0x70 p */
    { 0x00, 0x00, 0x00, 0x00, 0x00, 0x3A, 0x66, 0x42, 0x42, 0x42, 0x66, 0x3A, 0x02, 0x02, 0x02, 0x00 },  /* 0x71 q */
    { 0x00, 0x00, 0x00, 0x00, 0x00, 0x2E, 0x30, 0x20, 0x20, 0x20, 0x20, 0x20, 0x00, 0x00, 0x00, 0x00 },  /* 0x72 r */
    { 0x00, 0x00, 0x00, 0x00, 0x00, 0x3C, 0x62, 0x60, 0x1C, 0x02, 0x42, 0x3C, 0x00, 0x00, 0x00, 0x00 },  /* 0x73 s */
    { 0x00, 0x00, 0x00, 0x10, 0x20, 0x7C, 0x20, 0x20, 0x20, 0x20, 0x30, 0x1E, 0x00, 0x00, 0x00, 0x00 },  /* 0x74 t */
    { 0x00, 0x00, 0x00, 0x00, 0x00, 0x42, 0x42, 0x42, 0x42, 0x42, 0x66, 0x3A, 0x00, 0x00, 0x00, 0x00 },  /* 0x75 u */
    { 0x00, 0x00, 0x00, 0x00, 0x00, 0x42, 0x42, 0x66, 0x24, 0x24, 0x18, 0x18, 0x00, 0x00, 0x00, 0x00 },  /* 0x76 v */
    { 0x00, 0x00, 0x00, 0x00, 0x00, 0x81, 0xC3, 0x5A, 0x5A, 0x5A, 0x66, 0x66, 0x00, 0x00, 0x00, 0x00 },  /* 0x77 w */
    { 0x00, 0x00, 0x00, 0x00, 0x00, 0x42, 0x24, 0x18, 0x18, 0x38, 0x24, 0x42, 0x00, 0x00, 0x00, 0x00 },  /* 0x78 x */
    { 0x00, 0x00, 0x00, 0x00, 0x00, 0x42, 0x42, 0x26, 0x24, 0x34, 0x18, 0x18, 0x10, 0x10, 0x60, 0x00 },  /* 0x79 y */
    { 0x00, 0x00, 0x00, 0x00, 0x00, 0x7E, 0x04, 0x08, 0x10, 0x30, 0x60, 0x7E, 0x00, 0x00, 0x00, 0x00 },  /* 0x7A z */
    { 0x00, 0x00, 0x0E, 0x18, 0x10, 0x10, 0x10, 0x10, 0x20, 0x10, 0x10, 0x10, 0x10, 0x18, 0x0E, 0x00 },  /* 0x7B { */
    { 0x00, 0x00, 0x18, 0x18, 0x18, 0x18, 0x18, 0x18, 0x18, 0x18, 0x18, 0x18, 0x18, 0x18, 0x18, 0x00 },  /* 0x7C | */
    { 0x00, 0x00, 0x70, 0x18, 0x08, 0x08, 0x08, 0x08, 0x04, 0x08, 0x08, 0x08, 0x08, 0x18, 0x70, 0x00 },  /* 0x7D } */
    { 0x00, 0x00, 0x00, 0x00, 0x00, 0x00, 0x70, 0x0E, 0x00, 0x00, 0x00, 0x00, 0x00, 0x00, 0x00, 0x00 },  /* 0x7E ~ */
    { 0x00, 0x00, 0x00, 0x00, 0x00, 0x00, 0x00, 0x7C, 0x44, 0x44, 0x44, 0x7C, 0x00, 0x00, 0x00, 0x00 },  /* 0x7F   */
    { 0x00, 0x00, 0x00, 0x00, 0x00, 0x00, 0x00, 0x7C, 0x44, 0x44, 0x44, 0x7C, 0x00, 0x00, 0x00, 0x00 },  /* 0x80   */
    { 0x00, 0x00, 0x00, 0x00, 0x00, 0x00, 0x00, 0x7C, 0x44, 0x44, 0x44, 0x7C, 0x00, 0x00, 0x00, 0x00 },  /* 0x81   */
    { 0x00, 0x00, 0x00, 0x00, 0x00, 0x00, 0x00, 0x7C, 0x44, 0x44, 0x44, 0x7C, 0x00, 0x00, 0x00, 0x00 },  /* 0x82   */
    { 0x00, 0x00, 0x00, 0x00, 0x00, 0x00, 0x00, 0x7C, 0x44, 0x44, 0x44, 0x7C, 0x00, 0x00, 0x00, 0x00 },  /* 0x83   */
    { 0x00, 0x00, 0x00, 0x00, 0x00, 0x00, 0x00, 0x7C, 0x44, 0x44, 0x44, 0x7C, 0x00, 0x00, 0x00, 0x00 },  /* 0x84   */
    { 0x00, 0x00, 0x00, 0x00, 0x00, 0x00, 0x00, 0x7C, 0x44, 0x44, 0x44, 0x7C, 0x00, 0x00, 0x00, 0x00 },  /* 0x85   */
    { 0x00, 0x00, 0x00, 0x00, 0x00, 0x00, 0x00, 0x7C, 0x44, 0x44, 0x44, 0x7C, 0x00, 0x00, 0x00, 0x00 },  /* 0x86   */
    { 0x00, 0x00, 0x00, 0x00, 0x00, 0x00, 0x00, 0x7C, 0x44, 0x44, 0x44, 0x7C, 0x00, 0x00, 0x00, 0x00 },  /* 0x87   */
    { 0x00, 0x00, 0x00, 0x00, 0x00, 0x00, 0x00, 0x7C, 0x44, 0x44, 0x44, 0x7C, 0x00, 0x00, 0x00, 0x00 },  /* 0x88   */
    { 0x00, 0x00, 0x00, 0x00, 0x00, 0x00, 0x00, 0x7C, 0x44, 0x44, 0x44, 0x7C, 0x00, 0x00, 0x00, 0x00 },  /* 0x89   */
    { 0x00, 0x00, 0x00, 0x00, 0x00, 0x00, 0x00, 0x7C, 0x44, 0x44, 0x44, 0x7C, 0x00, 0x00, 0x00, 0x00 },  /* 0x8A   */
    { 0x00, 0x00, 0x00, 0x00, 0x00, 0x00, 0x00, 0x7C, 0x44, 0x44, 0x44, 0x7C, 0x00, 0x00, 0x00, 0x00 },  /* 0x8B   */
    { 0x00, 0x00, 0x00, 0x00, 0x00, 0x00, 0x00, 0x7C, 0x44, 0x44, 0x44, 0x7C, 0x00, 0x00, 0x00, 0x00 },  /* 0x8C   */
    { 0x00, 0x00, 0x00, 0x00, 0x00, 0x00, 0x00, 0x7C, 0x44, 0x44, 0x44, 0x7C, 0x00, 0x00, 0x00, 0x00 },  /* 0x8D   */
    { 0x00, 0x00, 0x00, 0x00, 0x00, 0x00, 0x00, 0x7C, 0x44, 0x44, 0x44, 0x7C, 0x00, 0x00, 0x00, 0x00 },  /* 0x8E   */
    { 0x00, 0x00, 0x00, 0x00, 0x00, 0x00, 0x00, 0x7C, 0x44, 0x44, 0x44, 0x7C, 0x00, 0x00, 0x00, 0x00 },  /* 0x8F   */
    { 0x00, 0x00, 0x00, 0x00, 0x00, 0x00, 0x00, 0x7C, 0x44, 0x44, 0x44, 0x7C, 0x00, 0x00, 0x00, 0x00 },  /* 0x90   */
    { 0x00, 0x00, 0x00, 0x00, 0x00, 0x00, 0x00, 0x7C, 0x44, 0x44, 0x44, 0x7C, 0x00, 0x00, 0x00, 0x00 },  /* 0x91   */
    { 0x00, 0x00, 0x00, 0x00, 0x00, 0x00, 0x00, 0x7C, 0x44, 0x44, 0x44, 0x7C, 0x00, 0x00, 0x00, 0x00 },  /* 0x92   */
    { 0x00, 0x00, 0x00, 0x00, 0x00, 0x00, 0x00, 0x7C, 0x44, 0x44, 0x44, 0x7C, 0x00, 0x00, 0x00, 0x00 },  /* 0x93   */
    { 0x00, 0x00, 0x00, 0x00, 0x00, 0x00, 0x00, 0x7C, 0x44, 0x44, 0x44, 0x7C, 0x00, 0x00, 0x00, 0x00 },  /* 0x94   */
    { 0x00, 0x00, 0x00, 0x00, 0x00, 0x00, 0x00, 0x7C, 0x44, 0x44, 0x44, 0x7C, 0x00, 0x00, 0x00, 0x00 },  /* 0x95   */
    { 0x00, 0x00, 0x00, 0x00, 0x00, 0x00, 0x00, 0x7C, 0x44, 0x44, 0x44, 0x7C, 0x00, 0x00, 0x00, 0x00 },  /* 0x96   */
    { 0x00, 0x00, 0x00, 0x00, 0x00, 0x00, 0x00, 0x7C, 0x44, 0x44, 0x44, 0x7C, 0x00, 0x00, 0x00, 0x00 },  /* 0x97   */
    { 0x00, 0x00, 0x00, 0x00, 0x00, 0x00, 0x00, 0x7C, 0x44, 0x44, 0x44, 0x7C, 0x00, 0x00, 0x00, 0x00 },  /* 0x98   */
    { 0x00, 0x00, 0x00, 0x00, 0x00, 0x00, 0x00, 0x7C, 0x44, 0x44, 0x44, 0x7C, 0x00, 0x00, 0x00, 0x00 },  /* 0x99   */
    { 0x00, 0x00, 0x00, 0x00, 0x00, 0x00, 0x00, 0x7C, 0x44, 0x44, 0x44, 0x7C, 0x00, 0x00, 0x00, 0x00 },  /* 0x9A   */
    { 0x00, 0x00, 0x00, 0x00, 0x00, 0x00, 0x00, 0x7C, 0x44, 0x44, 0x44, 0x7C, 0x00, 0x00, 0x00, 0x00 },  /* 0x9B   */
    { 0x00, 0x00, 0x00, 0x00, 0x00, 0x00, 0x00, 0x7C, 0x44, 0x44, 0x44, 0x7C, 0x00, 0x00, 0x00, 0x00 },  /* 0x9C   */
    { 0x00, 0x00, 0x00, 0x00, 0x00, 0x00, 0x00, 0x7C, 0x44, 0x44, 0x44, 0x7C, 0x00, 0x00, 0x00, 0x00 },  /* 0x9D   */
    { 0x00, 0x00, 0x00, 0x00, 0x00, 0x00, 0x00, 0x7C, 0x44, 0x44, 0x44, 0x7C, 0x00, 0x00, 0x00, 0x00 },  /* 0x9E   */
    { 0x00, 0x00, 0x00, 0x00, 0x00, 0x00, 0x00, 0x7C, 0x44, 0x44, 0x44, 0x7C, 0x00, 0x00, 0x00, 0x00 },  /* 0x9F   */
    { 0x00, 0x00, 0x00, 0x00, 0x00, 0x00, 0x00, 0x00, 0x00, 0x00, 0x00, 0x00, 0x00, 0x00, 0x00, 0x00 },  /* 0xA0   */
    { 0x00, 0x00, 0x00, 0x00, 0x00, 0x18, 0x00, 0x00, 0x10, 0x10, 0x18, 0x18, 0x18, 0x18, 0x00, 0x00 },  /* 0xA1   */
    { 0x00, 0x00, 0x00, 0x30, 0x5C, 0x90, 0x90, 0x90, 0x94, 0x78, 0x10, 0x00, 0x00, 0x00, 0x00, 0x00 },  /* 0xA2   */
    { 0x00, 0x00, 0x00, 0x1C, 0x22, 0x20, 0x20, 0xF8, 0x20, 0x20, 0x43, 0xFE, 0x00, 0x00, 0x00, 0x00 },  /* 0xA3   */
    { 0x00, 0x00, 0x00, 0x00, 0x00, 0x7E, 0x24, 0x42, 0x42, 0x24, 0x7E, 0x00, 0x00, 0x00, 0x00, 0x00 },  /* 0xA4   */
    { 0x00, 0x00, 0x00, 0x42, 0x66, 0x24, 0x18, 0x7E, 0x18, 0x7E, 0x18, 0x18, 0x00, 0x00, 0x00, 0x00 },  /* 0xA5   */
    { 0x00, 0x00, 0x18, 0x18, 0x18, 0x18, 0x18, 0x00, 0x00, 0x00, 0x18, 0x18, 0x18, 0x18, 0x18, 0x00 },  /* 0xA6   */
    { 0x00, 0x00, 0x3C, 0x62, 0x20, 0x38, 0x26, 0x42, 0x36, 0x0C, 0x02, 0x42, 0x3C, 0x00, 0x00, 0x00 },  /* 0xA7   */
    { 0x00, 0x00, 0x00, 0x24, 0x00, 0x00, 0x00, 0x00, 0x00, 0x00, 0x00, 0x00, 0x00, 0x00, 0x00, 0x00 },  /* 0xA8   */
    { 0x00, 0x00, 0x3C, 0x42, 0x99, 0xA5, 0xA1, 0xA1, 0xA5, 0x99, 0x42, 0x3C, 0x00, 0x00, 0x00, 0x00 },  /* 0xA9   */
    { 0x00, 0x00, 0x00, 0x38, 0x04, 0x3C, 0x44, 0x3E, 0x00, 0x00, 0x00, 0x00, 0x00, 0x00, 0x00, 0x00 },  /* 0xAA   */
    { 0x00, 0x00, 0x00, 0x00, 0x00, 0x00, 0x32, 0x24, 0x48, 0x24, 0x32, 0x00, 0x00, 0x00, 0x00, 0x00 },  /* 0xAB   */
    { 0x00, 0x00, 0x00, 0x00, 0x00, 0x00, 0x00, 0x7E, 0x02, 0x02, 0x02, 0x00, 0x00, 0x00, 0x00, 0x00 },  /* 0xAC   */
    { 0x00, 0x00, 0x00, 0x00, 0x00, 0x00, 0x00, 0x00, 0x00, 0x00, 0x00, 0x00, 0x00, 0x00, 0x00, 0x00 },  /* 0xAD   */
    { 0x00, 0x00, 0x3C, 0x42, 0xBD, 0xA5, 0xA5, 0xB9, 0xA9, 0xA5, 0x42, 0x3C, 0x00, 0x00, 0x00, 0x00 },  /* 0xAE   */
    { 0x00, 0x00, 0xFE, 0x00, 0x00, 0x00, 0x00, 0x00, 0x00, 0x00, 0x00, 0x00, 0x00, 0x00, 0x00, 0x00 },  /* 0xAF   */
    { 0x00, 0x00, 0x00, 0x18, 0x24, 0x24, 0x18, 0x00, 0x00, 0x00, 0x00, 0x00, 0x00, 0x00, 0x00, 0x00 },  /* 0xB0   */
    { 0x00, 0x00, 0x00, 0x00, 0x10, 0x10, 0x10, 0x7E, 0x10, 0x10, 0x10, 0x7E, 0x00, 0x00, 0x00, 0x00 },  /* 0xB1   */
    { 0x00, 0x00, 0x00, 0x3C, 0x04, 0x08, 0x30, 0x3C, 0x00, 0x00, 0x00, 0x00, 0x00, 0x00, 0x00, 0x00 },  /* 0xB2   */
    { 0x00, 0x00, 0x00, 0x3C, 0x04, 0x18, 0x04, 0x3C, 0x00, 0x00, 0x00, 0x00, 0x00, 0x00, 0x00, 0x00 },  /* 0xB3   */
    { 0x00, 0x00, 0x08, 0x10, 0x00, 0x00, 0x00, 0x00, 0x00, 0x00, 0x00, 0x00, 0x00, 0x00, 0x00, 0x00 },  /* 0xB4   */
    { 0x00, 0x00, 0x00, 0x00, 0x00, 0x42, 0x42, 0x42, 0x42, 0x42, 0x66, 0x7A, 0x40, 0x40, 0x40, 0x00 },  /* 0xB5   */
    { 0x00, 0x00, 0x00, 0x3E, 0x74, 0x74, 0x74, 0x34, 0x14, 0x14, 0x14, 0x14, 0x14, 0x14, 0x00, 0x00 },  /* 0xB6   */
    { 0x00, 0x00, 0x00, 0x00, 0x00, 0x00, 0x00, 0x18, 0x18, 0x00, 0x00, 0x00, 0x00, 0x00, 0x00, 0x00 },  /* 0xB7   */
    { 0x00, 0x00, 0x00, 0x00, 0x00, 0x00, 0x00, 0x00, 0x00, 0x00, 0x00, 0x00, 0x60, 0x20, 0x60, 0x00 },  /* 0xB8   */
    { 0x00, 0x00, 0x00, 0x10, 0x28, 0x08, 0x08, 0x3C, 0x00, 0x00, 0x00, 0x00, 0x00, 0x00, 0x00, 0x00 },  /* 0xB9   */
    { 0x00, 0x00, 0x00, 0x3C, 0x24, 0x42, 0x24, 0x3C, 0x00, 0x00, 0x00, 0x00, 0x00, 0x00, 0x00, 0x00 },  /* 0xBA   */
    { 0x00, 0x00, 0x00, 0x00, 0x00, 0x00, 0x48, 0x24, 0x12, 0x24, 0x48, 0x00, 0x00, 0x00, 0x00, 0x00 },  /* 0xBB   */
    { 0x00, 0x00, 0x00, 0x84, 0x88, 0x88, 0x90, 0xE8, 0x38, 0x28, 0x7C, 0x88, 0x00, 0x00, 0x00, 0x00 },  /* 0xBC   */
    { 0x00, 0x00, 0x00, 0x84, 0x88, 0x88, 0x90, 0xEE, 0x22, 0x42, 0x4C, 0x8E, 0x00, 0x00, 0x00, 0x00 },  /* 0xBD   */
    { 0x00, 0x00, 0x00, 0xC2, 0x44, 0xC4, 0x28, 0xD4, 0x1C, 0x14, 0x3E, 0x44, 0x00, 0x00, 0x00, 0x00 },  /* 0xBE   */
    { 0x00, 0x00, 0x00, 0x00, 0x00, 0x08, 0x00, 0x08, 0x10, 0x20, 0x40, 0x42, 0x62, 0x3C, 0x00, 0x00 },  /* 0xBF   */
    { 0x10, 0x08, 0x00, 0x18, 0x18, 0x24, 0x24, 0x24, 0x7E, 0x42, 0x42, 0x81, 0x00, 0x00, 0x00, 0x00 },  /* 0xC0   */
    { 0x04, 0x08, 0x00, 0x18, 0x18, 0x24, 0x24, 0x24, 0x7E, 0x42, 0x42, 0x81, 0x00, 0x00, 0x00, 0x00 },  /* 0xC1   */
    { 0x18, 0x24, 0x00, 0x18, 0x18, 0x24, 0x24, 0x24, 0x7E, 0x42, 0x42, 0x81, 0x00, 0x00, 0x00, 0x00 },  /* 0xC2   */
    { 0x34, 0x2C, 0x00, 0x18, 0x18, 0x24, 0x24, 0x24, 0x7E, 0x42, 0x42, 0x81, 0x00, 0x00, 0x00, 0x00 },  /* 0xC3   */
    { 0x00, 0x24, 0x00, 0x18, 0x18, 0x24, 0x24, 0x24, 0x7E, 0x42, 0x42, 0x81, 0x00, 0x00, 0x00, 0x00 },  /* 0xC4   */
    { 0x00, 0x18, 0x24, 0x18, 0x18, 0x24, 0x24, 0x24, 0x7E, 0x42, 0x42, 0x81, 0x00, 0x00, 0x00, 0x00 },  /* 0xC5   */
    { 0x00, 0x00, 0x00, 0x1F, 0x18, 0x28, 0x28, 0x4E, 0x78, 0x48, 0x48, 0x8F, 0x00, 0x00, 0x00, 0x00 },  /* 0xC6   */
    { 0x00, 0x00, 0x00, 0x1C, 0x66, 0x42, 0x40, 0x40, 0x40, 0x42, 0x22, 0x1C, 0x0C, 0x04, 0x0C, 0x00 },  /* 0xC7   */
    { 0x10, 0x08, 0x00, 0x7E, 0x40, 0x40, 0x40, 0x7E, 0x40, 0x40, 0x40, 0x7E, 0x00, 0x00, 0x00, 0x00 },  /* 0xC8   */
    { 0x04, 0x08, 0x00, 0x7E, 0x40, 0x40, 0x40, 0x7E, 0x40, 0x40, 0x40, 0x7E, 0x00, 0x00, 0x00, 0x00 },  /* 0xC9   */
    { 0x18, 0x24, 0x00, 0x7E, 0x40, 0x40, 0x40, 0x7E, 0x40, 0x40, 0x40, 0x7E, 0x00, 0x00, 0x00, 0x00 },  /* 0xCA   */
    { 0x00, 0x24, 0x00, 0x7E, 0x40, 0x40, 0x40, 0x7E, 0x40, 0x40, 0x40, 0x7E, 0x00, 0x00, 0x00, 0x00 },  /* 0xCB   */
    { 0x10, 0x08, 0x00, 0x7E, 0x18, 0x18, 0x18, 0x18, 0x18, 0x18, 0x18, 0x7E, 0x00, 0x00, 0x00, 0x00 },  /* 0xCC   */
    { 0x04, 0x08, 0x00, 0x7E, 0x18, 0x18, 0x18, 0x18, 0x18, 0x18, 0x18, 0x7E, 0x00, 0x00, 0x00, 0x00 },  /* 0xCD   */
    { 0x18, 0x24, 0x00, 0x7E, 0x18, 0x18, 0x18, 0x18, 0x18, 0x18, 0x18, 0x7E, 0x00, 0x00, 0x00, 0x00 },  /* 0xCE   */
    { 0x00, 0x24, 0x00, 0x7E, 0x18, 0x18, 0x18, 0x18, 0x18, 0x18, 0x18, 0x7E, 0x00, 0x00, 0x00, 0x00 },  /* 0xCF   */
    { 0x00, 0x00, 0x00, 0x78, 0x46, 0x42, 0x42, 0xF2, 0x42, 0x42, 0x46, 0x7C, 0x00, 0x00, 0x00, 0x00 },  /* 0xD0   */
    { 0x34, 0x2C, 0x00, 0x62, 0x62, 0x52, 0x52, 0x5A, 0x4A, 0x4A, 0x46, 0x46, 0x00, 0x00, 0x00, 0x00 },  /* 0xD1   */
    { 0x10, 0x08, 0x00, 0x3C, 0x66, 0x42, 0x42, 0x42, 0x42, 0x42, 0x66, 0x3C, 0x00, 0x00, 0x00, 0x00 },  /* 0xD2   */
    { 0x04, 0x08, 0x00, 0x3C, 0x66, 0x42, 0x42, 0x42, 0x42, 0x42, 0x66, 0x3C, 0x00, 0x00, 0x00, 0x00 },  /* 0xD3   */
    { 0x18, 0x24, 0x00, 0x3C, 0x66, 0x42, 0x42, 0x42, 0x42, 0x42, 0x66, 0x3C, 0x00, 0x00, 0x00, 0x00 },  /* 0xD4   */
    { 0x34, 0x2C, 0x00, 0x3C, 0x66, 0x42, 0x42, 0x42, 0x42, 0x42, 0x66, 0x3C, 0x00, 0x00, 0x00, 0x00 },  /* 0xD5   */
    { 0x00, 0x24, 0x00, 0x3C, 0x66, 0x42, 0x42, 0x42, 0x42, 0x42, 0x66, 0x3C, 0x00, 0x00, 0x00, 0x00 },  /* 0xD6   */
    { 0x00, 0x00, 0x00, 0x00, 0x66, 0x3C, 0x18, 0x3C, 0x66, 0x00, 0x00, 0x00, 0x00, 0x00, 0x00, 0x00 },  /* 0xD7   */
    { 0x00, 0x00, 0x3E, 0x66, 0x46, 0x4A, 0x52, 0x52, 0x62, 0x66, 0xBC, 0x00, 0x00, 0x00, 0x00, 0x00 },  /* 0xD8   */
    { 0x10, 0x08, 0x00, 0x42, 0x42, 0x42, 0x42, 0x42, 0x42, 0x42, 0x66, 0x3C, 0x00, 0x00, 0x00, 0x00 },  /* 0xD9   */
    { 0x04, 0x08, 0x00, 0x42, 0x42, 0x42, 0x42, 0x42, 0x42, 0x42, 0x66, 0x3C, 0x00, 0x00, 0x00, 0x00 },  /* 0xDA   */
    { 0x18, 0x24, 0x00, 0x42, 0x42, 0x42, 0x42, 0x42, 0x42, 0x42, 0x66, 0x3C, 0x00, 0x00, 0x00, 0x00 },  /* 0xDB   */
    { 0x00, 0x24, 0x00, 0x42, 0x42, 0x42, 0x42, 0x42, 0x42, 0x42, 0x66, 0x3C, 0x00, 0x00, 0x00, 0x00 },  /* 0xDC   */
    { 0x04, 0x08, 0x00, 0x42, 0x42, 0x24, 0x24, 0x18, 0x18, 0x18, 0x18, 0x18, 0x00, 0x00, 0x00, 0x00 },  /* 0xDD   */
    { 0x00, 0x00, 0x00, 0x40, 0x40, 0x7C, 0x42, 0x42, 0x42, 0x7C, 0x40, 0x40, 0x00, 0x00, 0x00, 0x00 },  /* 0xDE   */
    { 0x00, 0x00, 0x3C, 0x66, 0x46, 0x44, 0x48, 0x4C, 0x42, 0x43, 0x43, 0x5E, 0x00, 0x00, 0x00, 0x00 },  /* 0xDF   */
    { 0x00, 0x00, 0x10, 0x08, 0x00, 0x3C, 0x44, 0x06, 0x3E, 0x46, 0x46, 0x7B, 0x00, 0x00, 0x00, 0x00 },  /* 0xE0   */
    { 0x00, 0x00, 0x04, 0x08, 0x00, 0x3C, 0x44, 0x06, 0x3E, 0x46, 0x46, 0x7B, 0x00, 0x00, 0x00, 0x00 },  /* 0xE1   */
    { 0x00, 0x00, 0x18, 0x24, 0x00, 0x3C, 0x44, 0x06, 0x3E, 0x46, 0x46, 0x7B, 0x00, 0x00, 0x00, 0x00 },  /* 0xE2   */
    { 0x00, 0x00, 0x34, 0x2C, 0x00, 0x3C, 0x44, 0x06, 0x3E, 0x46, 0x46, 0x7B, 0x00, 0x00, 0x00, 0x00 },  /* 0xE3   */
    { 0x00, 0x00, 0x00, 0x24, 0x00, 0x3C, 0x44, 0x06, 0x3E, 0x46, 0x46, 0x7B, 0x00, 0x00, 0x00, 0x00 },  /* 0xE4   */
    { 0x00, 0x18, 0x24, 0x18, 0x00, 0x3C, 0x44, 0x06, 0x3E, 0x46, 0x46, 0x7B, 0x00, 0x00, 0x00, 0x00 },  /* 0xE5   */
    { 0x00, 0x00, 0x00, 0x00, 0x00, 0x7E, 0xDB, 0x11, 0x7F, 0x90, 0x99, 0x6E, 0x00, 0x00, 0x00, 0x00 },  /* 0xE6   */
    { 0x00, 0x00, 0x00, 0x00, 0x00, 0x3C, 0x62, 0x40, 0x40, 0x40, 0x62, 0x3C, 0x18, 0x08, 0x18, 0x00 },  /* 0xE7   */
    { 0x00, 0x00, 0x10, 0x08, 0x00, 0x3C, 0x66, 0x42, 0x7E, 0x40, 0x62, 0x3C, 0x00, 0x00, 0x00, 0x00 },  /* 0xE8   */
    { 0x00, 0x00, 0x04, 0x08, 0x00, 0x3C, 0x66, 0x42, 0x7E, 0x40, 0x62, 0x3C, 0x00, 0x00, 0x00, 0x00 },  /* 0xE9   */
    { 0x00, 0x00, 0x18, 0x24, 0x00, 0x3C, 0x66, 0x42, 0x7E, 0x40, 0x62, 0x3C, 0x00, 0x00, 0x00, 0x00 },  /* 0xEA   */
    { 0x00, 0x00, 0x00, 0x24, 0x00, 0x3C, 0x66, 0x42, 0x7E, 0x40, 0x62, 0x3C, 0x00, 0x00, 0x00, 0x00 },  /* 0xEB   */
    { 0x00, 0x00, 0x10, 0x08, 0x00, 0x38, 0x08, 0x08, 0x08, 0x08, 0x08, 0x7E, 0x00, 0x00, 0x00, 0x00 },  /* 0xEC   */
    { 0x00, 0x00, 0x04, 0x08, 0x00, 0x38, 0x08, 0x08, 0x08, 0x08, 0x08, 0x7E, 0x00, 0x00, 0x00, 0x00 },  /* 0xED   */
    { 0x00, 0x00, 0x18, 0x24, 0x00, 0x38, 0x08, 0x08, 0x08, 0x08, 0x08, 0x7E, 0x00, 0x00, 0x00, 0x00 },  /* 0xEE   */
    { 0x00, 0x00, 0x00, 0x24, 0x00, 0x38, 0x08, 0x08, 0x08, 0x08, 0x08, 0x7E, 0x00, 0x00, 0x00, 0x00 },  /* 0xEF   */
    { 0x00, 0x00, 0x14, 0x38, 0x04, 0x3E, 0x66, 0x42, 0x42, 0x42, 0x66, 0x3C, 0x00, 0x00, 0x00, 0x00 },  /* 0xF0   */
    { 0x00, 0x00, 0x34, 0x2C, 0x00, 0x5C, 0x66, 0x42, 0x42, 0x42, 0x42, 0x42, 0x00, 0x00, 0x00, 0x00 },  /* 0xF1   */
    { 0x00, 0x00, 0x10, 0x08, 0x00, 0x3C, 0x66, 0x42, 0x42, 0x42, 0x66, 0x3C, 0x00, 0x00, 0x00, 0x00 },  /* 0xF2   */
    { 0x00, 0x00, 0x04, 0x08, 0x00, 0x3C, 0x66, 0x42, 0x42, 0x42, 0x66, 0x3C, 0x00, 0x00, 0x00, 0x00 },  /* 0xF3   */
    { 0x00, 0x00, 0x18, 0x24, 0x00, 0x3C, 0x66, 0x42, 0x42, 0x42, 0x66, 0x3C, 0x00, 0x00, 0x00, 0x00 },  /* 0xF4   */
    { 0x00, 0x00, 0x34, 0x2C, 0x00, 0x3C, 0x66, 0x42, 0x42, 0x42, 0x66, 0x3C, 0x00, 0x00, 0x00, 0x00 },  /* 0xF5   */
    { 0x00, 0x00, 0x00, 0x24, 0x00, 0x3C, 0x66, 0x42, 0x42, 0x42, 0x66, 0x3C, 0x00, 0x00, 0x00, 0x00 },  /* 0xF6   */
    { 0x00, 0x00, 0x00, 0x00, 0x18, 0x00, 0x00, 0x7E, 0x00, 0x00, 0x18, 0x00, 0x00, 0x00, 0x00, 0x00 },  /* 0xF7   */
    { 0x00, 0x00, 0x00, 0x00, 0x00, 0x3E, 0x66, 0x4A, 0x52, 0x62, 0x66, 0x7C, 0x00, 0x00, 0x00, 0x00 },  /* 0xF8   */
    { 0x00, 0x00, 0x10, 0x08, 0x00, 0x42, 0x42, 0x42, 0x42, 0x42, 0x66, 0x3A, 0x00, 0x00, 0x00, 0x00 },  /* 0xF9   */
    { 0x00, 0x00, 0x04, 0x08, 0x00, 0x42, 0x42, 0x42, 0x42, 0x42, 0x66, 0x3A, 0x00, 0x00, 0x00, 0x00 },  /* 0xFA   */
    { 0x00, 0x00, 0x18, 0x24, 0x00, 0x42, 0x42, 0x42, 0x42, 0x42, 0x66, 0x3A, 0x00, 0x00, 0x00, 0x00 },  /* 0xFB   */
    { 0x00, 0x00, 0x00, 0x24, 0x00, 0x42, 0x42, 0x42, 0x42, 0x42, 0x66, 0x3A, 0x00, 0x00, 0x00, 0x00 },  /* 0xFC   */
    { 0x00, 0x00, 0x04, 0x08, 0x00, 0x42, 0x42, 0x26, 0x24, 0x34, 0x18, 0x18, 0x10, 0x10, 0x60, 0x00 },  /* 0xFD   */
    { 0x00, 0x00, 0x40, 0x40, 0x40, 0x5C, 0x66, 0x42, 0x42, 0x42, 0x66, 0x5C, 0x40, 0x40, 0x40, 0x00 },  /* 0xFE   */
    { 0x00, 0x00, 0x00, 0x24, 0x00, 0x42, 0x42, 0x26, 0x24, 0x34, 0x18, 0x18, 0x10, 0x10, 0x60, 0x00 },  /* 0xFF   */
};

static const uint8_t glyphs_jetbrains[FONT_GLYPHS][FONT_HEIGHT] = {
    { 0x00, 0x00, 0x00, 0x00, 0x00, 0x00, 0x00, 0x00, 0x00, 0x00, 0x00, 0x00, 0x00, 0x00, 0x00, 0x00 },  /* 0x20   */
    { 0x00, 0x00, 0x00, 0x10, 0x10, 0x10, 0x10, 0x10, 0x10, 0x00, 0x00, 0x18, 0x00, 0x00, 0x00, 0x00 },  /* 0x21 ! */
    { 0x00, 0x00, 0x00, 0x28, 0x28, 0x28, 0x28, 0x00, 0x00, 0x00, 0x00, 0x00, 0x00, 0x00, 0x00, 0x00 },  /* 0x22 " */
    { 0x00, 0x00, 0x00, 0x24, 0x24, 0x7E, 0x24, 0x28, 0x28, 0xFC, 0x48, 0x48, 0x00, 0x00, 0x00, 0x00 },  /* 0x23 # */
    { 0x00, 0x10, 0x10, 0x38, 0x54, 0x54, 0x50, 0x38, 0x1C, 0x14, 0x54, 0x7C, 0x10, 0x10, 0x00, 0x00 },  /* 0x24 $ */
    { 0x00, 0x00, 0x00, 0x71, 0x52, 0x54, 0x74, 0x08, 0x1F, 0x19, 0x29, 0x4F, 0x00, 0x00, 0x00, 0x00 },  /* 0x25 % */
    { 0x00, 0x00, 0x00, 0x18, 0x24, 0x20, 0x30, 0x30, 0x4A, 0x4C, 0x4C, 0x3A, 0x00, 0x00, 0x00, 0x00 },  /* 0x26 & */
    { 0x00, 0x00, 0x00, 0x10, 0x10, 0x10, 0x10, 0x00, 0x00, 0x00, 0x00, 0x00, 0x00, 0x00, 0x00, 0x00 },  /* 0x27 ' */
    { 0x00, 0x04, 0x0C, 0x10, 0x20, 0x20, 0x20, 0x20, 0x20, 0x20, 0x20, 0x10, 0x0C, 0x04, 0x00, 0x00 },  /* 0x28 ( */
    { 0x00, 0x40, 0x60, 0x10, 0x08, 0x08, 0x08, 0x08, 0x08, 0x08, 0x08, 0x10, 0x60, 0x40, 0x00, 0x00 },  /* 0x29 ) */
    { 0x00, 0x00, 0x00, 0x00, 0x10, 0x10, 0xD6, 0x38, 0x28, 0x6C, 0x00, 0x00, 0x00, 0x00, 0x00, 0x00 },  /* 0x2A * */
    { 0x00, 0x00, 0x00, 0x00, 0x00, 0x10, 0x10, 0x10, 0x7E, 0x10, 0x10, 0x00, 0x00, 0x00, 0x00, 0x00 },  /* 0x2B + */
    { 0x00, 0x00, 0x00, 0x00, 0x00, 0x00, 0x00, 0x00, 0x00, 0x00, 0x10, 0x10, 0x30, 0x20, 0x00, 0x00 },  /* 0x2C , */
    { 0x00, 0x00, 0x00, 0x00, 0x00, 0x00, 0x00, 0x3C, 0x00, 0x00, 0x00, 0x00, 0x00, 0x00, 0x00, 0x00 },  /* 0x2D - */
    { 0x00, 0x00, 0x00, 0x00, 0x00, 0x00, 0x00, 0x00, 0x00, 0x00, 0x18, 0x18, 0x00, 0x00, 0x00, 0x00 },  /* 0x2E . */
    { 0x00, 0x04, 0x04, 0x08, 0x08, 0x08, 0x10, 0x10, 0x30, 0x20, 0x20, 0x60, 0x40, 0x00, 0x00, 0x00 },  /* 0x2F / */
    { 0x00, 0x00, 0x00, 0x38, 0x44, 0x44, 0x44, 0x54, 0x44, 0x44, 0x44, 0x38, 0x00, 0x00, 0x00, 0x00 },  /* 0x30 0 */
    { 0x00, 0x00, 0x00, 0x30, 0x50, 0x10, 0x10, 0x10, 0x10, 0x10, 0x10, 0x7C, 0x00, 0x00, 0x00, 0x00 },  /* 0x31 1 */
    { 0x00, 0x00, 0x00, 0x38, 0x44, 0x44, 0x04, 0x08, 0x18, 0x30, 0x60, 0x7C, 0x00, 0x00, 0x00, 0x00 },  /* 0x32 2 */
    { 0x00, 0x00, 0x00, 0x7C, 0x0C, 0x10, 0x18, 0x04, 0x04, 0x44, 0x44, 0x38, 0x00, 0x00, 0x00, 0x00 },  /* 0x33 3 */
    { 0x00, 0x00, 0x00, 0x08, 0x18, 0x10, 0x20, 0x24, 0x44, 0x7C, 0x04, 0x04, 0x00, 0x00, 0x00, 0x00 },  /* 0x34 4 */
    { 0x00, 0x00, 0x00, 0x7C, 0x40, 0x40, 0x78, 0x44, 0x04, 0x04, 0x44, 0x38, 0x00, 0x00, 0x00, 0x00 },  /* 0x35 5 */
    { 0x00, 0x00, 0x00, 0x08, 0x10, 0x10, 0x3C, 0x66, 0x42, 0x42, 0x66, 0x3C, 0x00, 0x00, 0x00, 0x00 },  /* 0x36 6 */
    { 0x00, 0x00, 0x00, 0x7E, 0x44, 0x04, 0x0C, 0x08, 0x08, 0x10, 0x10, 0x30, 0x00, 0x00, 0x00, 0x00 },  /* 0x37 7 */
    { 0x00, 0x00, 0x00, 0x38, 0x44, 0x44, 0x6C, 0x38, 0x44, 0x44, 0x44, 0x38, 0x00, 0x00, 0x00, 0x00 },  /* 0x38 8 */
    { 0x00, 0x00, 0x00, 0x3C, 0x66, 0x42, 0x42, 0x66, 0x3C, 0x08, 0x08, 0x10, 0x00, 0x00, 0x00, 0x00 },  /* 0x39 9 */
    { 0x00, 0x00, 0x00, 0x00, 0x00, 0x18, 0x18, 0x00, 0x00, 0x00, 0x18, 0x18, 0x00, 0x00, 0x00, 0x00 },  /* 0x3A : */
    { 0x00, 0x00, 0x00, 0x00, 0x00, 0x18, 0x18, 0x00, 0x00, 0x00, 0x18, 0x10, 0x10, 0x10, 0x00, 0x00 },  /* 0x3B ; */
    { 0x00, 0x00, 0x00, 0x00, 0x0C, 0x30, 0x40, 0x60, 0x18, 0x04, 0x00, 0x00, 0x00, 0x00, 0x00, 0x00 },  /* 0x3C < */
    { 0x00, 0x00, 0x00, 0x00, 0x00, 0x00, 0x7C, 0x00, 0x00, 0x7C, 0x00, 0x00, 0x00, 0x00, 0x00, 0x00 },  /* 0x3D = */
    { 0x00, 0x00, 0x00, 0x00, 0x60, 0x18, 0x0C, 0x0C, 0x30, 0x40, 0x00, 0x00, 0x00, 0x00, 0x00, 0x00 },  /* 0x3E > */
    { 0x00, 0x00, 0x00, 0x78, 0x04, 0x04, 0x0C, 0x38, 0x20, 0x20, 0x00, 0x30, 0x00, 0x00, 0x00, 0x00 },  /* 0x3F ? */
    { 0x00, 0x00, 0x00, 0x3C, 0x66, 0x42, 0x5E, 0x52, 0x52, 0x52, 0x5E, 0x40, 0x60, 0x38, 0x00, 0x00 },  /* 0x40 @ */
    { 0x00, 0x00, 0x00, 0x10, 0x28, 0x28, 0x28, 0x28, 0x64, 0x7C, 0x44, 0x44, 0x00, 0x00, 0x00, 0x00 },  /* 0x41 A */
    { 0x00, 0x00, 0x00, 0x78, 0x44, 0x44, 0x44, 0x78, 0x44, 0x44, 0x44, 0x78, 0x00, 0x00, 0x00, 0x00 },  /* 0x42 B */
    { 0x00, 0x00, 0x00, 0x38, 0x44, 0x44, 0x40, 0x40, 0x40, 0x44, 0x44, 0x38, 0x00, 0x00, 0x00, 0x00 },  /* 0x43 C */
    { 0x00, 0x00, 0x00, 0x78, 0x44, 0x44, 0x44, 0x44, 0x44, 0x44, 0x44, 0x78, 0x00, 0x00, 0x00, 0x00 },  /* 0x44 D */
    { 0x00, 0x00, 0x00, 0x7C, 0x40, 0x40, 0x40, 0x7C, 0x40, 0x40, 0x40, 0x7C, 0x00, 0x00, 0x00, 0x00 },  /* 0x45 E */
    { 0x00, 0x00, 0x00, 0x7C, 0x40, 0x40, 0x40, 0x7C, 0x40, 0x40, 0x40, 0x40, 0x00, 0x00, 0x00, 0x00 },  /* 0x46 F */
    { 0x00, 0x00, 0x00, 0x38, 0x44, 0x40, 0x40, 0x5C, 0x44, 0x44, 0x44, 0x38, 0x00, 0x00, 0x00, 0x00 },  /* 0x47 G */
    { 0x00, 0x00, 0x00, 0x44, 0x44, 0x44, 0x44, 0x7C, 0x44, 0x44, 0x44, 0x44, 0x00, 0x00, 0x00, 0x00 },  /* 0x48 H */
    { 0x00, 0x00, 0x00, 0x7C, 0x10, 0x10, 0x10, 0x10, 0x10, 0x10, 0x10, 0x7C, 0x00, 0x00, 0x00, 0x00 },  /* 0x49 I */
    { 0x00, 0x00, 0x00, 0x1C, 0x04, 0x04, 0x04, 0x04, 0x04, 0x44, 0x44, 0x38, 0x00, 0x00, 0x00, 0x00 },  /* 0x4A J */
    { 0x00, 0x00, 0x00, 0x44, 0x4C, 0x48, 0x48, 0x70, 0x58, 0x48, 0x44, 0x44, 0x00, 0x00, 0x00, 0x00 },  /* 0x4B K */
    { 0x00, 0x00, 0x00, 0x40, 0x40, 0x40, 0x40, 0x40, 0x40, 0x40, 0x40, 0x7C, 0x00, 0x00, 0x00, 0x00 },  /* 0x4C L */
    { 0x00, 0x00, 0x00, 0x64, 0x6C, 0x6C, 0x6C, 0x54, 0x44, 0x44, 0x44, 0x44, 0x00, 0x00, 0x00, 0x00 },  /* 0x4D M */
    { 0x00, 0x00, 0x00, 0x64, 0x64, 0x64, 0x54, 0x54, 0x54, 0x4C, 0x4C, 0x4C, 0x00, 0x00, 0x00, 0x00 },  /* 0x4E N */
    { 0x00, 0x00, 0x00, 0x38, 0x44, 0x44, 0x44, 0x44, 0x44, 0x44, 0x44, 0x38, 0x00, 0x00, 0x00, 0x00 },  /* 0x4F O */
    { 0x00, 0x00, 0x00, 0x78, 0x44, 0x44, 0x44, 0x78, 0x40, 0x40, 0x40, 0x40, 0x00, 0x00, 0x00, 0x00 },  /* 0x50 P */
    { 0x00, 0x00, 0x00, 0x38, 0x44, 0x44, 0x44, 0x44, 0x44, 0x44, 0x44, 0x38, 0x08, 0x04, 0x00, 0x00 },  /* 0x51 Q */
    { 0x00, 0x00, 0x00, 0x78, 0x44, 0x44, 0x44, 0x78, 0x48, 0x48, 0x4C, 0x44, 0x00, 0x00, 0x00, 0x00 },  /* 0x52 R */
    { 0x00, 0x00, 0x00, 0x38, 0x44, 0x40, 0x60, 0x38, 0x04, 0x04, 0x44, 0x38, 0x00, 0x00, 0x00, 0x00 },  /* 0x53 S */
    { 0x00, 0x00, 0x00, 0x7E, 0x10, 0x10, 0x10, 0x10, 0x10, 0x10, 0x10, 0x10, 0x00, 0x00, 0x00, 0x00 },  /* 0x54 T */
    { 0x00, 0x00, 0x00, 0x44, 0x44, 0x44, 0x44, 0x44, 0x44, 0x44, 0x44, 0x38, 0x00, 0x00, 0x00, 0x00 },  /* 0x55 U */
    { 0x00, 0x00, 0x00, 0x44, 0x44, 0x44, 0x64, 0x28, 0x28, 0x28, 0x38, 0x10, 0x00, 0x00, 0x00, 0x00 },  /* 0x56 V */
    { 0x00, 0x00, 0x00, 0x92, 0x92, 0x72, 0x6A, 0x6C, 0x6C, 0x6C, 0x6C, 0x6C, 0x00, 0x00, 0x00, 0x00 },  /* 0x57 W */
    { 0x00, 0x00, 0x00, 0x44, 0x64, 0x28, 0x38, 0x10, 0x38, 0x28, 0x44, 0x44, 0x00, 0x00, 0x00, 0x00 },  /* 0x58 X */
    { 0x00, 0x00, 0x00, 0x44, 0x44, 0x28, 0x28, 0x38, 0x10, 0x10, 0x10, 0x10, 0x00, 0x00, 0x00, 0x00 },  /* 0x59 Y */
    { 0x00, 0x00, 0x00, 0x7C, 0x04, 0x08, 0x18, 0x10, 0x30, 0x20, 0x40, 0x7C, 0x00, 0x00, 0x00, 0x00 },  /* 0x5A Z */
    { 0x00, 0x38, 0x20, 0x20, 0x20, 0x20, 0x20, 0x20, 0x20, 0x20, 0x20, 0x20, 0x38, 0x00, 0x00, 0x00 },  /* 0x5B [ */
    { 0x00, 0x40, 0x60, 0x20, 0x20, 0x30, 0x10, 0x10, 0x08, 0x08, 0x08, 0x04, 0x04, 0x00, 0x00, 0x00 },  /* 0x5C \ */
    { 0x00, 0x38, 0x08, 0x08, 0x08, 0x08, 0x08, 0x08, 0x08, 0x08, 0x08, 0x08, 0x38, 0x00, 0x00, 0x00 },  /* 0x5D ] */
    { 0x00, 0x00, 0x00, 0x10, 0x28, 0x28, 0x24, 0x44, 0x00, 0x00, 0x00, 0x00, 0x00, 0x00, 0x00, 0x00 },  /* 0x5E ^ */
    { 0x00, 0x00, 0x00, 0x00, 0x00, 0x00, 0x00, 0x00, 0x00, 0x00, 0x00, 0x00, 0x7C, 0x00, 0x00, 0x00 },  /* 0x5F _ */
    { 0x00, 0x00, 0x10, 0x10, 0x00, 0x00, 0x00, 0x00, 0x00, 0x00, 0x00, 0x00, 0x00, 0x00, 0x00, 0x00 },  /* 0x60 ` */
    { 0x00, 0x00, 0x00, 0x00, 0x00, 0x38, 0x64, 0x04, 0x3C, 0x44, 0x44, 0x3C, 0x00, 0x00, 0x00, 0x00 },  /* 0x61 a */
    { 0x00, 0x00, 0x00, 0x40, 0x40, 0x78, 0x44, 0x44, 0x44, 0x44, 0x44, 0x78, 0x00, 0x00, 0x00, 0x00 },  /* 0x62 b */
    { 0x00, 0x00, 0x00, 0x00, 0x00, 0x38, 0x44, 0x40, 0x40, 0x40, 0x44, 0x38, 0x00, 0x00, 0x00, 0x00 },  /* 0x63 c */
    { 0x00, 0x00, 0x00, 0x04, 0x04, 0x3C, 0x44, 0x44, 0x44, 0x44, 0x44, 0x3C, 0x00, 0x00, 0x00, 0x00 },  /* 0x64 d */
    { 0x00, 0x00, 0x00, 0x00, 0x00, 0x38, 0x44, 0x44, 0x7C, 0x40, 0x44, 0x38, 0x00, 0x00, 0x00, 0x00 },  /* 0x65 e */
    { 0x00, 0x00, 0x00, 0x1E, 0x10, 0x10, 0x7E, 0x10, 0x10, 0x10, 0x10, 0x10, 0x00, 0x00, 0x00, 0x00 },  /* 0x66 f */
    { 0x00, 0x00, 0x00, 0x00, 0x00, 0x34, 0x4C, 0x44, 0x44, 0x44, 0x3C, 0x04, 0x04, 0x38, 0x00, 0x00 },  /* 0x67 g */
    { 0x00, 0x00, 0x00, 0x40, 0x40, 0x78, 0x44, 0x44, 0x44, 0x44, 0x44, 0x44, 0x00, 0x00, 0x00, 0x00 },  /* 0x68 h */
    { 0x00, 0x00, 0x10, 0x10, 0x00, 0x70, 0x10, 0x10, 0x10, 0x10, 0x10, 0x7E, 0x00, 0x00, 0x00, 0x00 },  /* 0x69 i */
    { 0x00, 0x00, 0x08, 0x08, 0x00, 0x38, 0x08, 0x08, 0x08, 0x08, 0x08, 0x08, 0x08, 0x70, 0x00, 0x00 },  /* 0x6A j */
    { 0x00, 0x00, 0x00, 0x40, 0x40, 0x44, 0x48, 0x48, 0x70, 0x48, 0x4C, 0x44, 0x00, 0x00, 0x00, 0x00 },  /* 0x6B k */
    { 0x00, 0x00, 0x00, 0x70, 0x10, 0x10, 0x10, 0x10, 0x10, 0x10, 0x10, 0x0E, 0x00, 0x00, 0x00, 0x00 },  /* 0x6C l */
    { 0x00, 0x00, 0x00, 0x00, 0x00, 0x7E, 0x52, 0x52, 0x52, 0x52, 0x52, 0x52, 0x00, 0x00, 0x00, 0x00 },  /* 0x6D m */
    { 0x00, 0x00, 0x00, 0x00, 0x00, 0x78, 0x44, 0x44, 0x44, 0x44, 0x44, 0x44, 0x00, 0x00, 0x00, 0x00 },  /* 0x6E n */
    { 0x00, 0x00, 0x00, 0x00, 0x00, 0x38, 0x44, 0x44, 0x44, 0x44, 0x44, 0x38, 0x00, 0x00, 0x00, 0x00 },  /* 0x6F o */
    { 0x00, 0x00, 0x00, 0x00, 0x00, 0x78, 0x44, 0x44, 0x44, 0x44, 0x44, 0x78, 0x40, 0x40, 0x00, 0x00 },  /* 0x70 p */
    { 0x00, 0x00, 0x00, 0x00, 0x00, 0x3C, 0x44, 0x44, 0x44, 0x44, 0x44, 0x3C, 0x04, 0x04, 0x00, 0x00 },  /* 0x71 q */
    { 0x00, 0x00, 0x00, 0x00, 0x00, 0x78, 0x64, 0x44, 0x40, 0x40, 0x40, 0x40, 0x00, 0x00, 0x00, 0x00 },  /* 0x72 r */
    { 0x00, 0x00, 0x00, 0x00, 0x00, 0x38, 0x44, 0x40, 0x38, 0x04, 0x44, 0x38, 0x00, 0x00, 0x00, 0x00 },  /* 0x73 s */
    { 0x00, 0x00, 0x00, 0x10, 0x10, 0x7E, 0x10, 0x10, 0x10, 0x10, 0x10, 0x1E, 0x00, 0x00, 0x00, 0x00 },  /* 0x74 t */
    { 0x00, 0x00, 0x00, 0x00, 0x00, 0x44, 0x44, 0x44, 0x44, 0x44, 0x44, 0x38, 0x00, 0x00, 0x00, 0x00 },  /* 0x75 u */
    { 0x00, 0x00, 0x00, 0x00, 0x00, 0x44, 0x44, 0x64, 0x28, 0x28, 0x28, 0x18, 0x00, 0x00, 0x00, 0x00 },  /* 0x76 v */
    { 0x00, 0x00, 0x00, 0x00, 0x00, 0x92, 0x52, 0x74, 0x6C, 0x6C, 0x6C, 0x6C, 0x00, 0x00, 0x00, 0x00 },  /* 0x77 w */
    { 0x00, 0x00, 0x00, 0x00, 0x00, 0x44, 0x2C, 0x38, 0x10, 0x28, 0x2C, 0x44, 0x00, 0x00, 0x00, 0x00 },  /* 0x78 x */
    { 0x00, 0x00, 0x00, 0x00, 0x00, 0x44, 0x44, 0x24, 0x28, 0x38, 0x18, 0x10, 0x10, 0x20, 0x00, 0x00 },  /* 0x79 y */
    { 0x00, 0x00, 0x00, 0x00, 0x00, 0x7C, 0x0C, 0x08, 0x10, 0x20, 0x60, 0x7C, 0x00, 0x00, 0x00, 0x00 },  /* 0x7A z */
    { 0x00, 0x06, 0x08, 0x08, 0x08, 0x08, 0x08, 0x70, 0x08, 0x08, 0x08, 0x08, 0x0E, 0x00, 0x00, 0x00 },  /* 0x7B { */
    { 0x00, 0x10, 0x10, 0x10, 0x10, 0x10, 0x10, 0x10, 0x10, 0x10, 0x10, 0x10, 0x10, 0x00, 0x00, 0x00 },  /* 0x7C | */
    { 0x00, 0x60, 0x10, 0x10, 0x10, 0x10, 0x10, 0x0E, 0x10, 0x10, 0x10, 0x10, 0x60, 0x00, 0x00, 0x00 },  /* 0x7D } */
    { 0x00, 0x00, 0x00, 0x00, 0x00, 0x00, 0x72, 0x5A, 0x4E, 0x00, 0x00, 0x00, 0x00, 0x00, 0x00, 0x00 },  /* 0x7E ~ */
    { 0x00, 0x00, 0x00, 0x7C, 0x44, 0x4C, 0x54, 0x54, 0x64, 0x64, 0x44, 0x7C, 0x00, 0x00, 0x00, 0x00 },  /* 0x7F   */
    { 0x00, 0x00, 0x00, 0x7C, 0x44, 0x4C, 0x54, 0x54, 0x64, 0x64, 0x44, 0x7C, 0x00, 0x00, 0x00, 0x00 },  /* 0x80   */
    { 0x00, 0x00, 0x00, 0x7C, 0x44, 0x4C, 0x54, 0x54, 0x64, 0x64, 0x44, 0x7C, 0x00, 0x00, 0x00, 0x00 },  /* 0x81   */
    { 0x00, 0x00, 0x00, 0x7C, 0x44, 0x4C, 0x54, 0x54, 0x64, 0x64, 0x44, 0x7C, 0x00, 0x00, 0x00, 0x00 },  /* 0x82   */
    { 0x00, 0x00, 0x00, 0x7C, 0x44, 0x4C, 0x54, 0x54, 0x64, 0x64, 0x44, 0x7C, 0x00, 0x00, 0x00, 0x00 },  /* 0x83   */
    { 0x00, 0x00, 0x00, 0x7C, 0x44, 0x4C, 0x54, 0x54, 0x64, 0x64, 0x44, 0x7C, 0x00, 0x00, 0x00, 0x00 },  /* 0x84   */
    { 0x00, 0x00, 0x00, 0x7C, 0x44, 0x4C, 0x54, 0x54, 0x64, 0x64, 0x44, 0x7C, 0x00, 0x00, 0x00, 0x00 },  /* 0x85   */
    { 0x00, 0x00, 0x00, 0x7C, 0x44, 0x4C, 0x54, 0x54, 0x64, 0x64, 0x44, 0x7C, 0x00, 0x00, 0x00, 0x00 },  /* 0x86   */
    { 0x00, 0x00, 0x00, 0x7C, 0x44, 0x4C, 0x54, 0x54, 0x64, 0x64, 0x44, 0x7C, 0x00, 0x00, 0x00, 0x00 },  /* 0x87   */
    { 0x00, 0x00, 0x00, 0x7C, 0x44, 0x4C, 0x54, 0x54, 0x64, 0x64, 0x44, 0x7C, 0x00, 0x00, 0x00, 0x00 },  /* 0x88   */
    { 0x00, 0x00, 0x00, 0x7C, 0x44, 0x4C, 0x54, 0x54, 0x64, 0x64, 0x44, 0x7C, 0x00, 0x00, 0x00, 0x00 },  /* 0x89   */
    { 0x00, 0x00, 0x00, 0x7C, 0x44, 0x4C, 0x54, 0x54, 0x64, 0x64, 0x44, 0x7C, 0x00, 0x00, 0x00, 0x00 },  /* 0x8A   */
    { 0x00, 0x00, 0x00, 0x7C, 0x44, 0x4C, 0x54, 0x54, 0x64, 0x64, 0x44, 0x7C, 0x00, 0x00, 0x00, 0x00 },  /* 0x8B   */
    { 0x00, 0x00, 0x00, 0x7C, 0x44, 0x4C, 0x54, 0x54, 0x64, 0x64, 0x44, 0x7C, 0x00, 0x00, 0x00, 0x00 },  /* 0x8C   */
    { 0x00, 0x00, 0x00, 0x7C, 0x44, 0x4C, 0x54, 0x54, 0x64, 0x64, 0x44, 0x7C, 0x00, 0x00, 0x00, 0x00 },  /* 0x8D   */
    { 0x00, 0x00, 0x00, 0x7C, 0x44, 0x4C, 0x54, 0x54, 0x64, 0x64, 0x44, 0x7C, 0x00, 0x00, 0x00, 0x00 },  /* 0x8E   */
    { 0x00, 0x00, 0x00, 0x7C, 0x44, 0x4C, 0x54, 0x54, 0x64, 0x64, 0x44, 0x7C, 0x00, 0x00, 0x00, 0x00 },  /* 0x8F   */
    { 0x00, 0x00, 0x00, 0x7C, 0x44, 0x4C, 0x54, 0x54, 0x64, 0x64, 0x44, 0x7C, 0x00, 0x00, 0x00, 0x00 },  /* 0x90   */
    { 0x00, 0x00, 0x00, 0x7C, 0x44, 0x4C, 0x54, 0x54, 0x64, 0x64, 0x44, 0x7C, 0x00, 0x00, 0x00, 0x00 },  /* 0x91   */
    { 0x00, 0x00, 0x00, 0x7C, 0x44, 0x4C, 0x54, 0x54, 0x64, 0x64, 0x44, 0x7C, 0x00, 0x00, 0x00, 0x00 },  /* 0x92   */
    { 0x00, 0x00, 0x00, 0x7C, 0x44, 0x4C, 0x54, 0x54, 0x64, 0x64, 0x44, 0x7C, 0x00, 0x00, 0x00, 0x00 },  /* 0x93   */
    { 0x00, 0x00, 0x00, 0x7C, 0x44, 0x4C, 0x54, 0x54, 0x64, 0x64, 0x44, 0x7C, 0x00, 0x00, 0x00, 0x00 },  /* 0x94   */
    { 0x00, 0x00, 0x00, 0x7C, 0x44, 0x4C, 0x54, 0x54, 0x64, 0x64, 0x44, 0x7C, 0x00, 0x00, 0x00, 0x00 },  /* 0x95   */
    { 0x00, 0x00, 0x00, 0x7C, 0x44, 0x4C, 0x54, 0x54, 0x64, 0x64, 0x44, 0x7C, 0x00, 0x00, 0x00, 0x00 },  /* 0x96   */
    { 0x00, 0x00, 0x00, 0x7C, 0x44, 0x4C, 0x54, 0x54, 0x64, 0x64, 0x44, 0x7C, 0x00, 0x00, 0x00, 0x00 },  /* 0x97   */
    { 0x00, 0x00, 0x00, 0x7C, 0x44, 0x4C, 0x54, 0x54, 0x64, 0x64, 0x44, 0x7C, 0x00, 0x00, 0x00, 0x00 },  /* 0x98   */
    { 0x00, 0x00, 0x00, 0x7C, 0x44, 0x4C, 0x54, 0x54, 0x64, 0x64, 0x44, 0x7C, 0x00, 0x00, 0x00, 0x00 },  /* 0x99   */
    { 0x00, 0x00, 0x00, 0x7C, 0x44, 0x4C, 0x54, 0x54, 0x64, 0x64, 0x44, 0x7C, 0x00, 0x00, 0x00, 0x00 },  /* 0x9A   */
    { 0x00, 0x00, 0x00, 0x7C, 0x44, 0x4C, 0x54, 0x54, 0x64, 0x64, 0x44, 0x7C, 0x00, 0x00, 0x00, 0x00 },  /* 0x9B   */
    { 0x00, 0x00, 0x00, 0x7C, 0x44, 0x4C, 0x54, 0x54, 0x64, 0x64, 0x44, 0x7C, 0x00, 0x00, 0x00, 0x00 },  /* 0x9C   */
    { 0x00, 0x00, 0x00, 0x7C, 0x44, 0x4C, 0x54, 0x54, 0x64, 0x64, 0x44, 0x7C, 0x00, 0x00, 0x00, 0x00 },  /* 0x9D   */
    { 0x00, 0x00, 0x00, 0x7C, 0x44, 0x4C, 0x54, 0x54, 0x64, 0x64, 0x44, 0x7C, 0x00, 0x00, 0x00, 0x00 },  /* 0x9E   */
    { 0x00, 0x00, 0x00, 0x7C, 0x44, 0x4C, 0x54, 0x54, 0x64, 0x64, 0x44, 0x7C, 0x00, 0x00, 0x00, 0x00 },  /* 0x9F   */
    { 0x00, 0x00, 0x00, 0x00, 0x00, 0x00, 0x00, 0x00, 0x00, 0x00, 0x00, 0x00, 0x00, 0x00, 0x00, 0x00 },  /* 0xA0   */
    { 0x00, 0x00, 0x00, 0x00, 0x00, 0x18, 0x00, 0x00, 0x10, 0x10, 0x10, 0x10, 0x10, 0x10, 0x00, 0x00 },  /* 0xA1   */
    { 0x00, 0x00, 0x00, 0x10, 0x10, 0x38, 0x54, 0x50, 0x50, 0x50, 0x54, 0x38, 0x10, 0x10, 0x00, 0x00 },  /* 0xA2   */
    { 0x00, 0x00, 0x00, 0x38, 0x44, 0x40, 0x40, 0x78, 0x20, 0x20, 0x40, 0x7E, 0x00, 0x00, 0x00, 0x00 },  /* 0xA3   */
    { 0x00, 0x00, 0x00, 0x00, 0x00, 0x7C, 0x44, 0x44, 0x44, 0x7C, 0x00, 0x00, 0x00, 0x00, 0x00, 0x00 },  /* 0xA4   */
    { 0x00, 0x00, 0x00, 0x44, 0x44, 0x6C, 0x28, 0x28, 0x7C, 0x10, 0x7C, 0x10, 0x00, 0x00, 0x00, 0x00 },  /* 0xA5   */
    { 0x00, 0x10, 0x10, 0x10, 0x10, 0x10, 0x00, 0x00, 0x10, 0x10, 0x10, 0x10, 0x10, 0x00, 0x00, 0x00 },  /* 0xA6   */
    { 0x00, 0x00, 0x00, 0x38, 0x44, 0x40, 0x38, 0x44, 0x44, 0x64, 0x38, 0x04, 0x44, 0x38, 0x00, 0x00 },  /* 0xA7   */
    { 0x00, 0x00, 0x00, 0x48, 0x00, 0x00, 0x00, 0x00, 0x00, 0x00, 0x00, 0x00, 0x00, 0x00, 0x00, 0x00 },  /* 0xA8   */
    { 0x00, 0x00, 0x00, 0x3C, 0x66, 0x5A, 0x52, 0x56, 0x5A, 0x66, 0x3C, 0x00, 0x00, 0x00, 0x00, 0x00 },  /* 0xA9   */
    { 0x00, 0x00, 0x00, 0x30, 0x38, 0x28, 0x30, 0x00, 0x00, 0x00, 0x00, 0x00, 0x00, 0x00, 0x00, 0x00 },  /* 0xAA   */
    { 0x00, 0x00, 0x00, 0x00, 0x00, 0x34, 0x2C, 0x48, 0x48, 0x2C, 0x34, 0x00, 0x00, 0x00, 0x00, 0x00 },  /* 0xAB   */
    { 0x00, 0x00, 0x00, 0x00, 0x00, 0x00, 0x00, 0xFC, 0x04, 0x04, 0x00, 0x00, 0x00, 0x00, 0x00, 0x00 },  /* 0xAC   */
    { 0x00, 0x00, 0x00, 0x00, 0x00, 0x00, 0x00, 0x00, 0x00, 0x00, 0x00, 0x00, 0x00, 0x00, 0x00, 0x00 },  /* 0xAD   */
    { 0x00, 0x00, 0x00, 0x3C, 0x66, 0x5E, 0x56, 0x5E, 0x56, 0x66, 0x3C, 0x00, 0x00, 0x00, 0x00, 0x00 },  /* 0xAE   */
    { 0x00, 0x00, 0x00, 0x3C, 0x00, 0x00, 0x00, 0x00, 0x00, 0x00, 0x00, 0x00, 0x00, 0x00, 0x00, 0x00 },  /* 0xAF   */
    { 0x00, 0x00, 0x00, 0x18, 0x24, 0x24, 0x18, 0x00, 0x00, 0x00, 0x00, 0x00, 0x00, 0x00, 0x00, 0x00 },  /* 0xB0   */
    { 0x00, 0x00, 0x00, 0x00, 0x00, 0x10, 0x10, 0x7E, 0x10, 0x10, 0x10, 0x7E, 0x00, 0x00, 0x00, 0x00 },  /* 0xB1   */
    { 0x00, 0x00, 0x38, 0x08, 0x08, 0x30, 0x38, 0x00, 0x00, 0x00, 0x00, 0x00, 0x00, 0x00, 0x00, 0x00 },  /* 0xB2   */
    { 0x00, 0x00, 0x38, 0x10, 0x10, 0x08, 0x38, 0x00, 0x00, 0x00, 0x00, 0x00, 0x00, 0x00, 0x00, 0x00 },  /* 0xB3   */
    { 0x00, 0x00, 0x18, 0x10, 0x00, 0x00, 0x00, 0x00, 0x00, 0x00, 0x00, 0x00, 0x00, 0x00, 0x00, 0x00 },  /* 0xB4   */
    { 0x00, 0x00, 0x00, 0x00, 0x00, 0x44, 0x44, 0x44, 0x44, 0x44, 0x44, 0x78, 0x40, 0x40, 0x00, 0x00 },  /* 0xB5   */
    { 0x00, 0x00, 0x00, 0x74, 0x74, 0xF4, 0x74, 0x74, 0x14, 0x14, 0x14, 0x14, 0x14, 0x14, 0x00, 0x00 },  /* 0xB6   */
    { 0x00, 0x00, 0x00, 0x00, 0x00, 0x00, 0x00, 0x18, 0x18, 0x00, 0x00, 0x00, 0x00, 0x00, 0x00, 0x00 },  /* 0xB7   */
    { 0x00, 0x00, 0x00, 0x00, 0x00, 0x00, 0x00, 0x00, 0x00, 0x00, 0x00, 0x00, 0x10, 0x08, 0x18, 0x00 },  /* 0xB8   */
    { 0x00, 0x00, 0x30, 0x10, 0x10, 0x10, 0x38, 0x00, 0x00, 0x00, 0x00, 0x00, 0x00, 0x00, 0x00, 0x00 },  /* 0xB9   */
    { 0x00, 0x00, 0x00, 0x10, 0x28, 0x28, 0x10, 0x00, 0x00, 0x00, 0x00, 0x00, 0x00, 0x00, 0x00, 0x00 },  /* 0xBA   */
    { 0x00, 0x00, 0x00, 0x00, 0x00, 0x48, 0x2C, 0x34, 0x34, 0x2C, 0x48, 0x00, 0x00, 0x00, 0x00, 0x00 },  /* 0xBB   */
    { 0x00, 0x00, 0x00, 0x64, 0x24, 0x28, 0x78, 0x10, 0x14, 0x28, 0x2E, 0x42, 0x00, 0x00, 0x00, 0x00 },  /* 0xBC   */
    { 0x00, 0x00, 0x00, 0x64, 0x28, 0x28, 0x78, 0x10, 0x1E, 0x2A, 0x24, 0x4E, 0x00, 0x00, 0x00, 0x00 },  /* 0xBD   */
    { 0x00, 0x00, 0x00, 0xD0, 0xD0, 0x60, 0xE0, 0x40, 0x50, 0xA0, 0xB8, 0x88, 0x00, 0x00, 0x00, 0x00 },  /* 0xBE   */
    { 0x00, 0x00, 0x00, 0x00, 0x00, 0x18, 0x00, 0x10, 0x10, 0x30, 0x40, 0x40, 0x40, 0x3C, 0x00, 0x00 },  /* 0xBF   */
    { 0x20, 0x10, 0x00, 0x10, 0x28, 0x28, 0x28, 0x28, 0x64, 0x7C, 0x44, 0x44, 0x00, 0x00, 0x00, 0x00 },  /* 0xC0   */
    { 0x08, 0x10, 0x00, 0x10, 0x28, 0x28, 0x28, 0x28, 0x64, 0x7C, 0x44, 0x44, 0x00, 0x00, 0x00, 0x00 },  /* 0xC1   */
    { 0x18, 0x28, 0x00, 0x10, 0x28, 0x28, 0x28, 0x28, 0x64, 0x7C, 0x44, 0x44, 0x00, 0x00, 0x00, 0x00 },  /* 0xC2   */
    { 0x34, 0x2C, 0x00, 0x18, 0x18, 0x18, 0x24, 0x24, 0x24, 0x3C, 0x42, 0x42, 0x00, 0x00, 0x00, 0x00 },  /* 0xC3   */
    { 0x48, 0x00, 0x00, 0x30, 0x30, 0x78, 0x48, 0x48, 0x48, 0x78, 0x84, 0x84, 0x00, 0x00, 0x00, 0x00 },  /* 0xC4   */
    { 0x28, 0x38, 0x00, 0x10, 0x30, 0x28, 0x28, 0x28, 0x6C, 0x7C, 0x44, 0x44, 0x00, 0x00, 0x00, 0x00 },  /* 0xC5   */
    { 0x00, 0x00, 0x00, 0x3E, 0x28, 0x28, 0x28, 0x2E, 0x78, 0x48, 0x48, 0x4E, 0x00, 0x00, 0x00, 0x00 },  /* 0xC6   */
    { 0x00, 0x00, 0x00, 0x38, 0x44, 0x44, 0x40, 0x40, 0x40, 0x44, 0x44, 0x38, 0x10, 0x08, 0x38, 0x00 },  /* 0xC7   */
    { 0x20, 0x10, 0x00, 0x7C, 0x40, 0x40, 0x40, 0x7C, 0x40, 0x40, 0x40, 0x7C, 0x00, 0x00, 0x00, 0x00 },  /* 0xC8   */
    { 0x08, 0x10, 0x00, 0x7C, 0x40, 0x40, 0x40, 0x7C, 0x40, 0x40, 0x40, 0x7C, 0x00, 0x00, 0x00, 0x00 },  /* 0xC9   */
    { 0x10, 0x28, 0x00, 0x7C, 0x40, 0x40, 0x40, 0x7C, 0x40, 0x40, 0x40, 0x7C, 0x00, 0x00, 0x00, 0x00 },  /* 0xCA   */
    { 0x28, 0x00, 0x00, 0x78, 0x40, 0x40, 0x40, 0x78, 0x40, 0x40, 0x40, 0x78, 0x00, 0x00, 0x00, 0x00 },  /* 0xCB   */
    { 0x20, 0x10, 0x00, 0x7C, 0x10, 0x10, 0x10, 0x10, 0x10, 0x10, 0x10, 0x7C, 0x00, 0x00, 0x00, 0x00 },  /* 0xCC   */
    { 0x08, 0x10, 0x00, 0x7C, 0x10, 0x10, 0x10, 0x10, 0x10, 0x10, 0x10, 0x7C, 0x00, 0x00, 0x00, 0x00 },  /* 0xCD   */
    { 0x10, 0x28, 0x00, 0x7C, 0x10, 0x10, 0x10, 0x10, 0x10, 0x10, 0x10, 0x7C, 0x00, 0x00, 0x00, 0x00 },  /* 0xCE   */
    { 0x28, 0x00, 0x00, 0x7C, 0x10, 0x10, 0x10, 0x10, 0x10, 0x10, 0x10, 0x7C, 0x00, 0x00, 0x00, 0x00 },  /* 0xCF   */
    { 0x00, 0x00, 0x00, 0x78, 0x44, 0x44, 0x44, 0xE4, 0x44, 0x44, 0x44, 0x78, 0x00, 0x00, 0x00, 0x00 },  /* 0xD0   */
    { 0x30, 0x18, 0x00, 0x64, 0x64, 0x64, 0x54, 0x54, 0x54, 0x4C, 0x4C, 0x4C, 0x00, 0x00, 0x00, 0x00 },  /* 0xD1   */
    { 0x20, 0x10, 0x00, 0x38, 0x44, 0x44, 0x44, 0x44, 0x44, 0x44, 0x44, 0x38, 0x00, 0x00, 0x00, 0x00 },  /* 0xD2   */
    { 0x08, 0x10, 0x00, 0x38, 0x44, 0x44, 0x44, 0x44, 0x44, 0x44, 0x44, 0x38, 0x00, 0x00, 0x00, 0x00 },  /* 0xD3   */
    { 0x38, 0x6C, 0x00, 0x38, 0x44, 0x44, 0x44, 0x44, 0x44, 0x44, 0x44, 0x38, 0x00, 0x00, 0x00, 0x00 },  /* 0xD4   */
    { 0x30, 0x18, 0x00, 0x38, 0x44, 0x44, 0x44, 0x44, 0x44, 0x44, 0x44, 0x38, 0x00, 0x00, 0x00, 0x00 },  /* 0xD5   */
    { 0x28, 0x00, 0x00, 0x38, 0x44, 0x44, 0x44, 0x44, 0x44, 0x44, 0x44, 0x38, 0x00, 0x00, 0x00, 0x00 },  /* 0xD6   */
    { 0x00, 0x00, 0x00, 0x00, 0x00, 0x00, 0x2C, 0x18, 0x38, 0x6C, 0x00, 0x00, 0x00, 0x00, 0x00, 0x00 },  /* 0xD7   */
    { 0x00, 0x00, 0x00, 0x3C, 0x44, 0x4C, 0x4C, 0x54, 0x54, 0x64, 0x44, 0x78, 0x80, 0x00, 0x00, 0x00 },  /* 0xD8   */
    { 0x20, 0x10, 0x00, 0x44, 0x44, 0x44, 0x44, 0x44, 0x44, 0x44, 0x44, 0x38, 0x00, 0x00, 0x00, 0x00 },  /* 0xD9   */
    { 0x08, 0x10, 0x00, 0x44, 0x44, 0x44, 0x44, 0x44, 0x44, 0x44, 0x44, 0x38, 0x00, 0x00, 0x00, 0x00 },  /* 0xDA   */
    { 0x38, 0x64, 0x00, 0x44, 0x44, 0x44, 0x44, 0x44, 0x44, 0x44, 0x44, 0x38, 0x00, 0x00, 0x00, 0x00 },  /* 0xDB   */
    { 0x28, 0x00, 0x00, 0x44, 0x44, 0x44, 0x44, 0x44, 0x44, 0x44, 0x44, 0x38, 0x00, 0x00, 0x00, 0x00 },  /* 0xDC   */
    { 0x08, 0x10, 0x00, 0x44, 0x44, 0x28, 0x28, 0x38, 0x10, 0x10, 0x10, 0x10, 0x00, 0x00, 0x00, 0x00 },  /* 0xDD   */
    { 0x00, 0x00, 0x00, 0x40, 0x40, 0x78, 0x44, 0x44, 0x44, 0x78, 0x40, 0x40, 0x00, 0x00, 0x00, 0x00 },  /* 0xDE   */
    { 0x00, 0x00, 0x00, 0x38, 0x44, 0x44, 0x44, 0x58, 0x44, 0x44, 0x44, 0x58, 0x00, 0x00, 0x00, 0x00 },  /* 0xDF   */
    { 0x00, 0x00, 0x20, 0x10, 0x00, 0x38, 0x64, 0x04, 0x3C, 0x44, 0x44, 0x3C, 0x00, 0x00, 0x00, 0x00 },  /* 0xE0   */
    { 0x00, 0x00, 0x08, 0x10, 0x00, 0x38, 0x64, 0x04, 0x3C, 0x44, 0x44, 0x3C, 0x00, 0x00, 0x00, 0x00 },  /* 0xE1   */
    { 0x00, 0x00, 0x18, 0x28, 0x00, 0x38, 0x64, 0x04, 0x3C, 0x44, 0x44, 0x3C, 0x00, 0x00, 0x00, 0x00 },  /* 0xE2   */
    { 0x00, 0x00, 0x34, 0x28, 0x00, 0x38, 0x64, 0x04, 0x3C, 0x44, 0x44, 0x3C, 0x00, 0x00, 0x00, 0x00 },  /* 0xE3   */
    { 0x00, 0x00, 0x24, 0x24, 0x00, 0x38, 0x04, 0x04, 0x3C, 0x44, 0x44, 0x3C, 0x00, 0x00, 0x00, 0x00 },  /* 0xE4   */
    { 0x00, 0x38, 0x28, 0x38, 0x00, 0x38, 0x44, 0x04, 0x3C, 0x44, 0x44, 0x3C, 0x00, 0x00, 0x00, 0x00 },  /* 0xE5   */
    { 0x00, 0x00, 0x00, 0x00, 0x00, 0x76, 0x49, 0x09, 0x7F, 0x48, 0x49, 0x76, 0x00, 0x00, 0x00, 0x00 },  /* 0xE6   */
    { 0x00, 0x00, 0x00, 0x00, 0x00, 0x38, 0x44, 0x40, 0x40, 0x40, 0x44, 0x38, 0x10, 0x08, 0x38, 0x00 },  /* 0xE7   */
    { 0x00, 0x00, 0x20, 0x10, 0x00, 0x38, 0x44, 0x44, 0x7C, 0x40, 0x44, 0x38, 0x00, 0x00, 0x00, 0x00 },  /* 0xE8   */
    { 0x00, 0x00, 0x08, 0x10, 0x00, 0x38, 0x44, 0x44, 0x7C, 0x40, 0x44, 0x38, 0x00, 0x00, 0x00, 0x00 },  /* 0xE9   */
    { 0x00, 0x00, 0x10, 0x28, 0x00, 0x38, 0x44, 0x44, 0x7C, 0x40, 0x44, 0x38, 0x00, 0x00, 0x00, 0x00 },  /* 0xEA   */
    { 0x00, 0x00, 0x28, 0x28, 0x00, 0x38, 0x44, 0x44, 0x7C, 0x40, 0x44, 0x38, 0x00, 0x00, 0x00, 0x00 },  /* 0xEB   */
    { 0x00, 0x00, 0x20, 0x10, 0x00, 0x70, 0x10, 0x10, 0x10, 0x10, 0x10, 0x7E, 0x00, 0x00, 0x00, 0x00 },  /* 0xEC   */
    { 0x00, 0x00, 0x08, 0x10, 0x00, 0x70, 0x10, 0x10, 0x10, 0x10, 0x10, 0x7E, 0x00, 0x00, 0x00, 0x00 },  /* 0xED   */
    { 0x00, 0x00, 0x10, 0x2C, 0x00, 0x70, 0x10, 0x10, 0x10, 0x10, 0x10, 0x7E, 0x00, 0x00, 0x00, 0x00 },  /* 0xEE   */
    { 0x00, 0x00, 0x24, 0x24, 0x00, 0x70, 0x10, 0x10, 0x10, 0x10, 0x10, 0x7E, 0x00, 0x00, 0x00, 0x00 },  /* 0xEF   */
    { 0x00, 0x00, 0x38, 0x30, 0x08, 0x38, 0x44, 0x44, 0x44, 0x44, 0x38, 0x00, 0x00, 0x00, 0x00, 0x00 },  /* 0xF0   */
    { 0x00, 0x00, 0x34, 0x18, 0x00, 0x78, 0x44, 0x44, 0x44, 0x44, 0x44, 0x44, 0x00, 0x00, 0x00, 0x00 },  /* 0xF1   */
    { 0x00, 0x00, 0x20, 0x10, 0x00, 0x38, 0x44, 0x44, 0x44, 0x44, 0x44, 0x38, 0x00, 0x00, 0x00, 0x00 },  /* 0xF2   */
    { 0x00, 0x00, 0x08, 0x10, 0x00, 0x38, 0x44, 0x44, 0x44, 0x44, 0x44, 0x38, 0x00, 0x00, 0x00, 0x00 },  /* 0xF3   */
    { 0x00, 0x00, 0x10, 0x28, 0x00, 0x38, 0x44, 0x44, 0x44, 0x44, 0x44, 0x38, 0x00, 0x00, 0x00, 0x00 },  /* 0xF4   */
    { 0x00, 0x00, 0x30, 0x18, 0x00, 0x38, 0x44, 0x44, 0x44, 0x44, 0x44, 0x38, 0x00, 0x00, 0x00, 0x00 },  /* 0xF5   */
    { 0x00, 0x00, 0x28, 0x28, 0x00, 0x38, 0x44, 0x44, 0x44, 0x44, 0x44, 0x38, 0x00, 0x00, 0x00, 0x00 },  /* 0xF6   */
    { 0x00, 0x00, 0x00, 0x00, 0x00, 0x18, 0x00, 0x7E, 0x00, 0x18, 0x00, 0x00, 0x00, 0x00, 0x00, 0x00 },  /* 0xF7   */
    { 0x00, 0x00, 0x00, 0x00, 0x02, 0x3C, 0x4C, 0x5C, 0x54, 0x64, 0x44, 0x78, 0x00, 0x00, 0x00, 0x00 },  /* 0xF8   */
    { 0x00, 0x00, 0x20, 0x10, 0x00, 0x44, 0x44, 0x44, 0x44, 0x44, 0x44, 0x38, 0x00, 0x00, 0x00, 0x00 },  /* 0xF9   */
    { 0x00, 0x00, 0x08, 0x10, 0x00, 0x44, 0x44, 0x44, 0x44, 0x44, 0x44, 0x38, 0x00, 0x00, 0x00, 0x00 },  /* 0xFA   */
    { 0x00, 0x00, 0x10, 0x28, 0x00, 0x44, 0x44, 0x44, 0x44, 0x44, 0x44, 0x38, 0x00, 0x00, 0x00, 0x00 },  /* 0xFB   */
    { 0x00, 0x00, 0x28, 0x28, 0x00, 0x44, 0x44, 0x44, 0x44, 0x44, 0x44, 0x38, 0x00, 0x00, 0x00, 0x00 },  /* 0xFC   */
    { 0x00, 0x00, 0x08, 0x10, 0x00, 0x44, 0x44, 0x24, 0x28, 0x38, 0x18, 0x10, 0x10, 0x20, 0x00, 0x00 },  /* 0xFD   */
    { 0x00, 0x00, 0x00, 0x40, 0x40, 0x78, 0x44, 0x44, 0x44, 0x44, 0x44, 0x78, 0x40, 0x40, 0x00, 0x00 },  /* 0xFE   */
    { 0x00, 0x00, 0x48, 0x48, 0x00, 0x84, 0x48, 0x48, 0x68, 0x30, 0x30, 0x20, 0x20, 0x20, 0x00, 0x00 },  /* 0xFF   */
};

static const uint8_t glyphs_plex[FONT_GLYPHS][FONT_HEIGHT] = {
    { 0x00, 0x00, 0x00, 0x00, 0x00, 0x00, 0x00, 0x00, 0x00, 0x00, 0x00, 0x00, 0x00, 0x00, 0x00, 0x00 },  /* 0x20   */
    { 0x00, 0x00, 0x00, 0x18, 0x18, 0x18, 0x10, 0x10, 0x10, 0x00, 0x18, 0x18, 0x00, 0x00, 0x00, 0x00 },  /* 0x21 ! */
    { 0x00, 0x00, 0x28, 0x28, 0x28, 0x28, 0x00, 0x00, 0x00, 0x00, 0x00, 0x00, 0x00, 0x00, 0x00, 0x00 },  /* 0x22 " */
    { 0x00, 0x00, 0x00, 0x14, 0x14, 0x14, 0x67, 0x24, 0xE6, 0x28, 0x28, 0x28, 0x00, 0x00, 0x00, 0x00 },  /* 0x23 # */
    { 0x00, 0x00, 0x08, 0x3C, 0x4A, 0x48, 0x68, 0x3C, 0x0A, 0x0A, 0x4A, 0x3C, 0x08, 0x00, 0x00, 0x00 },  /* 0x24 $ */
    { 0x00, 0x00, 0x00, 0x73, 0x92, 0x94, 0x74, 0x00, 0x2E, 0x29, 0x49, 0xCE, 0x00, 0x00, 0x00, 0x00 },  /* 0x25 % */
    { 0x00, 0x00, 0x00, 0x38, 0x44, 0x40, 0x20, 0x72, 0x5C, 0xCC, 0x44, 0x7B, 0x00, 0x00, 0x00, 0x00 },  /* 0x26 & */
    { 0x00, 0x00, 0x10, 0x10, 0x10, 0x10, 0x00, 0x00, 0x00, 0x00, 0x00, 0x00, 0x00, 0x00, 0x00, 0x00 },  /* 0x27 ' */
    { 0x00, 0x00, 0x06, 0x08, 0x10, 0x10, 0x10, 0x10, 0x10, 0x10, 0x10, 0x10, 0x08, 0x06, 0x00, 0x00 },  /* 0x28 ( */
    { 0x00, 0x00, 0x60, 0x10, 0x10, 0x08, 0x08, 0x08, 0x08, 0x08, 0x08, 0x10, 0x10, 0x60, 0x00, 0x00 },  /* 0x29 ) */
    { 0x00, 0x00, 0x00, 0x00, 0x00, 0x10, 0x10, 0x76, 0x18, 0x18, 0x24, 0x00, 0x00, 0x00, 0x00, 0x00 },  /* 0x2A * */
    { 0x00, 0x00, 0x00, 0x00, 0x00, 0x10, 0x10, 0x10, 0x7E, 0x10, 0x10, 0x10, 0x00, 0x00, 0x00, 0x00 },  /* 0x2B + */
    { 0x00, 0x00, 0x00, 0x00, 0x00, 0x00, 0x00, 0x00, 0x00, 0x00, 0x18, 0x18, 0x10, 0x10, 0x00, 0x00 },  /* 0x2C , */
    { 0x00, 0x00, 0x00, 0x00, 0x00, 0x00, 0x00, 0x00, 0x3C, 0x00, 0x00, 0x00, 0x00, 0x00, 0x00, 0x00 },  /* 0x2D - */
    { 0x00, 0x00, 0x00, 0x00, 0x00, 0x00, 0x00, 0x00, 0x00, 0x00, 0x18, 0x18, 0x00, 0x00, 0x00, 0x00 },  /* 0x2E . */
    { 0x00, 0x00, 0x06, 0x04, 0x04, 0x08, 0x08, 0x08, 0x10, 0x10, 0x20, 0x20, 0x20, 0x40, 0x00, 0x00 },  /* 0x2F / */
    { 0x00, 0x00, 0x00, 0x3C, 0x66, 0x42, 0x5A, 0x5A, 0x42, 0x42, 0x66, 0x3C, 0x00, 0x00, 0x00, 0x00 },  /* 0x30 0 */
    { 0x00, 0x00, 0x00, 0x18, 0x28, 0x48, 0x08, 0x08, 0x08, 0x08, 0x08, 0x7E, 0x00, 0x00, 0x00, 0x00 },  /* 0x31 1 */
    { 0x00, 0x00, 0x00, 0x3C, 0x64, 0x42, 0x06, 0x04, 0x08, 0x10, 0x60, 0x7E, 0x00, 0x00, 0x00, 0x00 },  /* 0x32 2 */
    { 0x00, 0x00, 0x00, 0x3C, 0x46, 0x06, 0x04, 0x18, 0x06, 0x02, 0x46, 0x3C, 0x00, 0x00, 0x00, 0x00 },  /* 0x33 3 */
    { 0x00, 0x00, 0x00, 0x0C, 0x0C, 0x14, 0x24, 0x24, 0x44, 0x7E, 0x04, 0x04, 0x00, 0x00, 0x00, 0x00 },  /* 0x34 4 */
    { 0x00, 0x00, 0x00, 0x3E, 0x20, 0x40, 0x5C, 0x66, 0x02, 0x02, 0x46, 0x3C, 0x00, 0x00, 0x00, 0x00 },  /* 0x35 5 */
    { 0x00, 0x00, 0x00, 0x0C, 0x10, 0x20, 0x5C, 0x66, 0x42, 0x42, 0x66, 0x3C, 0x00, 0x00, 0x00, 0x00 },  /* 0x36 6 */
    { 0x00, 0x00, 0x00, 0x7E, 0x42, 0x44, 0x04, 0x08, 0x08, 0x18, 0x10, 0x30, 0x00, 0x00, 0x00, 0x00 },  /* 0x37 7 */
    { 0x00, 0x00, 0x00, 0x3C, 0x66, 0x42, 0x66, 0x18, 0x66, 0x42, 0x42, 0x3C, 0x00, 0x00, 0x00, 0x00 },  /* 0x38 8 */
    { 0x00, 0x00, 0x00, 0x3C, 0x66, 0x42, 0x42, 0x66, 0x3A, 0x04, 0x08, 0x30, 0x00, 0x00, 0x00, 0x00 },  /* 0x39 9 */
    { 0x00, 0x00, 0x00, 0x00, 0x00, 0x18, 0x18, 0x00, 0x00, 0x00, 0x18, 0x18, 0x00, 0x00, 0x00, 0x00 },  /* 0x3A : */
    { 0x00, 0x00, 0x00, 0x00, 0x00, 0x18, 0x18, 0x00, 0x00, 0x00, 0x18, 0x18, 0x10, 0x10, 0x00, 0x00 },  /* 0x3B ; */
    { 0x00, 0x00, 0x00, 0x00, 0x02, 0x0C, 0x18, 0x60, 0x60, 0x18, 0x0C, 0x02, 0x00, 0x00, 0x00, 0x00 },  /* 0x3C < */
    { 0x00, 0x00, 0x00, 0x00, 0x00, 0x00, 0x7E, 0x00, 0x00, 0x7E, 0x00, 0x00, 0x00, 0x00, 0x00, 0x00 },  /* 0x3D = */
    { 0x00, 0x00, 0x00, 0x00, 0x40, 0x30, 0x18, 0x06, 0x06, 0x18, 0x30, 0x40, 0x00, 0x00, 0x00, 0x00 },  /* 0x3E > */
    { 0x00, 0x00, 0x00, 0x3C, 0x66, 0x42, 0x04, 0x18, 0x10, 0x00, 0x18, 0x18, 0x00, 0x00, 0x00, 0x00 },  /* 0x3F ? */
    { 0x00, 0x00, 0x00, 0x3C, 0x66, 0x42, 0x5E, 0x52, 0x52, 0x52, 0x5E, 0x20, 0x3C, 0x00, 0x00, 0x00 },  /* 0x40 @ */
    { 0x00, 0x00, 0x00, 0x18, 0x18, 0x28, 0x24, 0x24, 0x3C, 0x42, 0x42, 0xC3, 0x00, 0x00, 0x00, 0x00 },  /* 0x41 A */
    { 0x00, 0x00, 0x00, 0x7C, 0x46, 0x42, 0x46, 0x7C, 0x42, 0x42, 0x42, 0x7C, 0x00, 0x00, 0x00, 0x00 },  /* 0x42 B */
    { 0x00, 0x00, 0x00, 0x3C, 0x22, 0x40, 0x40, 0x40, 0x40, 0x40, 0x22, 0x3C, 0x00, 0x00, 0x00, 0x00 },  /* 0x43 C */
    { 0x00, 0x00, 0x00, 0x7C, 0x46, 0x42, 0x42, 0x42, 0x42, 0x42, 0x46, 0x7C, 0x00, 0x00, 0x00, 0x00 },  /* 0x44 D */
    { 0x00, 0x00, 0x00, 0x7E, 0x40, 0x40, 0x40, 0x7E, 0x40, 0x40, 0x40, 0x7E, 0x00, 0x00, 0x00, 0x00 },  /* 0x45 E */
    { 0x00, 0x00, 0x00, 0x7E, 0x40, 0x40, 0x40, 0x7E, 0x40, 0x40, 0x40, 0x40, 0x00, 0x00, 0x00, 0x00 },  /* 0x46 F */
    { 0x00, 0x00, 0x00, 0x3C, 0x66, 0x40, 0x40, 0x4E, 0x42, 0x42, 0x66, 0x3A, 0x00, 0x00, 0x00, 0x00 },  /* 0x47 G */
    { 0x00, 0x00, 0x00, 0x42, 0x42, 0x42, 0x42, 0x7E, 0x42, 0x42, 0x42, 0x42, 0x00, 0x00, 0x00, 0x00 },  /* 0x48 H */
    { 0x00, 0x00, 0x00, 0x7E, 0x18, 0x18, 0x18, 0x18, 0x18, 0x18, 0x18, 0x7E, 0x00, 0x00, 0x00, 0x00 },  /* 0x49 I */
    { 0x00, 0x00, 0x00, 0x3C, 0x04, 0x04, 0x04, 0x04, 0x04, 0x04, 0x44, 0x38, 0x00, 0x00, 0x00, 0x00 },  /* 0x4A J */
    { 0x00, 0x00, 0x00, 0x43, 0x44, 0x48, 0x58, 0x78, 0x68, 0x44, 0x46, 0x43, 0x00, 0x00, 0x00, 0x00 },  /* 0x4B K */
    { 0x00, 0x00, 0x00, 0x20, 0x20, 0x20, 0x20, 0x20, 0x20, 0x20, 0x20, 0x3E, 0x00, 0x00, 0x00, 0x00 },  /* 0x4C L */
    { 0x00, 0x00, 0x00, 0x66, 0x66, 0x66, 0x5A, 0x5A, 0x52, 0x42, 0x42, 0x42, 0x00, 0x00, 0x00, 0x00 },  /* 0x4D M */
    { 0x00, 0x00, 0x00, 0x62, 0x62, 0x52, 0x52, 0x4A, 0x4A, 0x4A, 0x46, 0x46, 0x00, 0x00, 0x00, 0x00 },  /* 0x4E N */
    { 0x00, 0x00, 0x00, 0x3C, 0x66, 0x42, 0x42, 0x42, 0x42, 0x42, 0x66, 0x3C, 0x00, 0x00, 0x00, 0x00 },  /* 0x4F O */
    { 0x00, 0x00, 0x00, 0x7C, 0x42, 0x42, 0x42, 0x7C, 0x40, 0x40, 0x40, 0x40, 0x00, 0x00, 0x00, 0x00 },  /* 0x50 P */
    { 0x00, 0x00, 0x00, 0x3C, 0x66, 0x42, 0x42, 0x42, 0x42, 0x42, 0x66, 0x3C, 0x18, 0x0C, 0x00, 0x00 },  /* 0x51 Q */
    { 0x00, 0x00, 0x00, 0x7C, 0x42, 0x42, 0x42, 0x7C, 0x48, 0x44, 0x44, 0x42, 0x00, 0x00, 0x00, 0x00 },  /* 0x52 R */
    { 0x00, 0x00, 0x00, 0x3C, 0x42, 0x40, 0x60, 0x3C, 0x02, 0x02, 0x42, 0x3C, 0x00, 0x00, 0x00, 0x00 },  /* 0x53 S */
    { 0x00, 0x00, 0x00, 0xFF, 0x18, 0x18, 0x18, 0x18, 0x18, 0x18, 0x18, 0x18, 0x00, 0x00, 0x00, 0x00 },  /* 0x54 T */
    { 0x00, 0x00, 0x00, 0x42, 0x42, 0x42, 0x42, 0x42, 0x42, 0x42, 0x66, 0x3C, 0x00, 0x00, 0x00, 0x00 },  /* 0x55 U */
    { 0x00, 0x00, 0x00, 0x42, 0x42, 0x42, 0x24, 0x24, 0x24, 0x18, 0x18, 0x18, 0x00, 0x00, 0x00, 0x00 },  /* 0x56 V */
    { 0x00, 0x00, 0x00, 0x42, 0x42, 0x5A, 0x5A, 0x5A, 0x5A, 0x66, 0x66, 0x66, 0x00, 0x00, 0x00, 0x00 },  /* 0x57 W */
    { 0x00, 0x00, 0x00, 0x43, 0x26, 0x24, 0x18, 0x18, 0x18, 0x24, 0x66, 0xC3, 0x00, 0x00, 0x00, 0x00 },  /* 0x58 X */
    { 0x00, 0x00, 0x00, 0xC3, 0x42, 0x24, 0x3C, 0x18, 0x18, 0x18, 0x18, 0x18, 0x00, 0x00, 0x00, 0x00 },  /* 0x59 Y */
    { 0x00, 0x00, 0x00, 0x7E, 0x02, 0x04, 0x08, 0x18, 0x10, 0x20, 0x40, 0x7E, 0x00, 0x00, 0x00, 0x00 },  /* 0x5A Z */
    { 0x00, 0x00, 0x1E, 0x10, 0x10, 0x10, 0x10, 0x10, 0x10, 0x10, 0x10, 0x10, 0x10, 0x1E, 0x00, 0x00 },  /* 0x5B [ */
    { 0x00, 0x00, 0x40, 0x20, 0x20, 0x10, 0x10, 0x10, 0x08, 0x08, 0x08, 0x04, 0x04, 0x02, 0x00, 0x00 },  /* 0x5C \ */
    { 0x00, 0x00, 0x78, 0x08, 0x08, 0x08, 0x08, 0x08, 0x08, 0x08, 0x08, 0x08, 0x08, 0x78, 0x00, 0x00 },  /* 0x5D ] */
    { 0x00, 0x00, 0x00, 0x18, 0x18, 0x24, 0x66, 0x42, 0x00, 0x00, 0x00, 0x00, 0x00, 0x00, 0x00, 0x00 },  /* 0x5E ^ */
    { 0x00, 0x00, 0x00, 0x00, 0x00, 0x00, 0x00, 0x00, 0x00, 0x00, 0x00, 0x00, 0x00, 0x7E, 0x00, 0x00 },  /* 0x5F _ */
    { 0x00, 0x10, 0x10, 0x18, 0x00, 0x00, 0x00, 0x00, 0x00, 0x00, 0x00, 0x00, 0x00, 0x00, 0x00, 0x00 },  /* 0x60 ` */
    { 0x00, 0x00, 0x00, 0x00, 0x00, 0x38, 0x44, 0x04, 0x3C, 0x44, 0x44, 0x3A, 0x00, 0x00, 0x00, 0x00 },  /* 0x61 a */
    { 0x00, 0x00, 0x40, 0x40, 0x40, 0x5C, 0x66, 0x42, 0x42, 0x42, 0x66, 0x5C, 0x00, 0x00, 0x00, 0x00 },  /* 0x62 b */
    { 0x00, 0x00, 0x00, 0x00, 0x00, 0x1C, 0x22, 0x40, 0x40, 0x40, 0x22, 0x1C, 0x00, 0x00, 0x00, 0x00 },  /* 0x63 c */
    { 0x00, 0x00, 0x02, 0x02, 0x02, 0x3A, 0x66, 0x42, 0x42, 0x42, 0x66, 0x3A, 0x00, 0x00, 0x00, 0x00 },  /* 0x64 d */
    { 0x00, 0x00, 0x00, 0x00, 0x00, 0x3C, 0x66, 0x42, 0x7E, 0x40, 0x62, 0x3C, 0x00, 0x00, 0x00, 0x00 },  /* 0x65 e */
    { 0x00, 0x00, 0x0E, 0x18, 0x18, 0x7E, 0x18, 0x18, 0x18, 0x18, 0x18, 0x7E, 0x00, 0x00, 0x00, 0x00 },  /* 0x66 f */
    { 0x00, 0x00, 0x00, 0x00, 0x06, 0x3C, 0x24, 0x46, 0x24, 0x1C, 0x60, 0x3E, 0x42, 0x42, 0x3E, 0x00 },  /* 0x67 g */
    { 0x00, 0x00, 0x40, 0x40, 0x40, 0x5C, 0x66, 0x42, 0x42, 0x42, 0x42, 0x42, 0x00, 0x00, 0x00, 0x00 },  /* 0x68 h */
    { 0x00, 0x00, 0x08, 0x08, 0x00, 0x78, 0x08, 0x08, 0x08, 0x08, 0x08, 0x7E, 0x00, 0x00, 0x00, 0x00 },  /* 0x69 i */
    { 0x00, 0x00, 0x0C, 0x0C, 0x00, 0x7C, 0x04, 0x04, 0x04, 0x04, 0x04, 0x04, 0x04, 0x04, 0x78, 0x00 },  /* 0x6A j */
    { 0x00, 0x00, 0x60, 0x60, 0x60, 0x66, 0x6C, 0x78, 0x78, 0x6C, 0x64, 0x63, 0x00, 0x00, 0x00, 0x00 },  /* 0x6B k */
    { 0x00, 0x00, 0x78, 0x18, 0x18, 0x18, 0x18, 0x18, 0x18, 0x18, 0x18, 0x7E, 0x00, 0x00, 0x00, 0x00 },  /* 0x6C l */
    { 0x00, 0x00, 0x00, 0x00, 0x00, 0x76, 0x5A, 0x52, 0x52, 0x52, 0x52, 0x52, 0x00, 0x00, 0x00, 0x00 },  /* 0x6D m */
    { 0x00, 0x00, 0x00, 0x00, 0x00, 0x5C, 0x66, 0x42, 0x42, 0x42, 0x42, 0x42, 0x00, 0x00, 0x00, 0x00 },  /* 0x6E n */
    { 0x00, 0x00, 0x00, 0x00, 0x00, 0x3C, 0x66, 0x42, 0x42, 0x42, 0x66, 0x3C, 0x00, 0x00, 0x00, 0x00 },  /* 0x6F o */
    { 0x00, 0x00, 0x00, 0x00, 0x00, 0x5C, 0x66, 0x42, 0x42, 0x42, 0x66, 0x5C, 0x40, 0x40, 0x40, 0x00 },  /* 0x70 p */
    { 0x00, 0x00, 0x00, 0x00, 0x00, 0x3A, 0x66, 0x42, 0x42, 0x42, 0x66, 0x3A, 0x02, 0x02, 0x02, 0x00 },  /* 0x71 q */
    { 0x00, 0x00, 0x00, 0x00, 0x00, 0x76, 0x18, 0x10, 0x10, 0x10, 0x10, 0x7E, 0x00, 0x00, 0x00, 0x00 },  /* 0x72 r */
    { 0x00, 0x00, 0x00, 0x00, 0x00, 0x3C, 0x66, 0x60, 0x3C, 0x02, 0x42, 0x3C, 0x00, 0x00, 0x00, 0x00 },  /* 0x73 s */
    { 0x00, 0x00, 0x00, 0x10, 0x10, 0x7E, 0x10, 0x10, 0x10, 0x10, 0x10, 0x1E, 0x00, 0x00, 0x00, 0x00 },  /* 0x74 t */
    { 0x00, 0x00, 0x00, 0x00, 0x00, 0x42, 0x42, 0x42, 0x42, 0x42, 0x66, 0x3A, 0x00, 0x00, 0x00, 0x00 },  /* 0x75 u */
    { 0x00, 0x00, 0x00, 0x00, 0x00, 0x42, 0x42, 0x24, 0x24, 0x24, 0x18, 0x18, 0x00, 0x00, 0x00, 0x00 },  /* 0x76 v */
    { 0x00, 0x00, 0x00, 0x00, 0x00, 0x9B, 0x5A, 0x5A, 0x5A, 0x6A, 0x66, 0x66, 0x00, 0x00, 0x00, 0x00 },  /* 0x77 w */
    { 0x00, 0x00, 0x00, 0x00, 0x00, 0x62, 0x24, 0x18, 0x18, 0x18, 0x24, 0x42, 0x00, 0x00, 0x00, 0x00 },  /* 0x78 x */
    { 0x00, 0x00, 0x00, 0x00, 0x00, 0x42, 0x42, 0x24, 0x24, 0x18, 0x18, 0x18, 0x10, 0x10, 0x60, 0x00 },  /* 0x79 y */
    { 0x00, 0x00, 0x00, 0x00, 0x00, 0x7E, 0x04, 0x08, 0x18, 0x30, 0x20, 0x7E, 0x00, 0x00, 0x00, 0x00 },  /* 0x7A z */
    { 0x00, 0x00, 0x1E, 0x10, 0x10, 0x08, 0x08, 0x70, 0x08, 0x08, 0x10, 0x10, 0x10, 0x1E, 0x00, 0x00 },  /* 0x7B { */
    { 0x00, 0x00, 0x10, 0x10, 0x10, 0x10, 0x10, 0x10, 0x10, 0x10, 0x10, 0x10, 0x10, 0x10, 0x00, 0x00 },  /* 0x7C | */
    { 0x00, 0x00, 0x78, 0x08, 0x08, 0x10, 0x10, 0x0E, 0x10, 0x10, 0x10, 0x08, 0x08, 0x78, 0x00, 0x00 },  /* 0x7D } */
    { 0x00, 0x00, 0x00, 0x00, 0x00, 0x00, 0x00, 0x32, 0x5A, 0x4C, 0x00, 0x00, 0x00, 0x00, 0x00, 0x00 },  /* 0x7E ~ */
    { 0x00, 0x00, 0xFE, 0x82, 0x82, 0x82, 0x82, 0x82, 0x82, 0x82, 0x82, 0xFE, 0x00, 0x00, 0x00, 0x00 },  /* 0x7F   */
    { 0x00, 0x00, 0xFE, 0x82, 0x82, 0x82, 0x82, 0x82, 0x82, 0x82, 0x82, 0xFE, 0x00, 0x00, 0x00, 0x00 },  /* 0x80   */
    { 0x00, 0x00, 0xFE, 0x82, 0x82, 0x82, 0x82, 0x82, 0x82, 0x82, 0x82, 0xFE, 0x00, 0x00, 0x00, 0x00 },  /* 0x81   */
    { 0x00, 0x00, 0xFE, 0x82, 0x82, 0x82, 0x82, 0x82, 0x82, 0x82, 0x82, 0xFE, 0x00, 0x00, 0x00, 0x00 },  /* 0x82   */
    { 0x00, 0x00, 0xFE, 0x82, 0x82, 0x82, 0x82, 0x82, 0x82, 0x82, 0x82, 0xFE, 0x00, 0x00, 0x00, 0x00 },  /* 0x83   */
    { 0x00, 0x00, 0xFE, 0x82, 0x82, 0x82, 0x82, 0x82, 0x82, 0x82, 0x82, 0xFE, 0x00, 0x00, 0x00, 0x00 },  /* 0x84   */
    { 0x00, 0x00, 0xFE, 0x82, 0x82, 0x82, 0x82, 0x82, 0x82, 0x82, 0x82, 0xFE, 0x00, 0x00, 0x00, 0x00 },  /* 0x85   */
    { 0x00, 0x00, 0xFE, 0x82, 0x82, 0x82, 0x82, 0x82, 0x82, 0x82, 0x82, 0xFE, 0x00, 0x00, 0x00, 0x00 },  /* 0x86   */
    { 0x00, 0x00, 0xFE, 0x82, 0x82, 0x82, 0x82, 0x82, 0x82, 0x82, 0x82, 0xFE, 0x00, 0x00, 0x00, 0x00 },  /* 0x87   */
    { 0x00, 0x00, 0xFE, 0x82, 0x82, 0x82, 0x82, 0x82, 0x82, 0x82, 0x82, 0xFE, 0x00, 0x00, 0x00, 0x00 },  /* 0x88   */
    { 0x00, 0x00, 0xFE, 0x82, 0x82, 0x82, 0x82, 0x82, 0x82, 0x82, 0x82, 0xFE, 0x00, 0x00, 0x00, 0x00 },  /* 0x89   */
    { 0x00, 0x00, 0xFE, 0x82, 0x82, 0x82, 0x82, 0x82, 0x82, 0x82, 0x82, 0xFE, 0x00, 0x00, 0x00, 0x00 },  /* 0x8A   */
    { 0x00, 0x00, 0xFE, 0x82, 0x82, 0x82, 0x82, 0x82, 0x82, 0x82, 0x82, 0xFE, 0x00, 0x00, 0x00, 0x00 },  /* 0x8B   */
    { 0x00, 0x00, 0xFE, 0x82, 0x82, 0x82, 0x82, 0x82, 0x82, 0x82, 0x82, 0xFE, 0x00, 0x00, 0x00, 0x00 },  /* 0x8C   */
    { 0x00, 0x00, 0xFE, 0x82, 0x82, 0x82, 0x82, 0x82, 0x82, 0x82, 0x82, 0xFE, 0x00, 0x00, 0x00, 0x00 },  /* 0x8D   */
    { 0x00, 0x00, 0xFE, 0x82, 0x82, 0x82, 0x82, 0x82, 0x82, 0x82, 0x82, 0xFE, 0x00, 0x00, 0x00, 0x00 },  /* 0x8E   */
    { 0x00, 0x00, 0xFE, 0x82, 0x82, 0x82, 0x82, 0x82, 0x82, 0x82, 0x82, 0xFE, 0x00, 0x00, 0x00, 0x00 },  /* 0x8F   */
    { 0x00, 0x00, 0xFE, 0x82, 0x82, 0x82, 0x82, 0x82, 0x82, 0x82, 0x82, 0xFE, 0x00, 0x00, 0x00, 0x00 },  /* 0x90   */
    { 0x00, 0x00, 0xFE, 0x82, 0x82, 0x82, 0x82, 0x82, 0x82, 0x82, 0x82, 0xFE, 0x00, 0x00, 0x00, 0x00 },  /* 0x91   */
    { 0x00, 0x00, 0xFE, 0x82, 0x82, 0x82, 0x82, 0x82, 0x82, 0x82, 0x82, 0xFE, 0x00, 0x00, 0x00, 0x00 },  /* 0x92   */
    { 0x00, 0x00, 0xFE, 0x82, 0x82, 0x82, 0x82, 0x82, 0x82, 0x82, 0x82, 0xFE, 0x00, 0x00, 0x00, 0x00 },  /* 0x93   */
    { 0x00, 0x00, 0xFE, 0x82, 0x82, 0x82, 0x82, 0x82, 0x82, 0x82, 0x82, 0xFE, 0x00, 0x00, 0x00, 0x00 },  /* 0x94   */
    { 0x00, 0x00, 0xFE, 0x82, 0x82, 0x82, 0x82, 0x82, 0x82, 0x82, 0x82, 0xFE, 0x00, 0x00, 0x00, 0x00 },  /* 0x95   */
    { 0x00, 0x00, 0xFE, 0x82, 0x82, 0x82, 0x82, 0x82, 0x82, 0x82, 0x82, 0xFE, 0x00, 0x00, 0x00, 0x00 },  /* 0x96   */
    { 0x00, 0x00, 0xFE, 0x82, 0x82, 0x82, 0x82, 0x82, 0x82, 0x82, 0x82, 0xFE, 0x00, 0x00, 0x00, 0x00 },  /* 0x97   */
    { 0x00, 0x00, 0xFE, 0x82, 0x82, 0x82, 0x82, 0x82, 0x82, 0x82, 0x82, 0xFE, 0x00, 0x00, 0x00, 0x00 },  /* 0x98   */
    { 0x00, 0x00, 0xFE, 0x82, 0x82, 0x82, 0x82, 0x82, 0x82, 0x82, 0x82, 0xFE, 0x00, 0x00, 0x00, 0x00 },  /* 0x99   */
    { 0x00, 0x00, 0xFE, 0x82, 0x82, 0x82, 0x82, 0x82, 0x82, 0x82, 0x82, 0xFE, 0x00, 0x00, 0x00, 0x00 },  /* 0x9A   */
    { 0x00, 0x00, 0xFE, 0x82, 0x82, 0x82, 0x82, 0x82, 0x82, 0x82, 0x82, 0xFE, 0x00, 0x00, 0x00, 0x00 },  /* 0x9B   */
    { 0x00, 0x00, 0xFE, 0x82, 0x82, 0x82, 0x82, 0x82, 0x82, 0x82, 0x82, 0xFE, 0x00, 0x00, 0x00, 0x00 },  /* 0x9C   */
    { 0x00, 0x00, 0xFE, 0x82, 0x82, 0x82, 0x82, 0x82, 0x82, 0x82, 0x82, 0xFE, 0x00, 0x00, 0x00, 0x00 },  /* 0x9D   */
    { 0x00, 0x00, 0xFE, 0x82, 0x82, 0x82, 0x82, 0x82, 0x82, 0x82, 0x82, 0xFE, 0x00, 0x00, 0x00, 0x00 },  /* 0x9E   */
    { 0x00, 0x00, 0xFE, 0x82, 0x82, 0x82, 0x82, 0x82, 0x82, 0x82, 0x82, 0xFE, 0x00, 0x00, 0x00, 0x00 },  /* 0x9F   */
    { 0x00, 0x00, 0x00, 0x00, 0x00, 0x00, 0x00, 0x00, 0x00, 0x00, 0x00, 0x00, 0x00, 0x00, 0x00, 0x00 },  /* 0xA0   */
    { 0x00, 0x00, 0x00, 0x00, 0x00, 0x18, 0x18, 0x00, 0x10, 0x10, 0x10, 0x18, 0x18, 0x18, 0x00, 0x00 },  /* 0xA1   */
    { 0x00, 0x00, 0x00, 0x00, 0x08, 0x3C, 0x2A, 0x48, 0x48, 0x48, 0x2A, 0x3C, 0x08, 0x00, 0x00, 0x00 },  /* 0xA2   */
    { 0x00, 0x00, 0x00, 0x3C, 0x22, 0x60, 0x20, 0x7C, 0x20, 0x20, 0x60, 0x7E, 0x00, 0x00, 0x00, 0x00 },  /* 0xA3   */
    { 0x00, 0x00, 0x42, 0x3C, 0x24, 0x46, 0x46, 0x24, 0x3C, 0x42, 0x00, 0x00, 0x00, 0x00, 0x00, 0x00 },  /* 0xA4   */
    { 0x00, 0x00, 0x00, 0xC3, 0x42, 0x24, 0x24, 0x18, 0x7E, 0x18, 0x18, 0x7E, 0x00, 0x00, 0x00, 0x00 },  /* 0xA5   */
    { 0x00, 0x00, 0x10, 0x10, 0x10, 0x10, 0x10, 0x00, 0x00, 0x10, 0x10, 0x10, 0x10, 0x10, 0x00, 0x00 },  /* 0xA6   */
    { 0x00, 0x00, 0x00, 0x3C, 0x24, 0x20, 0x38, 0x46, 0x42, 0x62, 0x1C, 0x04, 0x44, 0x3C, 0x00, 0x00 },  /* 0xA7   */
    { 0x00, 0x00, 0x00, 0x3C, 0x00, 0x00, 0x00, 0x00, 0x00, 0x00, 0x00, 0x00, 0x00, 0x00, 0x00, 0x00 },  /* 0xA8   */
    { 0x00, 0x00, 0x00, 0x3C, 0x42, 0x99, 0xA5, 0xA1, 0xA5, 0x99, 0x42, 0x3C, 0x00, 0x00, 0x00, 0x00 },  /* 0xA9   */
    { 0x00, 0x00, 0x00, 0x18, 0x24, 0x3C, 0x3C, 0x00, 0x00, 0x00, 0x00, 0x00, 0x00, 0x00, 0x00, 0x00 },  /* 0xAA   */
    { 0x00, 0x00, 0x00, 0x00, 0x00, 0x00, 0x12, 0x24, 0x48, 0x24, 0x12, 0x00, 0x00, 0x00, 0x00, 0x00 },  /* 0xAB   */
    { 0x00, 0x00, 0x00, 0x00, 0x00, 0x00, 0x00, 0x00, 0x7E, 0x02, 0x02, 0x02, 0x00, 0x00, 0x00, 0x00 },  /* 0xAC   */
    { 0x00, 0x00, 0x00, 0x00, 0x00, 0x00, 0x00, 0x00, 0x00, 0x00, 0x00, 0x00, 0x00, 0x00, 0x00, 0x00 },  /* 0xAD   */
    { 0x00, 0x00, 0x00, 0x18, 0x24, 0x3C, 0x34, 0x18, 0x00, 0x00, 0x00, 0x00, 0x00, 0x00, 0x00, 0x00 },  /* 0xAE   */
    { 0x00, 0x00, 0x00, 0x3C, 0x00, 0x00, 0x00, 0x00, 0x00, 0x00, 0x00, 0x00, 0x00, 0x00, 0x00, 0x00 },  /* 0xAF   */
    { 0x00, 0x00, 0x00, 0x38, 0x24, 0x24, 0x38, 0x00, 0x00, 0x00, 0x00, 0x00, 0x00, 0x00, 0x00, 0x00 },  /* 0xB0   */
    { 0x00, 0x00, 0x00, 0x10, 0x10, 0x10, 0x7E, 0x10, 0x10, 0x10, 0x00, 0x7E, 0x00, 0x00, 0x00, 0x00 },  /* 0xB1   */
    { 0x00, 0x00, 0x00, 0x18, 0x24, 0x08, 0x10, 0x3C, 0x00, 0x00, 0x00, 0x00, 0x00, 0x00, 0x00, 0x00 },  /* 0xB2   */
    { 0x00, 0x00, 0x00, 0x18, 0x24, 0x18, 0x24, 0x18, 0x00, 0x00, 0x00, 0x00, 0x00, 0x00, 0x00, 0x00 },  /* 0xB3   */
    { 0x00, 0x08, 0x08, 0x10, 0x00, 0x00, 0x00, 0x00, 0x00, 0x00, 0x00, 0x00, 0x00, 0x00, 0x00, 0x00 },  /* 0xB4   */
    { 0x00, 0x00, 0x00, 0x00, 0x00, 0x42, 0x42, 0x42, 0x42, 0x42, 0x6E, 0x5A, 0x40, 0x40, 0x40, 0x00 },  /* 0xB5   */
    { 0x00, 0x00, 0x00, 0x3E, 0x7A, 0x7A, 0x7A, 0x7A, 0x3A, 0x0A, 0x0A, 0x0A, 0x0A, 0x0A, 0x00, 0x00 },  /* 0xB6   */
    { 0x00, 0x00, 0x00, 0x00, 0x00, 0x00, 0x00, 0x18, 0x18, 0x00, 0x00, 0x00, 0x00, 0x00, 0x00, 0x00 },  /* 0xB7   */
    { 0x00, 0x00, 0x00, 0x00, 0x00, 0x00, 0x00, 0x00, 0x00, 0x00, 0x00, 0x00, 0x10, 0x08, 0x1C, 0x00 },  /* 0xB8   */
    { 0x00, 0x00, 0x00, 0x18, 0x28, 0x08, 0x08, 0x3C, 0x00, 0x00, 0x00, 0x00, 0x00, 0x00, 0x00, 0x00 },  /* 0xB9   */
    { 0x00, 0x00, 0x00, 0x38, 0x24, 0x24, 0x38, 0x00, 0x00, 0x00, 0x00, 0x00, 0x00, 0x00, 0x00, 0x00 },  /* 0xBA   */
    { 0x00, 0x00, 0x00, 0x00, 0x00, 0x00, 0x48, 0x24, 0x12, 0x24, 0x48, 0x00, 0x00, 0x00, 0x00, 0x00 },  /* 0xBB   */
    { 0x00, 0x00, 0x00, 0xE3, 0x22, 0x24, 0x74, 0x00, 0x22, 0x26, 0x4F, 0xC2, 0x00, 0x00, 0x00, 0x00 },  /* 0xBC   */
    { 0x00, 0x00, 0x00, 0xE3, 0x22, 0x24, 0x74, 0x00, 0x26, 0x2A, 0x46, 0xCF, 0x00, 0x00, 0x00, 0x00 },  /* 0xBD   */
    { 0x00, 0x00, 0x00, 0x63, 0xE2, 0x94, 0x64, 0x00, 0x22, 0x26, 0x4F, 0xC2, 0x00, 0x00, 0x00, 0x00 },  /* 0xBE   */
    { 0x00, 0x00, 0x00, 0x00, 0x00, 0x18, 0x18, 0x00, 0x08, 0x18, 0x30, 0x40, 0x44, 0x66, 0x3C, 0x00 },  /* 0xBF   */
    { 0x10, 0x10, 0x08, 0x18, 0x18, 0x28, 0x24, 0x24, 0x3C, 0x42, 0x42, 0xC3, 0x00, 0x00, 0x00, 0x00 },  /* 0xC0   */
    { 0x08, 0x10, 0x00, 0x18, 0x18, 0x28, 0x24, 0x24, 0x3C, 0x42, 0x42, 0xC3, 0x00, 0x00, 0x00, 0x00 },  /* 0xC1   */
    { 0x18, 0x24, 0x00, 0x18, 0x18, 0x28, 0x24, 0x24, 0x3C, 0x42, 0x42, 0xC3, 0x00, 0x00, 0x00, 0x00 },  /* 0xC2   */
    { 0x34, 0x4C, 0x00, 0x18, 0x18, 0x28, 0x24, 0x24, 0x3C, 0x42, 0x42, 0xC3, 0x00, 0x00, 0x00, 0x00 },  /* 0xC3   */
    { 0x24, 0x3C, 0x00, 0x18, 0x18, 0x28, 0x24, 0x24, 0x3C, 0x42, 0x42, 0xC3, 0x00, 0x00, 0x00, 0x00 },  /* 0xC4   */
    { 0x24, 0x18, 0x00, 0x18, 0x18, 0x28, 0x24, 0x24, 0x3C, 0x42, 0x42, 0xC3, 0x00, 0x00, 0x00, 0x00 },  /* 0xC5   */
    { 0x00, 0x00, 0x00, 0x1E, 0x18, 0x28, 0x28, 0x2E, 0x68, 0x78, 0x48, 0xCE, 0x00, 0x00, 0x00, 0x00 },  /* 0xC6   */
    { 0x00, 0x00, 0x00, 0x3C, 0x22, 0x40, 0x40, 0x40, 0x40, 0x40, 0x22, 0x3C, 0x10, 0x0C, 0x04, 0x18 },  /* 0xC7   */
    { 0x10, 0x10, 0x08, 0x7E, 0x40, 0x40, 0x40, 0x7E, 0x40, 0x40, 0x40, 0x7E, 0x00, 0x00, 0x00, 0x00 },  /* 0xC8   */
    { 0x08, 0x10, 0x00, 0x7E, 0x40, 0x40, 0x40, 0x7E, 0x40, 0x40, 0x40, 0x7E, 0x00, 0x00, 0x00, 0x00 },  /* 0xC9   */
    { 0x18, 0x24, 0x00, 0x7E, 0x40, 0x40, 0x40, 0x7E, 0x40, 0x40, 0x40, 0x7E, 0x00, 0x00, 0x00, 0x00 },  /* 0xCA   */
    { 0x24, 0x3C, 0x00, 0x7E, 0x40, 0x40, 0x40, 0x7E, 0x40, 0x40, 0x40, 0x7E, 0x00, 0x00, 0x00, 0x00 },  /* 0xCB   */
    { 0x10, 0x10, 0x08, 0x7E, 0x18, 0x18, 0x18, 0x18, 0x18, 0x18, 0x18, 0x7E, 0x00, 0x00, 0x00, 0x00 },  /* 0xCC   */
    { 0x08, 0x10, 0x00, 0x7E, 0x18, 0x18, 0x18, 0x18, 0x18, 0x18, 0x18, 0x7E, 0x00, 0x00, 0x00, 0x00 },  /* 0xCD   */
    { 0x18, 0x24, 0x00, 0x7E, 0x18, 0x18, 0x18, 0x18, 0x18, 0x18, 0x18, 0x7E, 0x00, 0x00, 0x00, 0x00 },  /* 0xCE   */
    { 0x24, 0x3C, 0x00, 0x7E, 0x18, 0x18, 0x18, 0x18, 0x18, 0x18, 0x18, 0x7E, 0x00, 0x00, 0x00, 0x00 },  /* 0xCF   */
    { 0x00, 0x00, 0x00, 0x7C, 0x66, 0x62, 0x62, 0xF2, 0x62, 0x62, 0x66, 0x7C, 0x00, 0x00, 0x00, 0x00 },  /* 0xD0   */
    { 0x34, 0x4C, 0x00, 0x62, 0x62, 0x52, 0x52, 0x4A, 0x4A, 0x4A, 0x46, 0x46, 0x00, 0x00, 0x00, 0x00 },  /* 0xD1   */
    { 0x10, 0x10, 0x08, 0x3C, 0x66, 0x42, 0x42, 0x42, 0x42, 0x42, 0x66, 0x3C, 0x00, 0x00, 0x00, 0x00 },  /* 0xD2   */
    { 0x08, 0x10, 0x00, 0x3C, 0x66, 0x42, 0x42, 0x42, 0x42, 0x42, 0x66, 0x3C, 0x00, 0x00, 0x00, 0x00 },  /* 0xD3   */
    { 0x18, 0x24, 0x00, 0x3C, 0x66, 0x42, 0x42, 0x42, 0x42, 0x42, 0x66, 0x3C, 0x00, 0x00, 0x00, 0x00 },  /* 0xD4   */
    { 0x34, 0x4C, 0x00, 0x3C, 0x66, 0x42, 0x42, 0x42, 0x42, 0x42, 0x66, 0x3C, 0x00, 0x00, 0x00, 0x00 },  /* 0xD5   */
    { 0x24, 0x3C, 0x00, 0x3C, 0x66, 0x42, 0x42, 0x42, 0x42, 0x42, 0x66, 0x3C, 0x00, 0x00, 0x00, 0x00 },  /* 0xD6   */
    { 0x00, 0x00, 0x00, 0x00, 0x00, 0x42, 0x24, 0x18, 0x18, 0x24, 0x46, 0x00, 0x00, 0x00, 0x00, 0x00 },  /* 0xD7   */
    { 0x00, 0x00, 0x3E, 0x66, 0x46, 0x4A, 0x52, 0x52, 0x62, 0x66, 0x7C, 0x00, 0x00, 0x00, 0x00, 0x00 },  /* 0xD8   */
    { 0x10, 0x10, 0x08, 0x42, 0x42, 0x42, 0x42, 0x42, 0x42, 0x42, 0x66, 0x3C, 0x00, 0x00, 0x00, 0x00 },  /* 0xD9   */
    { 0x08, 0x10, 0x00, 0x42, 0x42, 0x42, 0x42, 0x42, 0x42, 0x42, 0x66, 0x3C, 0x00, 0x00, 0x00, 0x00 },  /* 0xDA   */
    { 0x18, 0x24, 0x00, 0x42, 0x42, 0x42, 0x42, 0x42, 0x42, 0x42, 0x66, 0x3C, 0x00, 0x00, 0x00, 0x00 },  /* 0xDB   */
    { 0x24, 0x3C, 0x00, 0x42, 0x42, 0x42, 0x42, 0x42, 0x42, 0x42, 0x66, 0x3C, 0x00, 0x00, 0x00, 0x00 },  /* 0xDC   */
    { 0x08, 0x10, 0x00, 0xC3, 0x42, 0x24, 0x3C, 0x18, 0x18, 0x18, 0x18, 0x18, 0x00, 0x00, 0x00, 0x00 },  /* 0xDD   */
    { 0x00, 0x00, 0x00, 0x40, 0x40, 0x7C, 0x42, 0x42, 0x42, 0x7C, 0x40, 0x40, 0x00, 0x00, 0x00, 0x00 },  /* 0xDE   */
    { 0x00, 0x00, 0x38, 0x40, 0x40, 0x7E, 0x42, 0x44, 0x48, 0x4C, 0x42, 0x43, 0x02, 0x02, 0x1C, 0x00 },  /* 0xDF   */
    { 0x00, 0x20, 0x10, 0x10, 0x08, 0x38, 0x44, 0x04, 0x3C, 0x44, 0x44, 0x3A, 0x00, 0x00, 0x00, 0x00 },  /* 0xE0   */
    { 0x00, 0x08, 0x08, 0x10, 0x00, 0x38, 0x44, 0x04, 0x3C, 0x44, 0x44, 0x3A, 0x00, 0x00, 0x00, 0x00 },  /* 0xE1   */
    { 0x00, 0x00, 0x18, 0x24, 0x00, 0x38, 0x44, 0x04, 0x3C, 0x44, 0x44, 0x3A, 0x00, 0x00, 0x00, 0x00 },  /* 0xE2   */
    { 0x00, 0x00, 0x34, 0x4C, 0x00, 0x38, 0x44, 0x04, 0x3C, 0x44, 0x44, 0x3A, 0x00, 0x00, 0x00, 0x00 },  /* 0xE3   */
    { 0x00, 0x00, 0x00, 0x3C, 0x00, 0x38, 0x44, 0x04, 0x3C, 0x44, 0x44, 0x3A, 0x00, 0x00, 0x00, 0x00 },  /* 0xE4   */
    { 0x00, 0x18, 0x24, 0x18, 0x00, 0x38, 0x44, 0x04, 0x3C, 0x44, 0x44, 0x3A, 0x00, 0x00, 0x00, 0x00 },  /* 0xE5   */
    { 0x00, 0x00, 0x00, 0x00, 0x00, 0x7E, 0x9A, 0x11, 0x7F, 0x90, 0x9B, 0x6E, 0x00, 0x00, 0x00, 0x00 },  /* 0xE6   */
    { 0x00, 0x00, 0x00, 0x00, 0x00, 0x3C, 0x22, 0x40, 0x40, 0x40, 0x22, 0x3C, 0x10, 0x08, 0x04, 0x18 },  /* 0xE7   */
    { 0x00, 0x20, 0x10, 0x10, 0x08, 0x3C, 0x66, 0x42, 0x7E, 0x40, 0x62, 0x3C, 0x00, 0x00, 0x00, 0x00 },  /* 0xE8   */
    { 0x00, 0x08, 0x08, 0x10, 0x00, 0x3C, 0x66, 0x42, 0x7E, 0x40, 0x62, 0x3C, 0x00, 0x00, 0x00, 0x00 },  /* 0xE9   */
    { 0x00, 0x00, 0x18, 0x24, 0x00, 0x3C, 0x66, 0x42, 0x7E, 0x40, 0x62, 0x3C, 0x00, 0x00, 0x00, 0x00 },  /* 0xEA   */
    { 0x00, 0x00, 0x00, 0x3C, 0x00, 0x3C, 0x66, 0x42, 0x7E, 0x40, 0x62, 0x3C, 0x00, 0x00, 0x00, 0x00 },  /* 0xEB   */
    { 0x00, 0x20, 0x10, 0x10, 0x08, 0x78, 0x08, 0x08, 0x08, 0x08, 0x08, 0x7E, 0x00, 0x00, 0x00, 0x00 },  /* 0xEC   */
    { 0x00, 0x08, 0x08, 0x10, 0x00, 0x78, 0x08, 0x08, 0x08, 0x08, 0x08, 0x7E, 0x00, 0x00, 0x00, 0x00 },  /* 0xED   */
    { 0x00, 0x00, 0x18, 0x24, 0x00, 0x78, 0x08, 0x08, 0x08, 0x08, 0x08, 0x7E, 0x00, 0x00, 0x00, 0x00 },  /* 0xEE   */
    { 0x00, 0x00, 0x00, 0x3C, 0x00, 0x78, 0x08, 0x08, 0x08, 0x08, 0x08, 0x7E, 0x00, 0x00, 0x00, 0x00 },  /* 0xEF   */
    { 0x00, 0x34, 0x18, 0x24, 0x3C, 0x66, 0x42, 0x42, 0x42, 0x66, 0x3C, 0x00, 0x00, 0x00, 0x00, 0x00 },  /* 0xF0   */
    { 0x00, 0x00, 0x34, 0x4C, 0x00, 0x5C, 0x66, 0x42, 0x42, 0x42, 0x42, 0x42, 0x00, 0x00, 0x00, 0x00 },  /* 0xF1   */
    { 0x00, 0x20, 0x10, 0x10, 0x08, 0x3C, 0x66, 0x42, 0x42, 0x42, 0x66, 0x3C, 0x00, 0x00, 0x00, 0x00 },  /* 0xF2   */
    { 0x00, 0x08, 0x08, 0x10, 0x00, 0x3C, 0x66, 0x42, 0x42, 0x42, 0x66, 0x3C, 0x00, 0x00, 0x00, 0x00 },  /* 0xF3   */
    { 0x00, 0x00, 0x18, 0x24, 0x00, 0x3C, 0x66, 0x42, 0x42, 0x42, 0x66, 0x3C, 0x00, 0x00, 0x00, 0x00 },  /* 0xF4   */
    { 0x00, 0x00, 0x34, 0x4C, 0x00, 0x3C, 0x66, 0x42, 0x42, 0x42, 0x66, 0x3C, 0x00, 0x00, 0x00, 0x00 },  /* 0xF5   */
    { 0x00, 0x00, 0x00, 0x3C, 0x00, 0x3C, 0x66, 0x42, 0x42, 0x42, 0x66, 0x3C, 0x00, 0x00, 0x00, 0x00 },  /* 0xF6   */
    { 0x00, 0x00, 0x00, 0x00, 0x00, 0x18, 0x18, 0x00, 0x7E, 0x00, 0x18, 0x18, 0x00, 0x00, 0x00, 0x00 },  /* 0xF7   */
    { 0x00, 0x00, 0x00, 0x00, 0x3E, 0x66, 0x4A, 0x52, 0x52, 0x66, 0x7C, 0x00, 0x00, 0x00, 0x00, 0x00 },  /* 0xF8   */
    { 0x00, 0x20, 0x10, 0x10, 0x08, 0x42, 0x42, 0x42, 0x42, 0x42, 0x66, 0x3A, 0x00, 0x00, 0x00, 0x00 },  /* 0xF9   */
    { 0x00, 0x08, 0x08, 0x10, 0x00, 0x42, 0x42, 0x42, 0x42, 0x42, 0x66, 0x3A, 0x00, 0x00, 0x00, 0x00 },  /* 0xFA   */
    { 0x00, 0x00, 0x18, 0x24, 0x00, 0x42, 0x42, 0x42, 0x42, 0x42, 0x66, 0x3A, 0x00, 0x00, 0x00, 0x00 },  /* 0xFB   */
    { 0x00, 0x00, 0x00, 0x3C, 0x00, 0x42, 0x42, 0x42, 0x42, 0x42, 0x66, 0x3A, 0x00, 0x00, 0x00, 0x00 },  /* 0xFC   */
    { 0x00, 0x08, 0x08, 0x10, 0x00, 0x42, 0x42, 0x24, 0x24, 0x18, 0x18, 0x18, 0x10, 0x10, 0x60, 0x00 },  /* 0xFD   */
    { 0x00, 0x00, 0x40, 0x40, 0x40, 0x5C, 0x66, 0x42, 0x42, 0x42, 0x66, 0x5C, 0x40, 0x40, 0x40, 0x00 },  /* 0xFE   */
    { 0x00, 0x00, 0x00, 0x3C, 0x00, 0x42, 0x42, 0x24, 0x24, 0x18, 0x18, 0x18, 0x10, 0x10, 0x60, 0x00 },  /* 0xFF   */
};

static const uint8_t glyphs_fira[FONT_GLYPHS][FONT_HEIGHT] = {
    { 0x00, 0x00, 0x00, 0x00, 0x00, 0x00, 0x00, 0x00, 0x00, 0x00, 0x00, 0x00, 0x00, 0x00, 0x00, 0x00 },  /* 0x20   */
    { 0x00, 0x00, 0x00, 0x10, 0x10, 0x10, 0x10, 0x10, 0x10, 0x00, 0x18, 0x18, 0x00, 0x00, 0x00, 0x00 },  /* 0x21 ! */
    { 0x00, 0x00, 0x3C, 0x2C, 0x2C, 0x00, 0x00, 0x00, 0x00, 0x00, 0x00, 0x00, 0x00, 0x00, 0x00, 0x00 },  /* 0x22 " */
    { 0x00, 0x00, 0x00, 0x14, 0x24, 0x7E, 0x24, 0x24, 0x24, 0x7E, 0x28, 0x48, 0x00, 0x00, 0x00, 0x00 },  /* 0x23 # */
    { 0x00, 0x08, 0x08, 0x3C, 0x6A, 0x48, 0x38, 0x1C, 0x0E, 0x0A, 0x4A, 0x3C, 0x08, 0x08, 0x00, 0x00 },  /* 0x24 $ */
    { 0x00, 0x00, 0x62, 0x94, 0x94, 0x68, 0x10, 0x1E, 0x2B, 0x4B, 0xCE, 0x00, 0x00, 0x00, 0x00, 0x00 },  /* 0x25 % */
    { 0x00, 0x00, 0x00, 0x3C, 0x40, 0x40, 0x3E, 0x44, 0x44, 0x44, 0x44, 0x38, 0x00, 0x00, 0x00, 0x00 },  /* 0x26 & */
    { 0x00, 0x00, 0x18, 0x10, 0x10, 0x00, 0x00, 0x00, 0x00, 0x00, 0x00, 0x00, 0x00, 0x00, 0x00, 0x00 },  /* 0x27 ' */
    { 0x00, 0x0C, 0x18, 0x10, 0x20, 0x20, 0x20, 0x20, 0x20, 0x20, 0x20, 0x10, 0x08, 0x0C, 0x00, 0x00 },  /* 0x28 ( */
    { 0x00, 0x20, 0x10, 0x08, 0x04, 0x04, 0x04, 0x04, 0x04, 0x04, 0x0C, 0x08, 0x10, 0x20, 0x00, 0x00 },  /* 0x29 ) */
    { 0x00, 0x00, 0x00, 0x00, 0x00, 0x10, 0x52, 0x3C, 0x18, 0x24, 0x00, 0x00, 0x00, 0x00, 0x00, 0x00 },  /* 0x2A * */
    { 0x00, 0x00, 0x00, 0x00, 0x00, 0x10, 0x10, 0x3C, 0x10, 0x10, 0x00, 0x00, 0x00, 0x00, 0x00, 0x00 },  /* 0x2B + */
    { 0x00, 0x00, 0x00, 0x00, 0x00, 0x00, 0x00, 0x00, 0x00, 0x00, 0x18, 0x18, 0x10, 0x10, 0x00, 0x00 },  /* 0x2C , */
    { 0x00, 0x00, 0x00, 0x00, 0x00, 0x00, 0x00, 0x3C, 0x00, 0x00, 0x00, 0x00, 0x00, 0x00, 0x00, 0x00 },  /* 0x2D - */
    { 0x00, 0x00, 0x00, 0x00, 0x00, 0x00, 0x00, 0x00, 0x00, 0x18, 0x18, 0x00, 0x00, 0x00, 0x00, 0x00 },  /* 0x2E . */
    { 0x00, 0x02, 0x02, 0x04, 0x04, 0x08, 0x08, 0x10, 0x10, 0x20, 0x20, 0x40, 0x40, 0x00, 0x00, 0x00 },  /* 0x2F / */
    { 0x00, 0x00, 0x00, 0x38, 0x24, 0x46, 0x5A, 0x5A, 0x42, 0x46, 0x24, 0x38, 0x00, 0x00, 0x00, 0x00 },  /* 0x30 0 */
    { 0x00, 0x00, 0x00, 0x18, 0x68, 0x08, 0x08, 0x08, 0x08, 0x08, 0x08, 0x3E, 0x00, 0x00, 0x00, 0x00 },  /* 0x31 1 */
    { 0x00, 0x00, 0x00, 0x38, 0x44, 0x04, 0x04, 0x0C, 0x08, 0x10, 0x20, 0x7C, 0x00, 0x00, 0x00, 0x00 },  /* 0x32 2 */
    { 0x00, 0x00, 0x00, 0x38, 0x44, 0x04, 0x04, 0x18, 0x04, 0x06, 0x44, 0x78, 0x00, 0x00, 0x00, 0x00 },  /* 0x33 3 */
    { 0x00, 0x00, 0x10, 0x10, 0x10, 0x20, 0x24, 0x24, 0x44, 0x7E, 0x04, 0x04, 0x00, 0x00, 0x00, 0x00 },  /* 0x34 4 */
    { 0x00, 0x00, 0x00, 0x3C, 0x20, 0x20, 0x3C, 0x04, 0x06, 0x06, 0x44, 0x38, 0x00, 0x00, 0x00, 0x00 },  /* 0x35 5 */
    { 0x00, 0x00, 0x00, 0x1C, 0x20, 0x40, 0x5C, 0x66, 0x42, 0x42, 0x24, 0x3C, 0x00, 0x00, 0x00, 0x00 },  /* 0x36 6 */
    { 0x00, 0x00, 0x00, 0x7E, 0x04, 0x04, 0x08, 0x08, 0x18, 0x10, 0x10, 0x20, 0x00, 0x00, 0x00, 0x00 },  /* 0x37 7 */
    { 0x00, 0x00, 0x00, 0x3C, 0x64, 0x42, 0x24, 0x3C, 0x46, 0x42, 0x46, 0x3C, 0x00, 0x00, 0x00, 0x00 },  /* 0x38 8 */
    { 0x00, 0x00, 0x00, 0x3C, 0x44, 0x46, 0x42, 0x46, 0x3E, 0x04, 0x0C, 0x30, 0x00, 0x00, 0x00, 0x00 },  /* 0x39 9 */
    { 0x00, 0x00, 0x00, 0x00, 0x00, 0x18, 0x18, 0x00, 0x00, 0x00, 0x18, 0x18, 0x00, 0x00, 0x00, 0x00 },  /* 0x3A : */
    { 0x00, 0x00, 0x00, 0x00, 0x00, 0x18, 0x18, 0x00, 0x00, 0x00, 0x18, 0x18, 0x10, 0x10, 0x00, 0x00 },  /* 0x3B ; */
    { 0x00, 0x00, 0x00, 0x00, 0x02, 0x0C, 0x10, 0x60, 0x60, 0x18, 0x0C, 0x02, 0x00, 0x00, 0x00, 0x00 },  /* 0x3C < */
    { 0x00, 0x00, 0x00, 0x00, 0x00, 0x00, 0x7C, 0x00, 0x00, 0x7C, 0x00, 0x00, 0x00, 0x00, 0x00, 0x00 },  /* 0x3D = */
    { 0x00, 0x00, 0x00, 0x00, 0x40, 0x30, 0x18, 0x06, 0x06, 0x18, 0x20, 0x40, 0x00, 0x00, 0x00, 0x00 },  /* 0x3E > */
    { 0x00, 0x00, 0x00, 0x3C, 0x44, 0x04, 0x0C, 0x10, 0x10, 0x00, 0x10, 0x10, 0x00, 0x00, 0x00, 0x00 },  /* 0x3F ? */
    { 0x00, 0x00, 0x00, 0x7C, 0x82, 0x02, 0x7A, 0x4B, 0xCB, 0x8B, 0x8B, 0x5A, 0x76, 0x00, 0x00, 0x00 },  /* 0x40 @ */
    { 0x00, 0x00, 0x00, 0x18, 0x18, 0x28, 0x24, 0x24, 0x64, 0x7E, 0x42, 0xC3, 0x00, 0x00, 0x00, 0x00 },  /* 0x41 A */
    { 0x00, 0x00, 0x00, 0x7C, 0x44, 0x46, 0x44, 0x78, 0x46, 0x42, 0x42, 0x7C, 0x00, 0x00, 0x00, 0x00 },  /* 0x42 B */
    { 0x00, 0x00, 0x00, 0x1E, 0x22, 0x40, 0x40, 0x40, 0x40, 0x40, 0x22, 0x1E, 0x00, 0x00, 0x00, 0x00 },  /* 0x43 C */
    { 0x00, 0x00, 0x00, 0x78, 0x46, 0x42, 0x42, 0x42, 0x42, 0x42, 0x44, 0x78, 0x00, 0x00, 0x00, 0x00 },  /* 0x44 D */
    { 0x00, 0x00, 0x00, 0x3E, 0x20, 0x20, 0x20, 0x3C, 0x20, 0x20, 0x20, 0x3E, 0x00, 0x00, 0x00, 0x00 },  /* 0x45 E */
    { 0x00, 0x00, 0x00, 0x3E, 0x20, 0x20, 0x20, 0x3C, 0x20, 0x20, 0x20, 0x20, 0x00, 0x00, 0x00, 0x00 },  /* 0x46 F */
    { 0x00, 0x00, 0x00, 0x1C, 0x62, 0x40, 0x40, 0x4E, 0x42, 0x42, 0x62, 0x3E, 0x00, 0x00, 0x00, 0x00 },  /* 0x47 G */
    { 0x00, 0x00, 0x00, 0x42, 0x42, 0x42, 0x42, 0x7E, 0x42, 0x42, 0x42, 0x42, 0x00, 0x00, 0x00, 0x00 },  /* 0x48 H */
    { 0x00, 0x00, 0x00, 0x7C, 0x10, 0x10, 0x10, 0x10, 0x10, 0x10, 0x10, 0x7C, 0x00, 0x00, 0x00, 0x00 },  /* 0x49 I */
    { 0x00, 0x00, 0x00, 0x1C, 0x04, 0x04, 0x04, 0x04, 0x04, 0x04, 0x04, 0x78, 0x00, 0x00, 0x00, 0x00 },  /* 0x4A J */
    { 0x00, 0x00, 0x00, 0x62, 0x64, 0x68, 0x70, 0x70, 0x68, 0x6C, 0x64, 0x63, 0x00, 0x00, 0x00, 0x00 },  /* 0x4B K */
    { 0x00, 0x00, 0x00, 0x20, 0x20, 0x20, 0x20, 0x20, 0x20, 0x20, 0x20, 0x3E, 0x00, 0x00, 0x00, 0x00 },  /* 0x4C L */
    { 0x00, 0x00, 0x00, 0x66, 0x66, 0x66, 0x6A, 0x5A, 0x5A, 0x5A, 0xC2, 0x82, 0x00, 0x00, 0x00, 0x00 },  /* 0x4D M */
    { 0x00, 0x00, 0x00, 0x62, 0x62, 0x52, 0x52, 0x52, 0x4A, 0x4A, 0x46, 0x46, 0x00, 0x00, 0x00, 0x00 },  /* 0x4E N */
    { 0x00, 0x00, 0x00, 0x3C, 0x46, 0x42, 0x42, 0x42, 0x42, 0x42, 0x46, 0x3C, 0x00, 0x00, 0x00, 0x00 },  /* 0x4F O */
    { 0x00, 0x00, 0x00, 0x3C, 0x22, 0x22, 0x22, 0x22, 0x3C, 0x20, 0x20, 0x20, 0x00, 0x00, 0x00, 0x00 },  /* 0x50 P */
    { 0x00, 0x00, 0x00, 0x3C, 0x46, 0x42, 0x42, 0x42, 0x42, 0x42, 0x46, 0x38, 0x06, 0x03, 0x00, 0x00 },  /* 0x51 Q */
    { 0x00, 0x00, 0x00, 0x7C, 0x42, 0x42, 0x46, 0x7C, 0x48, 0x44, 0x46, 0x42, 0x00, 0x00, 0x00, 0x00 },  /* 0x52 R */
    { 0x00, 0x00, 0x00, 0x3C, 0x42, 0x40, 0x60, 0x1C, 0x06, 0x02, 0x46, 0x7C, 0x00, 0x00, 0x00, 0x00 },  /* 0x53 S */
    { 0x00, 0x00, 0x00, 0x7E, 0x10, 0x10, 0x10, 0x10, 0x10, 0x10, 0x10, 0x10, 0x00, 0x00, 0x00, 0x00 },  /* 0x54 T */
    { 0x00, 0x00, 0x00, 0x42, 0x42, 0x42, 0x42, 0x42, 0x42, 0x42, 0x46, 0x3C, 0x00, 0x00, 0x00, 0x00 },  /* 0x55 U */
    { 0x00, 0x00, 0x00, 0xC2, 0x42, 0x42, 0x64, 0x24, 0x24, 0x38, 0x18, 0x18, 0x00, 0x00, 0x00, 0x00 },  /* 0x56 V */
    { 0x00, 0x00, 0x00, 0x81, 0x9B, 0xDA, 0x5A, 0x5A, 0x6A, 0x6A, 0x66, 0x64, 0x00, 0x00, 0x00, 0x00 },  /* 0x57 W */
    { 0x00, 0x00, 0x00, 0x42, 0x24, 0x2C, 0x18, 0x18, 0x38, 0x24, 0x46, 0xC2, 0x00, 0x00, 0x00, 0x00 },  /* 0x58 X */
    { 0x00, 0x00, 0x00, 0xC3, 0x42, 0x24, 0x2C, 0x18, 0x10, 0x10, 0x10, 0x10, 0x00, 0x00, 0x00, 0x00 },  /* 0x59 Y */
    { 0x00, 0x00, 0x00, 0x7E, 0x04, 0x04, 0x08, 0x18, 0x10, 0x20, 0x60, 0x7E, 0x00, 0x00, 0x00, 0x00 },  /* 0x5A Z */
    { 0x00, 0x00, 0x3C, 0x20, 0x20, 0x20, 0x20, 0x20, 0x20, 0x20, 0x20, 0x20, 0x20, 0x3C, 0x00, 0x00 },  /* 0x5B [ */
    { 0x00, 0x40, 0x40, 0x60, 0x20, 0x20, 0x10, 0x10, 0x08, 0x08, 0x04, 0x04, 0x02, 0x00, 0x00, 0x00 },  /* 0x5C \ */
    { 0x00, 0x00, 0x38, 0x08, 0x08, 0x08, 0x08, 0x08, 0x08, 0x08, 0x08, 0x08, 0x08, 0x38, 0x00, 0x00 },  /* 0x5D ] */
    { 0x00, 0x18, 0x18, 0x24, 0x46, 0x00, 0x00, 0x00, 0x00, 0x00, 0x00, 0x00, 0x00, 0x00, 0x00, 0x00 },  /* 0x5E ^ */
    { 0x00, 0x00, 0x00, 0x00, 0x00, 0x00, 0x00, 0x00, 0x00, 0x00, 0x00, 0x00, 0x00, 0x7E, 0x00, 0x00 },  /* 0x5F _ */
    { 0x00, 0x30, 0x08, 0x00, 0x00, 0x00, 0x00, 0x00, 0x00, 0x00, 0x00, 0x00, 0x00, 0x00, 0x00, 0x00 },  /* 0x60 ` */
    { 0x00, 0x00, 0x00, 0x00, 0x00, 0x78, 0x04, 0x04, 0x3C, 0x44, 0x44, 0x3E, 0x00, 0x00, 0x00, 0x00 },  /* 0x61 a */
    { 0x00, 0x00, 0x40, 0x40, 0x40, 0x5C, 0x66, 0x42, 0x42, 0x42, 0x66, 0x5C, 0x00, 0x00, 0x00, 0x00 },  /* 0x62 b */
    { 0x00, 0x00, 0x00, 0x00, 0x00, 0x1C, 0x22, 0x40, 0x40, 0x40, 0x20, 0x1E, 0x00, 0x00, 0x00, 0x00 },  /* 0x63 c */
    { 0x00, 0x00, 0x06, 0x06, 0x06, 0x3E, 0x66, 0x46, 0x46, 0x46, 0x66, 0x3E, 0x00, 0x00, 0x00, 0x00 },  /* 0x64 d */
    { 0x00, 0x00, 0x00, 0x00, 0x00, 0x3C, 0x64, 0x42, 0x7E, 0x40, 0x60, 0x3E, 0x00, 0x00, 0x00, 0x00 },  /* 0x65 e */
    { 0x00, 0x00, 0x0E, 0x10, 0x10, 0x10, 0x7C, 0x10, 0x10, 0x10, 0x10, 0x10, 0x00, 0x00, 0x00, 0x00 },  /* 0x66 f */
    { 0x00, 0x00, 0x00, 0x00, 0x02, 0x3E, 0x44, 0x44, 0x44, 0x38, 0x40, 0x3C, 0x02, 0x42, 0x3C, 0x00 },  /* 0x67 g */
    { 0x00, 0x00, 0x40, 0x40, 0x40, 0x5C, 0x64, 0x46, 0x46, 0x46, 0x46, 0x46, 0x00, 0x00, 0x00, 0x00 },  /* 0x68 h */
    { 0x00, 0x00, 0x18, 0x18, 0x00, 0x38, 0x08, 0x08, 0x08, 0x08, 0x08, 0x3E, 0x00, 0x00, 0x00, 0x00 },  /* 0x69 i */
    { 0x00, 0x00, 0x0C, 0x08, 0x00, 0x3C, 0x04, 0x04, 0x04, 0x04, 0x04, 0x04, 0x08, 0x30, 0x40, 0x00 },  /* 0x6A j */
    { 0x00, 0x00, 0x40, 0x40, 0x40, 0x46, 0x4C, 0x58, 0x50, 0x48, 0x44, 0x42, 0x00, 0x00, 0x00, 0x00 },  /* 0x6B k */
    { 0x00, 0x00, 0x70, 0x10, 0x10, 0x10, 0x10, 0x10, 0x10, 0x10, 0x10, 0x1E, 0x00, 0x00, 0x00, 0x00 },  /* 0x6C l */
    { 0x00, 0x00, 0x00, 0x00, 0x00, 0x76, 0x5A, 0x52, 0x52, 0x52, 0x52, 0x52, 0x00, 0x00, 0x00, 0x00 },  /* 0x6D m */
    { 0x00, 0x00, 0x00, 0x00, 0x00, 0x5C, 0x64, 0x46, 0x46, 0x46, 0x46, 0x46, 0x00, 0x00, 0x00, 0x00 },  /* 0x6E n */
    { 0x00, 0x00, 0x00, 0x00, 0x00, 0x3C, 0x64, 0x42, 0x42, 0x42, 0x64, 0x3C, 0x00, 0x00, 0x00, 0x00 },  /* 0x6F o */
    { 0x00, 0x00, 0x00, 0x00, 0x00, 0x5C, 0x66, 0x42, 0x42, 0x42, 0x64, 0x5C, 0x40, 0x40, 0x40, 0x00 },  /* 0x70 p */
    { 0x00, 0x00, 0x00, 0x00, 0x00, 0x3A, 0x66, 0x46, 0x46, 0x46, 0x66, 0x3E, 0x06, 0x06, 0x06, 0x00 },  /* 0x71 q */
    { 0x00, 0x00, 0x00, 0x00, 0x00, 0x6E, 0x32, 0x30, 0x30, 0x30, 0x30, 0x78, 0x00, 0x00, 0x00, 0x00 },  /* 0x72 r */
    { 0x00, 0x00, 0x00, 0x00, 0x00, 0x3C, 0x64, 0x60, 0x1C, 0x04, 0x46, 0x3C, 0x00, 0x00, 0x00, 0x00 },  /* 0x73 s */
    { 0x00, 0x00, 0x00, 0x10, 0x10, 0x7C, 0x10, 0x10, 0x10, 0x10, 0x10, 0x1E, 0x00, 0x00, 0x00, 0x00 },  /* 0x74 t */
    { 0x00, 0x00, 0x00, 0x00, 0x00, 0x46, 0x46, 0x46, 0x46, 0x46, 0x46, 0x3A, 0x00, 0x00, 0x00, 0x00 },  /* 0x75 u */
    { 0x00, 0x00, 0x00, 0x00, 0x00, 0x42, 0x44, 0x24, 0x24, 0x28, 0x18, 0x18, 0x00, 0x00, 0x00, 0x00 },  /* 0x76 v */
    { 0x00, 0x00, 0x00, 0x00, 0x00, 0x83, 0xDA, 0x5A, 0x5A, 0x5A, 0x66, 0x64, 0x00, 0x00, 0x00, 0x00 },  /* 0x77 w */
    { 0x00, 0x00, 0x00, 0x00, 0x00, 0x66, 0x24, 0x18, 0x18, 0x38, 0x24, 0x46, 0x00, 0x00, 0x00, 0x00 },  /* 0x78 x */
    { 0x00, 0x00, 0x00, 0x00, 0x00, 0x42, 0x44, 0x24, 0x24, 0x28, 0x18, 0x18, 0x10, 0x10, 0x60, 0x00 },  /* 0x79 y */
    { 0x00, 0x00, 0x00, 0x00, 0x00, 0x3C, 0x04, 0x08, 0x18, 0x10, 0x20, 0x7C, 0x00, 0x00, 0x00, 0x00 },  /* 0x7A z */
    { 0x00, 0x0C, 0x10, 0x10, 0x10, 0x10, 0x18, 0x20, 0x18, 0x10, 0x10, 0x10, 0x10, 0x0C, 0x00, 0x00 },  /* 0x7B { */
    { 0x00, 0x10, 0x10, 0x10, 0x10, 0x10, 0x10, 0x10, 0x10, 0x10, 0x10, 0x10, 0x10, 0x00, 0x00, 0x00 },  /* 0x7C | */
    { 0x00, 0x30, 0x18, 0x08, 0x10, 0x10, 0x10, 0x0C, 0x18, 0x10, 0x10, 0x08, 0x18, 0x30, 0x00, 0x00 },  /* 0x7D } */
    { 0x00, 0x00, 0x00, 0x00, 0x00, 0x00, 0x00, 0x72, 0x4C, 0x00, 0x00, 0x00, 0x00, 0x00, 0x00, 0x00 },  /* 0x7E ~ */
    { 0x42, 0x42, 0x42, 0x42, 0x42, 0x42, 0x5A, 0x4A, 0x4A, 0x52, 0x52, 0x42, 0x42, 0x42, 0x42, 0x42 },  /* 0x7F   */
    { 0x42, 0x42, 0x42, 0x42, 0x42, 0x42, 0x5A, 0x4A, 0x4A, 0x52, 0x52, 0x42, 0x42, 0x42, 0x42, 0x42 },  /* 0x80   */
    { 0x42, 0x42, 0x42, 0x42, 0x42, 0x42, 0x5A, 0x4A, 0x4A, 0x52, 0x52, 0x42, 0x42, 0x42, 0x42, 0x42 },  /* 0x81   */
    { 0x42, 0x42, 0x42, 0x42, 0x42, 0x42, 0x5A, 0x4A, 0x4A, 0x52, 0x52, 0x42, 0x42, 0x42, 0x42, 0x42 },  /* 0x82   */
    { 0x42, 0x42, 0x42, 0x42, 0x42, 0x42, 0x5A, 0x4A, 0x4A, 0x52, 0x52, 0x42, 0x42, 0x42, 0x42, 0x42 },  /* 0x83   */
    { 0x42, 0x42, 0x42, 0x42, 0x42, 0x42, 0x5A, 0x4A, 0x4A, 0x52, 0x52, 0x42, 0x42, 0x42, 0x42, 0x42 },  /* 0x84   */
    { 0x42, 0x42, 0x42, 0x42, 0x42, 0x42, 0x5A, 0x4A, 0x4A, 0x52, 0x52, 0x42, 0x42, 0x42, 0x42, 0x42 },  /* 0x85   */
    { 0x42, 0x42, 0x42, 0x42, 0x42, 0x42, 0x5A, 0x4A, 0x4A, 0x52, 0x52, 0x42, 0x42, 0x42, 0x42, 0x42 },  /* 0x86   */
    { 0x42, 0x42, 0x42, 0x42, 0x42, 0x42, 0x5A, 0x4A, 0x4A, 0x52, 0x52, 0x42, 0x42, 0x42, 0x42, 0x42 },  /* 0x87   */
    { 0x42, 0x42, 0x42, 0x42, 0x42, 0x42, 0x5A, 0x4A, 0x4A, 0x52, 0x52, 0x42, 0x42, 0x42, 0x42, 0x42 },  /* 0x88   */
    { 0x42, 0x42, 0x42, 0x42, 0x42, 0x42, 0x5A, 0x4A, 0x4A, 0x52, 0x52, 0x42, 0x42, 0x42, 0x42, 0x42 },  /* 0x89   */
    { 0x42, 0x42, 0x42, 0x42, 0x42, 0x42, 0x5A, 0x4A, 0x4A, 0x52, 0x52, 0x42, 0x42, 0x42, 0x42, 0x42 },  /* 0x8A   */
    { 0x42, 0x42, 0x42, 0x42, 0x42, 0x42, 0x5A, 0x4A, 0x4A, 0x52, 0x52, 0x42, 0x42, 0x42, 0x42, 0x42 },  /* 0x8B   */
    { 0x42, 0x42, 0x42, 0x42, 0x42, 0x42, 0x5A, 0x4A, 0x4A, 0x52, 0x52, 0x42, 0x42, 0x42, 0x42, 0x42 },  /* 0x8C   */
    { 0x42, 0x42, 0x42, 0x42, 0x42, 0x42, 0x5A, 0x4A, 0x4A, 0x52, 0x52, 0x42, 0x42, 0x42, 0x42, 0x42 },  /* 0x8D   */
    { 0x42, 0x42, 0x42, 0x42, 0x42, 0x42, 0x5A, 0x4A, 0x4A, 0x52, 0x52, 0x42, 0x42, 0x42, 0x42, 0x42 },  /* 0x8E   */
    { 0x42, 0x42, 0x42, 0x42, 0x42, 0x42, 0x5A, 0x4A, 0x4A, 0x52, 0x52, 0x42, 0x42, 0x42, 0x42, 0x42 },  /* 0x8F   */
    { 0x42, 0x42, 0x42, 0x42, 0x42, 0x42, 0x5A, 0x4A, 0x4A, 0x52, 0x52, 0x42, 0x42, 0x42, 0x42, 0x42 },  /* 0x90   */
    { 0x42, 0x42, 0x42, 0x42, 0x42, 0x42, 0x5A, 0x4A, 0x4A, 0x52, 0x52, 0x42, 0x42, 0x42, 0x42, 0x42 },  /* 0x91   */
    { 0x42, 0x42, 0x42, 0x42, 0x42, 0x42, 0x5A, 0x4A, 0x4A, 0x52, 0x52, 0x42, 0x42, 0x42, 0x42, 0x42 },  /* 0x92   */
    { 0x42, 0x42, 0x42, 0x42, 0x42, 0x42, 0x5A, 0x4A, 0x4A, 0x52, 0x52, 0x42, 0x42, 0x42, 0x42, 0x42 },  /* 0x93   */
    { 0x42, 0x42, 0x42, 0x42, 0x42, 0x42, 0x5A, 0x4A, 0x4A, 0x52, 0x52, 0x42, 0x42, 0x42, 0x42, 0x42 },  /* 0x94   */
    { 0x42, 0x42, 0x42, 0x42, 0x42, 0x42, 0x5A, 0x4A, 0x4A, 0x52, 0x52, 0x42, 0x42, 0x42, 0x42, 0x42 },  /* 0x95   */
    { 0x42, 0x42, 0x42, 0x42, 0x42, 0x42, 0x5A, 0x4A, 0x4A, 0x52, 0x52, 0x42, 0x42, 0x42, 0x42, 0x42 },  /* 0x96   */
    { 0x42, 0x42, 0x42, 0x42, 0x42, 0x42, 0x5A, 0x4A, 0x4A, 0x52, 0x52, 0x42, 0x42, 0x42, 0x42, 0x42 },  /* 0x97   */
    { 0x42, 0x42, 0x42, 0x42, 0x42, 0x42, 0x5A, 0x4A, 0x4A, 0x52, 0x52, 0x42, 0x42, 0x42, 0x42, 0x42 },  /* 0x98   */
    { 0x42, 0x42, 0x42, 0x42, 0x42, 0x42, 0x5A, 0x4A, 0x4A, 0x52, 0x52, 0x42, 0x42, 0x42, 0x42, 0x42 },  /* 0x99   */
    { 0x42, 0x42, 0x42, 0x42, 0x42, 0x42, 0x5A, 0x4A, 0x4A, 0x52, 0x52, 0x42, 0x42, 0x42, 0x42, 0x42 },  /* 0x9A   */
    { 0x42, 0x42, 0x42, 0x42, 0x42, 0x42, 0x5A, 0x4A, 0x4A, 0x52, 0x52, 0x42, 0x42, 0x42, 0x42, 0x42 },  /* 0x9B   */
    { 0x42, 0x42, 0x42, 0x42, 0x42, 0x42, 0x5A, 0x4A, 0x4A, 0x52, 0x52, 0x42, 0x42, 0x42, 0x42, 0x42 },  /* 0x9C   */
    { 0x42, 0x42, 0x42, 0x42, 0x42, 0x42, 0x5A, 0x4A, 0x4A, 0x52, 0x52, 0x42, 0x42, 0x42, 0x42, 0x42 },  /* 0x9D   */
    { 0x42, 0x42, 0x42, 0x42, 0x42, 0x42, 0x5A, 0x4A, 0x4A, 0x52, 0x52, 0x42, 0x42, 0x42, 0x42, 0x42 },  /* 0x9E   */
    { 0x42, 0x42, 0x42, 0x42, 0x42, 0x42, 0x5A, 0x4A, 0x4A, 0x52, 0x52, 0x42, 0x42, 0x42, 0x42, 0x42 },  /* 0x9F   */
    { 0x00, 0x00, 0x00, 0x00, 0x00, 0x00, 0x00, 0x00, 0x00, 0x00, 0x00, 0x00, 0x00, 0x00, 0x00, 0x00 },  /* 0xA0   */
    { 0x00, 0x00, 0x00, 0x00, 0x00, 0x00, 0x18, 0x18, 0x00, 0x10, 0x10, 0x10, 0x10, 0x10, 0x18, 0x00 },  /* 0xA1   */
    { 0x00, 0x00, 0x00, 0x08, 0x08, 0x1C, 0x20, 0x60, 0x60, 0x60, 0x20, 0x3C, 0x08, 0x08, 0x00, 0x00 },  /* 0xA2   */
    { 0x00, 0x00, 0x00, 0x1C, 0x22, 0x20, 0x20, 0x7C, 0x20, 0x20, 0x20, 0x7E, 0x00, 0x00, 0x00, 0x00 },  /* 0xA3   */
    { 0x00, 0x00, 0x00, 0x00, 0xC2, 0x7E, 0x64, 0x42, 0x42, 0x64, 0xFE, 0x42, 0x00, 0x00, 0x00, 0x00 },  /* 0xA4   */
    { 0x00, 0x00, 0x00, 0xC2, 0x64, 0x24, 0x18, 0x3C, 0x10, 0x3C, 0x10, 0x10, 0x00, 0x00, 0x00, 0x00 },  /* 0xA5   */
    { 0x00, 0x10, 0x10, 0x10, 0x10, 0x10, 0x00, 0x00, 0x10, 0x10, 0x10, 0x10, 0x10, 0x00, 0x00, 0x00 },  /* 0xA6   */
    { 0x00, 0x00, 0x00, 0x3C, 0x24, 0x20, 0x38, 0x64, 0x64, 0x3C, 0x04, 0x04, 0x78, 0x00, 0x00, 0x00 },  /* 0xA7   */
    { 0x00, 0x00, 0x24, 0x00, 0x00, 0x00, 0x00, 0x00, 0x00, 0x00, 0x00, 0x00, 0x00, 0x00, 0x00, 0x00 },  /* 0xA8   */
    { 0x00, 0x00, 0x3C, 0x42, 0x9A, 0xA2, 0xA2, 0xA2, 0x5E, 0x3C, 0x00, 0x00, 0x00, 0x00, 0x00, 0x00 },  /* 0xA9   */
    { 0x00, 0x00, 0x38, 0x04, 0x3C, 0x64, 0x64, 0x3C, 0x00, 0x00, 0x00, 0x7C, 0x00, 0x00, 0x00, 0x00 },  /* 0xAA   */
    { 0x00, 0x00, 0x00, 0x00, 0x00, 0x12, 0x24, 0x68, 0x48, 0x24, 0x16, 0x00, 0x00, 0x00, 0x00, 0x00 },  /* 0xAB   */
    { 0x00, 0x00, 0x00, 0x00, 0x00, 0x00, 0x00, 0x3C, 0x04, 0x04, 0x00, 0x00, 0x00, 0x00, 0x00, 0x00 },  /* 0xAC   */
    { 0x00, 0x00, 0x00, 0x00, 0x00, 0x00, 0x00, 0x00, 0x00, 0x00, 0x00, 0x00, 0x00, 0x00, 0x00, 0x00 },  /* 0xAD   */
    { 0x00, 0x00, 0x3C, 0x5A, 0x6A, 0x5A, 0x6A, 0x46, 0x3C, 0x00, 0x00, 0x00, 0x00, 0x00, 0x00, 0x00 },  /* 0xAE   */
    { 0x00, 0x00, 0x3C, 0x00, 0x00, 0x00, 0x00, 0x00, 0x00, 0x00, 0x00, 0x00, 0x00, 0x00, 0x00, 0x00 },  /* 0xAF   */
    { 0x00, 0x00, 0x30, 0x48, 0x48, 0x30, 0x00, 0x00, 0x00, 0x00, 0x00, 0x00, 0x00, 0x00, 0x00, 0x00 },  /* 0xB0   */
    { 0x00, 0x00, 0x00, 0x00, 0x00, 0x10, 0x10, 0x3C, 0x10, 0x10, 0x00, 0x3C, 0x00, 0x00, 0x00, 0x00 },  /* 0xB1   */
    { 0x00, 0x00, 0x00, 0x38, 0x04, 0x18, 0x3C, 0x00, 0x00, 0x00, 0x00, 0x00, 0x00, 0x00, 0x00, 0x00 },  /* 0xB2   */
    { 0x00, 0x00, 0x00, 0x3C, 0x18, 0x04, 0x38, 0x00, 0x00, 0x00, 0x00, 0x00, 0x00, 0x00, 0x00, 0x00 },  /* 0xB3   */
    { 0x00, 0x18, 0x20, 0x00, 0x00, 0x00, 0x00, 0x00, 0x00, 0x00, 0x00, 0x00, 0x00, 0x00, 0x00, 0x00 },  /* 0xB4   */
    { 0x00, 0x00, 0x00, 0x00, 0x00, 0x44, 0x44, 0x44, 0x44, 0x44, 0x44, 0x7E, 0x40, 0x40, 0x40, 0x00 },  /* 0xB5   */
    { 0x00, 0x00, 0x00, 0x3E, 0x7A, 0x7A, 0x7A, 0x7A, 0x0A, 0x0A, 0x0A, 0x0A, 0x0A, 0x0A, 0x0A, 0x00 },  /* 0xB6   */
    { 0x00, 0x00, 0x00, 0x00, 0x00, 0x00, 0x18, 0x18, 0x00, 0x00, 0x00, 0x00, 0x00, 0x00, 0x00, 0x00 },  /* 0xB7   */
    { 0x00, 0x00, 0x00, 0x00, 0x00, 0x00, 0x00, 0x00, 0x00, 0x00, 0x00, 0x00, 0x10, 0x08, 0x38, 0x00 },  /* 0xB8   */
    { 0x00, 0x00, 0x00, 0x0C, 0x14, 0x04, 0x04, 0x00, 0x00, 0x00, 0x00, 0x00, 0x00, 0x00, 0x00, 0x00 },  /* 0xB9   */
    { 0x00, 0x00, 0x3C, 0x24, 0x46, 0x44, 0x24, 0x38, 0x00, 0x00, 0x00, 0x7C, 0x00, 0x00, 0x00, 0x00 },  /* 0xBA   */
    { 0x00, 0x00, 0x00, 0x00, 0x00, 0x48, 0x2C, 0x34, 0x16, 0x24, 0x48, 0x00, 0x00, 0x00, 0x00, 0x00 },  /* 0xBB   */
    { 0x00, 0x00, 0x00, 0xC0, 0x40, 0x40, 0x4E, 0x38, 0xC8, 0x14, 0x1E, 0x04, 0x00, 0x00, 0x00, 0x00 },  /* 0xBC   */
    { 0x00, 0x00, 0x00, 0xC0, 0x40, 0x40, 0x4C, 0x30, 0xDC, 0x02, 0x04, 0x1E, 0x00, 0x00, 0x00, 0x00 },  /* 0xBD   */
    { 0x00, 0x00, 0x00, 0xC0, 0x20, 0xC0, 0x2E, 0xF8, 0xC8, 0x14, 0x1E, 0x04, 0x00, 0x00, 0x00, 0x00 },  /* 0xBE   */
    { 0x00, 0x00, 0x00, 0x00, 0x00, 0x00, 0x18, 0x08, 0x00, 0x08, 0x18, 0x30, 0x60, 0x66, 0x3C, 0x00 },  /* 0xBF   */
    { 0x10, 0x38, 0x00, 0x18, 0x18, 0x28, 0x24, 0x24, 0x64, 0x7E, 0x42, 0xC3, 0x00, 0x00, 0x00, 0x00 },  /* 0xC0   */
    { 0x08, 0x38, 0x00, 0x18, 0x18, 0x28, 0x24, 0x24, 0x64, 0x7E, 0x42, 0xC3, 0x00, 0x00, 0x00, 0x00 },  /* 0xC1   */
    { 0x18, 0x24, 0x00, 0x18, 0x18, 0x28, 0x24, 0x24, 0x64, 0x7E, 0x42, 0xC3, 0x00, 0x00, 0x00, 0x00 },  /* 0xC2   */
    { 0x34, 0x2C, 0x00, 0x18, 0x18, 0x28, 0x24, 0x24, 0x64, 0x7E, 0x42, 0xC3, 0x00, 0x00, 0x00, 0x00 },  /* 0xC3   */
    { 0x00, 0x24, 0x00, 0x18, 0x18, 0x28, 0x24, 0x24, 0x64, 0x7E, 0x42, 0xC3, 0x00, 0x00, 0x00, 0x00 },  /* 0xC4   */
    { 0x18, 0x28, 0x18, 0x18, 0x18, 0x28, 0x24, 0x24, 0x64, 0x7E, 0x42, 0xC3, 0x00, 0x00, 0x00, 0x00 },  /* 0xC5   */
    { 0x00, 0x00, 0x00, 0x7C, 0x60, 0x60, 0xD0, 0x9C, 0x90, 0xF0, 0x18, 0x0E, 0x00, 0x00, 0x00, 0x00 },  /* 0xC6   */
    { 0x00, 0x00, 0x00, 0x1E, 0x22, 0x40, 0x40, 0x40, 0x40, 0x40, 0x22, 0x1E, 0x08, 0x04, 0x1C, 0x00 },  /* 0xC7   */
    { 0x10, 0x0C, 0x00, 0x3E, 0x20, 0x20, 0x20, 0x3C, 0x20, 0x20, 0x20, 0x3E, 0x00, 0x00, 0x00, 0x00 },  /* 0xC8   */
    { 0x04, 0x18, 0x00, 0x3E, 0x20, 0x20, 0x20, 0x3C, 0x20, 0x20, 0x20, 0x3E, 0x00, 0x00, 0x00, 0x00 },  /* 0xC9   */
    { 0x18, 0x24, 0x00, 0x3E, 0x20, 0x20, 0x20, 0x3C, 0x20, 0x20, 0x20, 0x3E, 0x00, 0x00, 0x00, 0x00 },  /* 0xCA   */
    { 0x00, 0x34, 0x00, 0x3E, 0x20, 0x20, 0x20, 0x3C, 0x20, 0x20, 0x20, 0x3E, 0x00, 0x00, 0x00, 0x00 },  /* 0xCB   */
    { 0x10, 0x38, 0x00, 0x7C, 0x10, 0x10, 0x10, 0x10, 0x10, 0x10, 0x10, 0x7C, 0x00, 0x00, 0x00, 0x00 },  /* 0xCC   */
    { 0x08, 0x38, 0x00, 0x7C, 0x10, 0x10, 0x10, 0x10, 0x10, 0x10, 0x10, 0x7C, 0x00, 0x00, 0x00, 0x00 },  /* 0xCD   */
    { 0x18, 0x24, 0x00, 0x7C, 0x10, 0x10, 0x10, 0x10, 0x10, 0x10, 0x10, 0x7C, 0x00, 0x00, 0x00, 0x00 },  /* 0xCE   */
    { 0x00, 0x24, 0x00, 0x7C, 0x10, 0x10, 0x10, 0x10, 0x10, 0x10, 0x10, 0x7C, 0x00, 0x00, 0x00, 0x00 },  /* 0xCF   */
    { 0x00, 0x00, 0x00, 0x78, 0x46, 0x42, 0x42, 0xF2, 0x42, 0x42, 0x46, 0x78, 0x00, 0x00, 0x00, 0x00 },  /* 0xD0   */
    { 0x34, 0x2C, 0x00, 0x62, 0x62, 0x52, 0x52, 0x52, 0x4A, 0x4A, 0x46, 0x46, 0x00, 0x00, 0x00, 0x00 },  /* 0xD1   */
    { 0x10, 0x38, 0x00, 0x3C, 0x46, 0x42, 0x42, 0x42, 0x42, 0x42, 0x46, 0x3C, 0x00, 0x00, 0x00, 0x00 },  /* 0xD2   */
    { 0x08, 0x38, 0x00, 0x3C, 0x46, 0x42, 0x42, 0x42, 0x42, 0x42, 0x46, 0x3C, 0x00, 0x00, 0x00, 0x00 },  /* 0xD3   */
    { 0x18, 0x24, 0x00, 0x3C, 0x46, 0x42, 0x42, 0x42, 0x42, 0x42, 0x46, 0x3C, 0x00, 0x00, 0x00, 0x00 },  /* 0xD4   */
    { 0x34, 0x2C, 0x00, 0x3C, 0x46, 0x42, 0x42, 0x42, 0x42, 0x42, 0x46, 0x3C, 0x00, 0x00, 0x00, 0x00 },  /* 0xD5   */
    { 0x00, 0x24, 0x00, 0x3C, 0x46, 0x42, 0x42, 0x42, 0x42, 0x42, 0x46, 0x3C, 0x00, 0x00, 0x00, 0x00 },  /* 0xD6   */
    { 0x00, 0x00, 0x00, 0x00, 0x00, 0x24, 0x18, 0x18, 0x24, 0x00, 0x00, 0x00, 0x00, 0x00, 0x00, 0x00 },  /* 0xD7   */
    { 0x00, 0x04, 0x3C, 0x6E, 0x4A, 0x4A, 0x52, 0x52, 0x52, 0x56, 0x3C, 0x20, 0x00, 0x00, 0x00, 0x00 },  /* 0xD8   */
    { 0x10, 0x38, 0x00, 0x42, 0x42, 0x42, 0x42, 0x42, 0x42, 0x42, 0x46, 0x3C, 0x00, 0x00, 0x00, 0x00 },  /* 0xD9   */
    { 0x08, 0x38, 0x00, 0x42, 0x42, 0x42, 0x42, 0x42, 0x42, 0x42, 0x46, 0x3C, 0x00, 0x00, 0x00, 0x00 },  /* 0xDA   */
    { 0x18, 0x24, 0x00, 0x42, 0x42, 0x42, 0x42, 0x42, 0x42, 0x42, 0x46, 0x3C, 0x00, 0x00, 0x00, 0x00 },  /* 0xDB   */
    { 0x00, 0x24, 0x00, 0x42, 0x42, 0x42, 0x42, 0x42, 0x42, 0x42, 0x46, 0x3C, 0x00, 0x00, 0x00, 0x00 },  /* 0xDC   */
    { 0x08, 0x3C, 0x00, 0xC3, 0x42, 0x24, 0x2C, 0x18, 0x10, 0x10, 0x10, 0x10, 0x00, 0x00, 0x00, 0x00 },  /* 0xDD   */
    { 0x00, 0x00, 0x00, 0x60, 0x60, 0x7C, 0x62, 0x62, 0x62, 0x7C, 0x60, 0x60, 0x00, 0x00, 0x00, 0x00 },  /* 0xDE   */
    { 0x00, 0x00, 0x38, 0x64, 0x44, 0x48, 0x48, 0x4C, 0x46, 0x42, 0x42, 0x5C, 0x00, 0x00, 0x00, 0x00 },  /* 0xDF   */
    { 0x00, 0x30, 0x08, 0x00, 0x78, 0x04, 0x04, 0x3C, 0x44, 0x44, 0x3E, 0x00, 0x00, 0x00, 0x00, 0x00 },  /* 0xE0   */
    { 0x00, 0x18, 0x20, 0x00, 0x78, 0x04, 0x04, 0x3C, 0x44, 0x44, 0x3E, 0x00, 0x00, 0x00, 0x00, 0x00 },  /* 0xE1   */
    { 0x00, 0x00, 0x18, 0x24, 0x00, 0x78, 0x04, 0x04, 0x3C, 0x44, 0x44, 0x3E, 0x00, 0x00, 0x00, 0x00 },  /* 0xE2   */
    { 0x00, 0x00, 0x34, 0x28, 0x00, 0x78, 0x04, 0x04, 0x3C, 0x44, 0x44, 0x3E, 0x00, 0x00, 0x00, 0x00 },  /* 0xE3   */
    { 0x00, 0x00, 0x2C, 0x00, 0x00, 0x78, 0x04, 0x04, 0x3C, 0x44, 0x44, 0x3E, 0x00, 0x00, 0x00, 0x00 },  /* 0xE4   */
    { 0x00, 0x18, 0x28, 0x18, 0x00, 0x78, 0x04, 0x04, 0x3C, 0x44, 0x44, 0x3E, 0x00, 0x00, 0x00, 0x00 },  /* 0xE5   */
    { 0x00, 0x00, 0x00, 0x00, 0x00, 0xFC, 0x32, 0x22, 0xFE, 0x20, 0x30, 0xDE, 0x00, 0x00, 0x00, 0x00 },  /* 0xE6   */
    { 0x00, 0x00, 0x00, 0x00, 0x00, 0x1C, 0x22, 0x40, 0x40, 0x40, 0x22, 0x1C, 0x08, 0x04, 0x1C, 0x00 },  /* 0xE7   */
    { 0x00, 0x10, 0x0C, 0x00, 0x3C, 0x64, 0x42, 0x7E, 0x40, 0x60, 0x3E, 0x00, 0x00, 0x00, 0x00, 0x00 },  /* 0xE8   */
    { 0x00, 0x0C, 0x10, 0x00, 0x3C, 0x64, 0x42, 0x7E, 0x40, 0x60, 0x3E, 0x00, 0x00, 0x00, 0x00, 0x00 },  /* 0xE9   */
    { 0x00, 0x00, 0x18, 0x24, 0x00, 0x3C, 0x64, 0x42, 0x7E, 0x40, 0x60, 0x3E, 0x00, 0x00, 0x00, 0x00 },  /* 0xEA   */
    { 0x00, 0x00, 0x24, 0x00, 0x00, 0x3C, 0x64, 0x42, 0x7E, 0x40, 0x60, 0x3E, 0x00, 0x00, 0x00, 0x00 },  /* 0xEB   */
    { 0x00, 0x30, 0x08, 0x00, 0x38, 0x08, 0x08, 0x08, 0x08, 0x08, 0x3E, 0x00, 0x00, 0x00, 0x00, 0x00 },  /* 0xEC   */
    { 0x00, 0x1C, 0x20, 0x00, 0x38, 0x08, 0x08, 0x08, 0x08, 0x08, 0x3E, 0x00, 0x00, 0x00, 0x00, 0x00 },  /* 0xED   */
    { 0x00, 0x00, 0x18, 0x24, 0x00, 0x38, 0x08, 0x08, 0x08, 0x08, 0x08, 0x3E, 0x00, 0x00, 0x00, 0x00 },  /* 0xEE   */
    { 0x00, 0x00, 0x24, 0x00, 0x00, 0x38, 0x08, 0x08, 0x08, 0x08, 0x08, 0x3E, 0x00, 0x00, 0x00, 0x00 },  /* 0xEF   */
    { 0x00, 0x00, 0x08, 0x38, 0x3C, 0x04, 0x3A, 0x46, 0x42, 0x42, 0x44, 0x3C, 0x00, 0x00, 0x00, 0x00 },  /* 0xF0   */
    { 0x00, 0x00, 0x34, 0x2C, 0x00, 0x5C, 0x64, 0x46, 0x46, 0x46, 0x46, 0x46, 0x00, 0x00, 0x00, 0x00 },  /* 0xF1   */
    { 0x00, 0x30, 0x08, 0x00, 0x3C, 0x64, 0x42, 0x42, 0x42, 0x64, 0x3C, 0x00, 0x00, 0x00, 0x00, 0x00 },  /* 0xF2   */
    { 0x00, 0x18, 0x20, 0x00, 0x3C, 0x64, 0x42, 0x42, 0x42, 0x64, 0x3C, 0x00, 0x00, 0x00, 0x00, 0x00 },  /* 0xF3   */
    { 0x00, 0x00, 0x18, 0x24, 0x00, 0x3C, 0x64, 0x42, 0x42, 0x42, 0x64, 0x3C, 0x00, 0x00, 0x00, 0x00 },  /* 0xF4   */
    { 0x00, 0x00, 0x34, 0x2C, 0x00, 0x3C, 0x64, 0x42, 0x42, 0x42, 0x64, 0x3C, 0x00, 0x00, 0x00, 0x00 },  /* 0xF5   */
    { 0x00, 0x00, 0x24, 0x00, 0x00, 0x3C, 0x64, 0x42, 0x42, 0x42, 0x64, 0x3C, 0x00, 0x00, 0x00, 0x00 },  /* 0xF6   */
    { 0x00, 0x00, 0x00, 0x00, 0x18, 0x18, 0x00, 0x3C, 0x00, 0x18, 0x18, 0x00, 0x00, 0x00, 0x00, 0x00 },  /* 0xF7   */
    { 0x00, 0x00, 0x00, 0x04, 0x04, 0x3C, 0x6C, 0x4A, 0x52, 0x52, 0x74, 0x3C, 0x20, 0x20, 0x00, 0x00 },  /* 0xF8   */
    { 0x00, 0x30, 0x08, 0x00, 0x46, 0x46, 0x46, 0x46, 0x46, 0x46, 0x3A, 0x00, 0x00, 0x00, 0x00, 0x00 },  /* 0xF9   */
    { 0x00, 0x18, 0x20, 0x00, 0x46, 0x46, 0x46, 0x46, 0x46, 0x46, 0x3A, 0x00, 0x00, 0x00, 0x00, 0x00 },  /* 0xFA   */
    { 0x00, 0x00, 0x18, 0x24, 0x00, 0x46, 0x46, 0x46, 0x46, 0x46, 0x46, 0x3A, 0x00, 0x00, 0x00, 0x00 },  /* 0xFB   */
    { 0x00, 0x00, 0x24, 0x00, 0x00, 0x46, 0x46, 0x46, 0x46, 0x46, 0x46, 0x3A, 0x00, 0x00, 0x00, 0x00 },  /* 0xFC   */
    { 0x00, 0x18, 0x20, 0x00, 0x42, 0x44, 0x24, 0x24, 0x28, 0x18, 0x18, 0x10, 0x10, 0x60, 0x00, 0x00 },  /* 0xFD   */
    { 0x00, 0x00, 0x40, 0x40, 0x40, 0x5C, 0x66, 0x42, 0x42, 0x42, 0x64, 0x5C, 0x40, 0x40, 0x40, 0x00 },  /* 0xFE   */
    { 0x00, 0x00, 0x24, 0x00, 0x00, 0x42, 0x44, 0x24, 0x24, 0x28, 0x18, 0x18, 0x10, 0x10, 0x60, 0x00 },  /* 0xFF   */
};

static const uint8_t glyphs_source[FONT_GLYPHS][FONT_HEIGHT] = {
    { 0x00, 0x00, 0x00, 0x00, 0x00, 0x00, 0x00, 0x00, 0x00, 0x00, 0x00, 0x00, 0x00, 0x00, 0x00, 0x00 },  /* 0x20   */
    { 0x00, 0x00, 0x00, 0x00, 0x10, 0x10, 0x10, 0x10, 0x10, 0x00, 0x18, 0x18, 0x00, 0x00, 0x00, 0x00 },  /* 0x21 ! */
    { 0x00, 0x00, 0x00, 0x00, 0x24, 0x24, 0x24, 0x24, 0x00, 0x00, 0x00, 0x00, 0x00, 0x00, 0x00, 0x00 },  /* 0x22 " */
    { 0x00, 0x00, 0x00, 0x00, 0x28, 0x28, 0x7C, 0x28, 0x28, 0x7C, 0x28, 0x48, 0x00, 0x00, 0x00, 0x00 },  /* 0x23 # */
    { 0x00, 0x00, 0x00, 0x10, 0x10, 0x38, 0x40, 0x40, 0x38, 0x04, 0x44, 0x78, 0x10, 0x10, 0x00, 0x00 },  /* 0x24 $ */
    { 0x00, 0x00, 0x00, 0x00, 0x70, 0x53, 0x54, 0x70, 0x06, 0x29, 0x49, 0x06, 0x00, 0x00, 0x00, 0x00 },  /* 0x25 % */
    { 0x00, 0x00, 0x00, 0x00, 0x38, 0x28, 0x28, 0x30, 0x52, 0x4E, 0x44, 0x3A, 0x00, 0x00, 0x00, 0x00 },  /* 0x26 & */
    { 0x00, 0x00, 0x00, 0x00, 0x10, 0x10, 0x10, 0x10, 0x00, 0x00, 0x00, 0x00, 0x00, 0x00, 0x00, 0x00 },  /* 0x27 ' */
    { 0x00, 0x00, 0x00, 0x08, 0x10, 0x10, 0x20, 0x20, 0x20, 0x20, 0x20, 0x10, 0x10, 0x08, 0x00, 0x00 },  /* 0x28 ( */
    { 0x00, 0x00, 0x00, 0x20, 0x30, 0x10, 0x08, 0x08, 0x08, 0x08, 0x08, 0x10, 0x10, 0x20, 0x00, 0x00 },  /* 0x29 ) */
    { 0x00, 0x00, 0x00, 0x00, 0x00, 0x10, 0x10, 0x7C, 0x28, 0x28, 0x00, 0x00, 0x00, 0x00, 0x00, 0x00 },  /* 0x2A * */
    { 0x00, 0x00, 0x00, 0x00, 0x00, 0x00, 0x10, 0x10, 0x7C, 0x10, 0x10, 0x00, 0x00, 0x00, 0x00, 0x00 },  /* 0x2B + */
    { 0x00, 0x00, 0x00, 0x00, 0x00, 0x00, 0x00, 0x00, 0x00, 0x00, 0x18, 0x18, 0x08, 0x10, 0x00, 0x00 },  /* 0x2C , */
    { 0x00, 0x00, 0x00, 0x00, 0x00, 0x00, 0x00, 0x00, 0x7C, 0x00, 0x00, 0x00, 0x00, 0x00, 0x00, 0x00 },  /* 0x2D - */
    { 0x00, 0x00, 0x00, 0x00, 0x00, 0x00, 0x00, 0x00, 0x00, 0x00, 0x18, 0x18, 0x00, 0x00, 0x00, 0x00 },  /* 0x2E . */
    { 0x00, 0x00, 0x00, 0x04, 0x08, 0x08, 0x08, 0x10, 0x10, 0x10, 0x20, 0x20, 0x40, 0x40, 0x00, 0x00 },  /* 0x2F / */
    { 0x00, 0x00, 0x00, 0x00, 0x3C, 0x66, 0x42, 0x52, 0x42, 0x42, 0x24, 0x3C, 0x00, 0x00, 0x00, 0x00 },  /* 0x30 0 */
    { 0x00, 0x00, 0x00, 0x00, 0x30, 0x10, 0x10, 0x10, 0x10, 0x10, 0x10, 0x7C, 0x00, 0x00, 0x00, 0x00 },  /* 0x31 1 */
    { 0x00, 0x00, 0x00, 0x00, 0x38, 0x44, 0x04, 0x04, 0x08, 0x10, 0x20, 0x7C, 0x00, 0x00, 0x00, 0x00 },  /* 0x32 2 */
    { 0x00, 0x00, 0x00, 0x00, 0x38, 0x44, 0x04, 0x38, 0x0C, 0x04, 0x44, 0x38, 0x00, 0x00, 0x00, 0x00 },  /* 0x33 3 */
    { 0x00, 0x00, 0x00, 0x00, 0x0C, 0x0C, 0x14, 0x24, 0x44, 0x7E, 0x04, 0x04, 0x00, 0x00, 0x00, 0x00 },  /* 0x34 4 */
    { 0x00, 0x00, 0x00, 0x00, 0x7C, 0x40, 0x40, 0x78, 0x04, 0x04, 0x8C, 0x78, 0x00, 0x00, 0x00, 0x00 },  /* 0x35 5 */
    { 0x00, 0x00, 0x00, 0x00, 0x1C, 0x20, 0x40, 0x5C, 0x62, 0x42, 0x62, 0x3C, 0x00, 0x00, 0x00, 0x00 },  /* 0x36 6 */
    { 0x00, 0x00, 0x00, 0x00, 0x7E, 0x04, 0x08, 0x08, 0x10, 0x10, 0x10, 0x10, 0x00, 0x00, 0x00, 0x00 },  /* 0x37 7 */
    { 0x00, 0x00, 0x00, 0x00, 0x38, 0x44, 0x44, 0x28, 0x5C, 0x42, 0x42, 0x3C, 0x00, 0x00, 0x00, 0x00 },  /* 0x38 8 */
    { 0x00, 0x00, 0x00, 0x00, 0x3C, 0x44, 0x42, 0x46, 0x3A, 0x02, 0x04, 0x38, 0x00, 0x00, 0x00, 0x00 },  /* 0x39 9 */
    { 0x00, 0x00, 0x00, 0x00, 0x00, 0x00, 0x18, 0x18, 0x00, 0x00, 0x18, 0x18, 0x00, 0x00, 0x00, 0x00 },  /* 0x3A : */
    { 0x00, 0x00, 0x00, 0x00, 0x00, 0x00, 0x18, 0x18, 0x00, 0x00, 0x18, 0x18, 0x08, 0x10, 0x00, 0x00 },  /* 0x3B ; */
    { 0x00, 0x00, 0x00, 0x00, 0x0C, 0x10, 0x60, 0x60, 0x10, 0x0C, 0x00, 0x00, 0x00, 0x00, 0x00, 0x00 },  /* 0x3C < */
    { 0x00, 0x00, 0x00, 0x00, 0x00, 0x00, 0x7C, 0x00, 0x00, 0x7C, 0x00, 0x00, 0x00, 0x00, 0x00, 0x00 },  /* 0x3D = */
    { 0x00, 0x00, 0x00, 0x00, 0x40, 0x30, 0x08, 0x08, 0x30, 0x40, 0x00, 0x00, 0x00, 0x00, 0x00, 0x00 },  /* 0x3E > */
    { 0x00, 0x00, 0x00, 0x00, 0x38, 0x04, 0x04, 0x08, 0x10, 0x00, 0x18, 0x18, 0x00, 0x00, 0x00, 0x00 },  /* 0x3F ? */
    { 0x00, 0x00, 0x00, 0x00, 0x1C, 0x22, 0x42, 0x46, 0x5A, 0x52, 0x5E, 0x40, 0x20, 0x1C, 0x00, 0x00 },  /* 0x40 @ */
    { 0x00, 0x00, 0x00, 0x00, 0x10, 0x28, 0x28, 0x28, 0x24, 0x7C, 0x44, 0x42, 0x00, 0x00, 0x00, 0x00 },  /* 0x41 A */
    { 0x00, 0x00, 0x00, 0x00, 0x78, 0x44, 0x44, 0x78, 0x44, 0x44, 0x44, 0x78, 0x00, 0x00, 0x00, 0x00 },  /* 0x42 B */
    { 0x00, 0x00, 0x00, 0x00, 0x1C, 0x20, 0x40, 0x40, 0x40, 0x40, 0x22, 0x1C, 0x00, 0x00, 0x00, 0x00 },  /* 0x43 C */
    { 0x00, 0x00, 0x00, 0x00, 0x78, 0x44, 0x42, 0x42, 0x42, 0x42, 0x44, 0x78, 0x00, 0x00, 0x00, 0x00 },  /* 0x44 D */
    { 0x00, 0x00, 0x00, 0x00, 0x7C, 0x40, 0x40, 0x78, 0x40, 0x40, 0x40, 0x7C, 0x00, 0x00, 0x00, 0x00 },  /* 0x45 E */
    { 0x00, 0x00, 0x00, 0x00, 0x3E, 0x20, 0x20, 0x20, 0x3C, 0x20, 0x20, 0x20, 0x00, 0x00, 0x00, 0x00 },  /* 0x46 F */
    { 0x00, 0x00, 0x00, 0x00, 0x1C, 0x20, 0x40, 0x40, 0x4E, 0x42, 0x22, 0x1C, 0x00, 0x00, 0x00, 0x00 },  /* 0x47 G */
    { 0x00, 0x00, 0x00, 0x00, 0x44, 0x44, 0x44, 0x7C, 0x44, 0x44, 0x44, 0x44, 0x00, 0x00, 0x00, 0x00 },  /* 0x48 H */
    { 0x00, 0x00, 0x00, 0x00, 0x7C, 0x10, 0x10, 0x10, 0x10, 0x10, 0x10, 0x7C, 0x00, 0x00, 0x00, 0x00 },  /* 0x49 I */
    { 0x00, 0x00, 0x00, 0x00, 0x3C, 0x04, 0x04, 0x04, 0x04, 0x04, 0x44, 0x38, 0x00, 0x00, 0x00, 0x00 },  /* 0x4A J */
    { 0x00, 0x00, 0x00, 0x00, 0x44, 0x48, 0x50, 0x70, 0x68, 0x48, 0x44, 0x44, 0x00, 0x00, 0x00, 0x00 },  /* 0x4B K */
    { 0x00, 0x00, 0x00, 0x00, 0x20, 0x20, 0x20, 0x20, 0x20, 0x20, 0x20, 0x3E, 0x00, 0x00, 0x00, 0x00 },  /* 0x4C L */
    { 0x00, 0x00, 0x00, 0x00, 0x62, 0x66, 0x66, 0x5A, 0x5A, 0x5A, 0x42, 0x42, 0x00, 0x00, 0x00, 0x00 },  /* 0x4D M */
    { 0x00, 0x00, 0x00, 0x00, 0x44, 0x64, 0x64, 0x54, 0x54, 0x4C, 0x4C, 0x44, 0x00, 0x00, 0x00, 0x00 },  /* 0x4E N */
    { 0x00, 0x00, 0x00, 0x00, 0x3C, 0x24, 0x42, 0x42, 0x42, 0x42, 0x24, 0x3C, 0x00, 0x00, 0x00, 0x00 },  /* 0x4F O */
    { 0x00, 0x00, 0x00, 0x00, 0x78, 0x44, 0x44, 0x44, 0x78, 0x40, 0x40, 0x40, 0x00, 0x00, 0x00, 0x00 },  /* 0x50 P */
    { 0x00, 0x00, 0x00, 0x00, 0x3C, 0x24, 0x42, 0x42, 0x42, 0x42, 0x24, 0x3C, 0x08, 0x06, 0x00, 0x00 },  /* 0x51 Q */
    { 0x00, 0x00, 0x00, 0x00, 0x78, 0x44, 0x44, 0x44, 0x78, 0x48, 0x48, 0x44, 0x00, 0x00, 0x00, 0x00 },  /* 0x52 R */
    { 0x00, 0x00, 0x00, 0x00, 0x38, 0x40, 0x40, 0x30, 0x08, 0x04, 0x44, 0x38, 0x00, 0x00, 0x00, 0x00 },  /* 0x53 S */
    { 0x00, 0x00, 0x00, 0x00, 0xFE, 0x10, 0x10, 0x10, 0x10, 0x10, 0x10, 0x10, 0x00, 0x00, 0x00, 0x00 },  /* 0x54 T */
    { 0x00, 0x00, 0x00, 0x00, 0x44, 0x44, 0x44, 0x44, 0x44, 0x44, 0x44, 0x38, 0x00, 0x00, 0x00, 0x00 },  /* 0x55 U */
    { 0x00, 0x00, 0x00, 0x00, 0x46, 0x44, 0x44, 0x24, 0x28, 0x28, 0x28, 0x10, 0x00, 0x00, 0x00, 0x00 },  /* 0x56 V */
    { 0x00, 0x00, 0x00, 0x00, 0x04, 0x0C, 0x28, 0x68, 0x68, 0xD8, 0xD8, 0x98, 0x00, 0x00, 0x00, 0x00 },  /* 0x57 W */
    { 0x00, 0x00, 0x00, 0x00, 0x44, 0x24, 0x28, 0x10, 0x18, 0x28, 0x64, 0x44, 0x00, 0x00, 0x00, 0x00 },  /* 0x58 X */
    { 0x00, 0x00, 0x00, 0x00, 0x44, 0x44, 0x28, 0x28, 0x10, 0x10, 0x10, 0x10, 0x00, 0x00, 0x00, 0x00 },  /* 0x59 Y */
    { 0x00, 0x00, 0x00, 0x00, 0x7E, 0x04, 0x08, 0x08, 0x10, 0x20, 0x20, 0x7E, 0x00, 0x00, 0x00, 0x00 },  /* 0x5A Z */
    { 0x00, 0x00, 0x00, 0x1E, 0x10, 0x10, 0x10, 0x10, 0x10, 0x10, 0x10, 0x10, 0x10, 0x1E, 0x00, 0x00 },  /* 0x5B [ */
    { 0x00, 0x00, 0x00, 0x40, 0x20, 0x20, 0x20, 0x10, 0x10, 0x08, 0x08, 0x08, 0x04, 0x04, 0x00, 0x00 },  /* 0x5C \ */
    { 0x00, 0x00, 0x00, 0x78, 0x08, 0x08, 0x08, 0x08, 0x08, 0x08, 0x08, 0x08, 0x08, 0x78, 0x00, 0x00 },  /* 0x5D ] */
    { 0x00, 0x00, 0x00, 0x00, 0x10, 0x10, 0x28, 0x28, 0x44, 0x00, 0x00, 0x00, 0x00, 0x00, 0x00, 0x00 },  /* 0x5E ^ */
    { 0x00, 0x00, 0x00, 0x00, 0x00, 0x00, 0x00, 0x00, 0x00, 0x00, 0x00, 0x00, 0x00, 0x7C, 0x00, 0x00 },  /* 0x5F _ */
    { 0x00, 0x00, 0x20, 0x10, 0x00, 0x00, 0x00, 0x00, 0x00, 0x00, 0x00, 0x00, 0x00, 0x00, 0x00, 0x00 },  /* 0x60 ` */
    { 0x00, 0x00, 0x00, 0x00, 0x00, 0x00, 0x38, 0x04, 0x1C, 0x64, 0x44, 0x7C, 0x00, 0x00, 0x00, 0x00 },  /* 0x61 a */
    { 0x00, 0x00, 0x00, 0x40, 0x40, 0x40, 0x58, 0x64, 0x44, 0x44, 0x4C, 0x78, 0x00, 0x00, 0x00, 0x00 },  /* 0x62 b */
    { 0x00, 0x00, 0x00, 0x00, 0x00, 0x00, 0x3C, 0x60, 0x40, 0x40, 0x60, 0x3C, 0x00, 0x00, 0x00, 0x00 },  /* 0x63 c */
    { 0x00, 0x00, 0x00, 0x04, 0x04, 0x04, 0x3C, 0x64, 0x44, 0x44, 0x44, 0x3C, 0x00, 0x00, 0x00, 0x00 },  /* 0x64 d */
    { 0x00, 0x00, 0x00, 0x00, 0x00, 0x00, 0x3C, 0x62, 0x7E, 0x40, 0x60, 0x3C, 0x00, 0x00, 0x00, 0x00 },  /* 0x65 e */
    { 0x00, 0x00, 0x00, 0x0E, 0x10, 0x10, 0x7C, 0x10, 0x10, 0x10, 0x10, 0x10, 0x00, 0x00, 0x00, 0x00 },  /* 0x66 f */
    { 0x00, 0x00, 0x00, 0x00, 0x00, 0x00, 0x3E, 0x44, 0x44, 0x38, 0x40, 0x3E, 0x42, 0x7C, 0x00, 0x00 },  /* 0x67 g */
    { 0x00, 0x00, 0x00, 0x40, 0x40, 0x40, 0x58, 0x64, 0x44, 0x44, 0x44, 0x44, 0x00, 0x00, 0x00, 0x00 },  /* 0x68 h */
    { 0x00, 0x00, 0x00, 0x10, 0x00, 0x00, 0x70, 0x10, 0x10, 0x10, 0x10, 0x10, 0x00, 0x00, 0x00, 0x00 },  /* 0x69 i */
    { 0x00, 0x00, 0x00, 0x10, 0x00, 0x00, 0x70, 0x10, 0x10, 0x10, 0x10, 0x10, 0x10, 0xE0, 0x00, 0x00 },  /* 0x6A j */
    { 0x00, 0x00, 0x00, 0x40, 0x40, 0x40, 0x44, 0x48, 0x50, 0x68, 0x4C, 0x44, 0x00, 0x00, 0x00, 0x00 },  /* 0x6B k */
    { 0x00, 0x00, 0x00, 0x70, 0x10, 0x10, 0x10, 0x10, 0x10, 0x10, 0x10, 0x0C, 0x00, 0x00, 0x00, 0x00 },  /* 0x6C l */
    { 0x00, 0x00, 0x00, 0x00, 0x00, 0x00, 0x7C, 0x54, 0x54, 0x54, 0x54, 0x54, 0x00, 0x00, 0x00, 0x00 },  /* 0x6D m */
    { 0x00, 0x00, 0x00, 0x00, 0x00, 0x00, 0x58, 0x64, 0x44, 0x44, 0x44, 0x44, 0x00, 0x00, 0x00, 0x00 },  /* 0x6E n */
    { 0x00, 0x00, 0x00, 0x00, 0x00, 0x00, 0x3C, 0x66, 0x42, 0x42, 0x66, 0x3C, 0x00, 0x00, 0x00, 0x00 },  /* 0x6F o */
    { 0x00, 0x00, 0x00, 0x00, 0x00, 0x00, 0x58, 0x64, 0x44, 0x44, 0x4C, 0x78, 0x40, 0x40, 0x00, 0x00 },  /* 0x70 p */
    { 0x00, 0x00, 0x00, 0x00, 0x00, 0x00, 0x3C, 0x64, 0x44, 0x44, 0x44, 0x3C, 0x04, 0x04, 0x00, 0x00 },  /* 0x71 q */
    { 0x00, 0x00, 0x00, 0x00, 0x00, 0x00, 0x2E, 0x30, 0x20, 0x20, 0x20, 0x20, 0x00, 0x00, 0x00, 0x00 },  /* 0x72 r */
    { 0x00, 0x00, 0x00, 0x00, 0x00, 0x00, 0x38, 0x40, 0x20, 0x1C, 0x04, 0x78, 0x00, 0x00, 0x00, 0x00 },  /* 0x73 s */
    { 0x00, 0x00, 0x00, 0x00, 0x20, 0x20, 0xFC, 0x20, 0x20, 0x20, 0x20, 0x1C, 0x00, 0x00, 0x00, 0x00 },  /* 0x74 t */
    { 0x00, 0x00, 0x00, 0x00, 0x00, 0x00, 0x44, 0x44, 0x44, 0x44, 0x4C, 0x34, 0x00, 0x00, 0x00, 0x00 },  /* 0x75 u */
    { 0x00, 0x00, 0x00, 0x00, 0x00, 0x00, 0x44, 0x44, 0x24, 0x28, 0x28, 0x10, 0x00, 0x00, 0x00, 0x00 },  /* 0x76 v */
    { 0x00, 0x00, 0x00, 0x00, 0x00, 0x00, 0x92, 0x92, 0x6A, 0x6C, 0x6C, 0x6C, 0x00, 0x00, 0x00, 0x00 },  /* 0x77 w */
    { 0x00, 0x00, 0x00, 0x00, 0x00, 0x00, 0x44, 0x28, 0x18, 0x18, 0x28, 0x44, 0x00, 0x00, 0x00, 0x00 },  /* 0x78 x */
    { 0x00, 0x00, 0x00, 0x00, 0x00, 0x00, 0x44, 0x44, 0x24, 0x28, 0x18, 0x10, 0x10, 0x60, 0x00, 0x00 },  /* 0x79 y */
    { 0x00, 0x00, 0x00, 0x00, 0x00, 0x00, 0x7E, 0x04, 0x08, 0x10, 0x20, 0x7E, 0x00, 0x00, 0x00, 0x00 },  /* 0x7A z */
    { 0x00, 0x00, 0x00, 0x1C, 0x10, 0x10, 0x10, 0x10, 0x60, 0x10, 0x10, 0x10, 0x10, 0x1C, 0x00, 0x00 },  /* 0x7B { */
    { 0x00, 0x00, 0x00, 0x10, 0x10, 0x10, 0x10, 0x10, 0x10, 0x10, 0x10, 0x10, 0x10, 0x10, 0x10, 0x00 },  /* 0x7C | */
    { 0x00, 0x00, 0x00, 0x70, 0x10, 0x10, 0x10, 0x10, 0x0C, 0x10, 0x10, 0x10, 0x10, 0x70, 0x00, 0x00 },  /* 0x7D } */
    { 0x00, 0x00, 0x00, 0x00, 0x00, 0x00, 0x34, 0x5C, 0x00, 0x00, 0x00, 0x00, 0x00, 0x00, 0x00, 0x00 },  /* 0x7E ~ */
    { 0x00, 0x00, 0x00, 0x00, 0x7E, 0x66, 0x6A, 0x5A, 0x5A, 0x6A, 0x66, 0x7E, 0x00, 0x00, 0x00, 0x00 },  /* 0x7F   */
    { 0x00, 0x00, 0x00, 0x00, 0x7E, 0x66, 0x6A, 0x5A, 0x5A, 0x6A, 0x66, 0x7E, 0x00, 0x00, 0x00, 0x00 },  /* 0x80   */
    { 0x00, 0x00, 0x00, 0x00, 0x7E, 0x66, 0x6A, 0x5A, 0x5A, 0x6A, 0x66, 0x7E, 0x00, 0x00, 0x00, 0x00 },  /* 0x81   */
    { 0x00, 0x00, 0x00, 0x00, 0x7E, 0x66, 0x6A, 0x5A, 0x5A, 0x6A, 0x66, 0x7E, 0x00, 0x00, 0x00, 0x00 },  /* 0x82   */
    { 0x00, 0x00, 0x00, 0x00, 0x7E, 0x66, 0x6A, 0x5A, 0x5A, 0x6A, 0x66, 0x7E, 0x00, 0x00, 0x00, 0x00 },  /* 0x83   */
    { 0x00, 0x00, 0x00, 0x00, 0x7E, 0x66, 0x6A, 0x5A, 0x5A, 0x6A, 0x66, 0x7E, 0x00, 0x00, 0x00, 0x00 },  /* 0x84   */
    { 0x00, 0x00, 0x00, 0x00, 0x7E, 0x66, 0x6A, 0x5A, 0x5A, 0x6A, 0x66, 0x7E, 0x00, 0x00, 0x00, 0x00 },  /* 0x85   */
    { 0x00, 0x00, 0x00, 0x00, 0x7E, 0x66, 0x6A, 0x5A, 0x5A, 0x6A, 0x66, 0x7E, 0x00, 0x00, 0x00, 0x00 },  /* 0x86   */
    { 0x00, 0x00, 0x00, 0x00, 0x7E, 0x66, 0x6A, 0x5A, 0x5A, 0x6A, 0x66, 0x7E, 0x00, 0x00, 0x00, 0x00 },  /* 0x87   */
    { 0x00, 0x00, 0x00, 0x00, 0x7E, 0x66, 0x6A, 0x5A, 0x5A, 0x6A, 0x66, 0x7E, 0x00, 0x00, 0x00, 0x00 },  /* 0x88   */
    { 0x00, 0x00, 0x00, 0x00, 0x7E, 0x66, 0x6A, 0x5A, 0x5A, 0x6A, 0x66, 0x7E, 0x00, 0x00, 0x00, 0x00 },  /* 0x89   */
    { 0x00, 0x00, 0x00, 0x00, 0x7E, 0x66, 0x6A, 0x5A, 0x5A, 0x6A, 0x66, 0x7E, 0x00, 0x00, 0x00, 0x00 },  /* 0x8A   */
    { 0x00, 0x00, 0x00, 0x00, 0x7E, 0x66, 0x6A, 0x5A, 0x5A, 0x6A, 0x66, 0x7E, 0x00, 0x00, 0x00, 0x00 },  /* 0x8B   */
    { 0x00, 0x00, 0x00, 0x00, 0x7E, 0x66, 0x6A, 0x5A, 0x5A, 0x6A, 0x66, 0x7E, 0x00, 0x00, 0x00, 0x00 },  /* 0x8C   */
    { 0x00, 0x00, 0x00, 0x00, 0x7E, 0x66, 0x6A, 0x5A, 0x5A, 0x6A, 0x66, 0x7E, 0x00, 0x00, 0x00, 0x00 },  /* 0x8D   */
    { 0x00, 0x00, 0x00, 0x00, 0x7E, 0x66, 0x6A, 0x5A, 0x5A, 0x6A, 0x66, 0x7E, 0x00, 0x00, 0x00, 0x00 },  /* 0x8E   */
    { 0x00, 0x00, 0x00, 0x00, 0x7E, 0x66, 0x6A, 0x5A, 0x5A, 0x6A, 0x66, 0x7E, 0x00, 0x00, 0x00, 0x00 },  /* 0x8F   */
    { 0x00, 0x00, 0x00, 0x00, 0x7E, 0x66, 0x6A, 0x5A, 0x5A, 0x6A, 0x66, 0x7E, 0x00, 0x00, 0x00, 0x00 },  /* 0x90   */
    { 0x00, 0x00, 0x00, 0x00, 0x7E, 0x66, 0x6A, 0x5A, 0x5A, 0x6A, 0x66, 0x7E, 0x00, 0x00, 0x00, 0x00 },  /* 0x91   */
    { 0x00, 0x00, 0x00, 0x00, 0x7E, 0x66, 0x6A, 0x5A, 0x5A, 0x6A, 0x66, 0x7E, 0x00, 0x00, 0x00, 0x00 },  /* 0x92   */
    { 0x00, 0x00, 0x00, 0x00, 0x7E, 0x66, 0x6A, 0x5A, 0x5A, 0x6A, 0x66, 0x7E, 0x00, 0x00, 0x00, 0x00 },  /* 0x93   */
    { 0x00, 0x00, 0x00, 0x00, 0x7E, 0x66, 0x6A, 0x5A, 0x5A, 0x6A, 0x66, 0x7E, 0x00, 0x00, 0x00, 0x00 },  /* 0x94   */
    { 0x00, 0x00, 0x00, 0x00, 0x7E, 0x66, 0x6A, 0x5A, 0x5A, 0x6A, 0x66, 0x7E, 0x00, 0x00, 0x00, 0x00 },  /* 0x95   */
    { 0x00, 0x00, 0x00, 0x00, 0x7E, 0x66, 0x6A, 0x5A, 0x5A, 0x6A, 0x66, 0x7E, 0x00, 0x00, 0x00, 0x00 },  /* 0x96   */
    { 0x00, 0x00, 0x00, 0x00, 0x7E, 0x66, 0x6A, 0x5A, 0x5A, 0x6A, 0x66, 0x7E, 0x00, 0x00, 0x00, 0x00 },  /* 0x97   */
    { 0x00, 0x00, 0x00, 0x00, 0x7E, 0x66, 0x6A, 0x5A, 0x5A, 0x6A, 0x66, 0x7E, 0x00, 0x00, 0x00, 0x00 },  /* 0x98   */
    { 0x00, 0x00, 0x00, 0x00, 0x7E, 0x66, 0x6A, 0x5A, 0x5A, 0x6A, 0x66, 0x7E, 0x00, 0x00, 0x00, 0x00 },  /* 0x99   */
    { 0x00, 0x00, 0x00, 0x00, 0x7E, 0x66, 0x6A, 0x5A, 0x5A, 0x6A, 0x66, 0x7E, 0x00, 0x00, 0x00, 0x00 },  /* 0x9A   */
    { 0x00, 0x00, 0x00, 0x00, 0x7E, 0x66, 0x6A, 0x5A, 0x5A, 0x6A, 0x66, 0x7E, 0x00, 0x00, 0x00, 0x00 },  /* 0x9B   */
    { 0x00, 0x00, 0x00, 0x00, 0x7E, 0x66, 0x6A, 0x5A, 0x5A, 0x6A, 0x66, 0x7E, 0x00, 0x00, 0x00, 0x00 },  /* 0x9C   */
    { 0x00, 0x00, 0x00, 0x00, 0x7E, 0x66, 0x6A, 0x5A, 0x5A, 0x6A, 0x66, 0x7E, 0x00, 0x00, 0x00, 0x00 },  /* 0x9D   */
    { 0x00, 0x00, 0x00, 0x00, 0x7E, 0x66, 0x6A, 0x5A, 0x5A, 0x6A, 0x66, 0x7E, 0x00, 0x00, 0x00, 0x00 },  /* 0x9E   */
    { 0x00, 0x00, 0x00, 0x00, 0x7E, 0x66, 0x6A, 0x5A, 0x5A, 0x6A, 0x66, 0x7E, 0x00, 0x00, 0x00, 0x00 },  /* 0x9F   */
    { 0x00, 0x00, 0x00, 0x00, 0x00, 0x00, 0x00, 0x00, 0x00, 0x00, 0x00, 0x00, 0x00, 0x00, 0x00, 0x00 },  /* 0xA0   */
    { 0x00, 0x00, 0x00, 0x00, 0x00, 0x00, 0x18, 0x18, 0x00, 0x10, 0x10, 0x10, 0x10, 0x10, 0x00, 0x00 },  /* 0xA1   */
    { 0x00, 0x00, 0x00, 0x00, 0x10, 0x38, 0x70, 0x50, 0x50, 0x70, 0x38, 0x10, 0x00, 0x00, 0x00, 0x00 },  /* 0xA2   */
    { 0x00, 0x00, 0x00, 0x00, 0x1C, 0x22, 0x20, 0x20, 0x7C, 0x10, 0x30, 0x7E, 0x00, 0x00, 0x00, 0x00 },  /* 0xA3   */
    { 0x00, 0x00, 0x00, 0x00, 0x00, 0x00, 0x7C, 0x44, 0x44, 0x44, 0x7C, 0x00, 0x00, 0x00, 0x00, 0x00 },  /* 0xA4   */
    { 0x00, 0x00, 0x00, 0x00, 0x44, 0x44, 0x28, 0x28, 0x7C, 0x7C, 0x10, 0x10, 0x00, 0x00, 0x00, 0x00 },  /* 0xA5   */
    { 0x00, 0x00, 0x00, 0x10, 0x10, 0x10, 0x10, 0x10, 0x00, 0x00, 0x10, 0x10, 0x10, 0x10, 0x10, 0x00 },  /* 0xA6   */
    { 0x00, 0x00, 0x00, 0x00, 0x38, 0x20, 0x30, 0x48, 0x44, 0x24, 0x18, 0x08, 0x38, 0x00, 0x00, 0x00 },  /* 0xA7   */
    { 0x00, 0x00, 0x00, 0x00, 0x28, 0x00, 0x00, 0x00, 0x00, 0x00, 0x00, 0x00, 0x00, 0x00, 0x00, 0x00 },  /* 0xA8   */
    { 0x00, 0x00, 0x00, 0x00, 0x1C, 0x22, 0x59, 0x61, 0x61, 0x61, 0x3A, 0x1C, 0x00, 0x00, 0x00, 0x00 },  /* 0xA9   */
    { 0x00, 0x00, 0x00, 0x18, 0x04, 0x3C, 0x3C, 0x00, 0x00, 0x00, 0x00, 0x00, 0x00, 0x00, 0x00, 0x00 },  /* 0xAA   */
    { 0x00, 0x00, 0x00, 0x00, 0x00, 0x00, 0x24, 0x48, 0x48, 0x24, 0x00, 0x00, 0x00, 0x00, 0x00, 0x00 },  /* 0xAB   */
    { 0x00, 0x00, 0x00, 0x00, 0x00, 0x00, 0x00, 0x00, 0x7C, 0x04, 0x04, 0x04, 0x00, 0x00, 0x00, 0x00 },  /* 0xAC   */
    { 0x00, 0x00, 0x00, 0x00, 0x00, 0x00, 0x00, 0x00, 0x00, 0x00, 0x00, 0x00, 0x00, 0x00, 0x00, 0x00 },  /* 0xAD   */
    { 0x00, 0x00, 0x00, 0x38, 0x54, 0x54, 0x44, 0x38, 0x00, 0x00, 0x00, 0x00, 0x00, 0x00, 0x00, 0x00 },  /* 0xAE   */
    { 0x00, 0x00, 0x00, 0x00, 0x38, 0x00, 0x00, 0x00, 0x00, 0x00, 0x00, 0x00, 0x00, 0x00, 0x00, 0x00 },  /* 0xAF   */
    { 0x00, 0x00, 0x00, 0x00, 0x38, 0x28, 0x38, 0x00, 0x00, 0x00, 0x00, 0x00, 0x00, 0x00, 0x00, 0x00 },  /* 0xB0   */
    { 0x00, 0x00, 0x00, 0x00, 0x00, 0x10, 0x10, 0x7C, 0x10, 0x10, 0x00, 0x7C, 0x00, 0x00, 0x00, 0x00 },  /* 0xB1   */
    { 0x00, 0x00, 0x38, 0x08, 0x08, 0x10, 0x38, 0x00, 0x00, 0x00, 0x00, 0x00, 0x00, 0x00, 0x00, 0x00 },  /* 0xB2   */
    { 0x00, 0x00, 0x38, 0x08, 0x10, 0x08, 0x38, 0x00, 0x00, 0x00, 0x00, 0x00, 0x00, 0x00, 0x00, 0x00 },  /* 0xB3   */
    { 0x00, 0x00, 0x08, 0x10, 0x00, 0x00, 0x00, 0x00, 0x00, 0x00, 0x00, 0x00, 0x00, 0x00, 0x00, 0x00 },  /* 0xB4   */
    { 0x00, 0x00, 0x00, 0x00, 0x00, 0x00, 0x44, 0x44, 0x44, 0x44, 0x4C, 0x76, 0x40, 0x40, 0x00, 0x00 },  /* 0xB5   */
    { 0x00, 0x00, 0x00, 0x00, 0x34, 0x74, 0x74, 0x74, 0x34, 0x04, 0x04, 0x04, 0x04, 0x00, 0x00, 0x00 },  /* 0xB6   */
    { 0x00, 0x00, 0x00, 0x00, 0x00, 0x00, 0x00, 0x18, 0x18, 0x00, 0x00, 0x00, 0x00, 0x00, 0x00, 0x00 },  /* 0xB7   */
    { 0x00, 0x00, 0x00, 0x00, 0x00, 0x00, 0x00, 0x00, 0x00, 0x00, 0x00, 0x00, 0x10, 0x08, 0x18, 0x00 },  /* 0xB8   */
    { 0x00, 0x00, 0x30, 0x10, 0x10, 0x10, 0x38, 0x00, 0x00, 0x00, 0x00, 0x00, 0x00, 0x00, 0x00, 0x00 },  /* 0xB9   */
    { 0x00, 0x00, 0x00, 0x18, 0x24, 0x24, 0x18, 0x00, 0x00, 0x00, 0x00, 0x00, 0x00, 0x00, 0x00, 0x00 },  /* 0xBA   */
    { 0x00, 0x00, 0x00, 0x00, 0x00, 0x00, 0x48, 0x24, 0x24, 0x48, 0x00, 0x00, 0x00, 0x00, 0x00, 0x00 },  /* 0xBB   */
    { 0x00, 0x00, 0x00, 0x00, 0x00, 0x60, 0x26, 0x20, 0x04, 0x2A, 0x4F, 0x02, 0x00, 0x00, 0x00, 0x00 },  /* 0xBC   */
    { 0x00, 0x00, 0x00, 0x00, 0x00, 0x62, 0x24, 0x20, 0x06, 0x22, 0x44, 0x0E, 0x00, 0x00, 0x00, 0x00 },  /* 0xBD   */
    { 0x00, 0x00, 0x00, 0x00, 0x60, 0x23, 0x24, 0x60, 0x04, 0x2A, 0x4F, 0x02, 0x00, 0x00, 0x00, 0x00 },  /* 0xBE   */
    { 0x00, 0x00, 0x00, 0x00, 0x00, 0x30, 0x30, 0x00, 0x10, 0x20, 0x40, 0x40, 0x38, 0x00, 0x00, 0x00 },  /* 0xBF   */
    { 0x20, 0x10, 0x00, 0x10, 0x28, 0x28, 0x28, 0x24, 0x7C, 0x44, 0x42, 0x00, 0x00, 0x00, 0x00, 0x00 },  /* 0xC0   */
    { 0x08, 0x10, 0x00, 0x10, 0x28, 0x28, 0x28, 0x24, 0x7C, 0x44, 0x42, 0x00, 0x00, 0x00, 0x00, 0x00 },  /* 0xC1   */
    { 0x00, 0x10, 0x28, 0x00, 0x10, 0x28, 0x28, 0x28, 0x24, 0x7C, 0x44, 0x42, 0x00, 0x00, 0x00, 0x00 },  /* 0xC2   */
    { 0x00, 0xD0, 0xB0, 0x00, 0x60, 0x60, 0x60, 0x90, 0x90, 0xF0, 0x08, 0x08, 0x00, 0x00, 0x00, 0x00 },  /* 0xC3   */
    { 0x00, 0x00, 0x28, 0x00, 0x10, 0x28, 0x28, 0x28, 0x24, 0x7C, 0x44, 0x42, 0x00, 0x00, 0x00, 0x00 },  /* 0xC4   */
    { 0x60, 0x50, 0x60, 0x00, 0x60, 0x60, 0x50, 0x90, 0x90, 0xF8, 0x08, 0x08, 0x00, 0x00, 0x00, 0x00 },  /* 0xC5   */
    { 0x00, 0x00, 0x00, 0x00, 0x1E, 0x18, 0x28, 0x2E, 0x28, 0x78, 0x48, 0x8E, 0x00, 0x00, 0x00, 0x00 },  /* 0xC6   */
    { 0x00, 0x00, 0x00, 0x00, 0x1C, 0x20, 0x40, 0x40, 0x40, 0x40, 0x22, 0x1C, 0x08, 0x08, 0x10, 0x00 },  /* 0xC7   */
    { 0x20, 0x10, 0x00, 0x7C, 0x40, 0x40, 0x78, 0x40, 0x40, 0x40, 0x7C, 0x00, 0x00, 0x00, 0x00, 0x00 },  /* 0xC8   */
    { 0x08, 0x10, 0x00, 0x7C, 0x40, 0x40, 0x78, 0x40, 0x40, 0x40, 0x7C, 0x00, 0x00, 0x00, 0x00, 0x00 },  /* 0xC9   */
    { 0x00, 0x10, 0x28, 0x00, 0x7C, 0x40, 0x40, 0x78, 0x40, 0x40, 0x40, 0x7C, 0x00, 0x00, 0x00, 0x00 },  /* 0xCA   */
    { 0x00, 0x00, 0x2C, 0x00, 0x7C, 0x40, 0x40, 0x78, 0x40, 0x40, 0x40, 0x7C, 0x00, 0x00, 0x00, 0x00 },  /* 0xCB   */
    { 0x20, 0x10, 0x00, 0x7C, 0x10, 0x10, 0x10, 0x10, 0x10, 0x10, 0x7C, 0x00, 0x00, 0x00, 0x00, 0x00 },  /* 0xCC   */
    { 0x08, 0x10, 0x00, 0x7C, 0x10, 0x10, 0x10, 0x10, 0x10, 0x10, 0x7C, 0x00, 0x00, 0x00, 0x00, 0x00 },  /* 0xCD   */
    { 0x00, 0x10, 0x28, 0x00, 0x7C, 0x10, 0x10, 0x10, 0x10, 0x10, 0x10, 0x7C, 0x00, 0x00, 0x00, 0x00 },  /* 0xCE   */
    { 0x00, 0x00, 0x28, 0x00, 0x7C, 0x10, 0x10, 0x10, 0x10, 0x10, 0x10, 0x7C, 0x00, 0x00, 0x00, 0x00 },  /* 0xCF   */
    { 0x00, 0x00, 0x00, 0x00, 0x78, 0x44, 0x42, 0xF2, 0x42, 0x42, 0x44, 0x78, 0x00, 0x00, 0x00, 0x00 },  /* 0xD0   */
    { 0x00, 0x34, 0x08, 0x00, 0x44, 0x64, 0x64, 0x54, 0x54, 0x4C, 0x4C, 0x44, 0x00, 0x00, 0x00, 0x00 },  /* 0xD1   */
    { 0x10, 0x08, 0x00, 0x3C, 0x24, 0x42, 0x42, 0x42, 0x42, 0x24, 0x3C, 0x00, 0x00, 0x00, 0x00, 0x00 },  /* 0xD2   */
    { 0x08, 0x10, 0x00, 0x3C, 0x24, 0x42, 0x42, 0x42, 0x42, 0x24, 0x3C, 0x00, 0x00, 0x00, 0x00, 0x00 },  /* 0xD3   */
    { 0x18, 0x24, 0x00, 0x3C, 0x24, 0x42, 0x42, 0x42, 0x42, 0x24, 0x3C, 0x00, 0x00, 0x00, 0x00, 0x00 },  /* 0xD4   */
    { 0x00, 0x34, 0x2C, 0x00, 0x3C, 0x24, 0x42, 0x42, 0x42, 0x42, 0x24, 0x3C, 0x00, 0x00, 0x00, 0x00 },  /* 0xD5   */
    { 0x00, 0x00, 0x28, 0x00, 0x3C, 0x24, 0x42, 0x42, 0x42, 0x42, 0x24, 0x3C, 0x00, 0x00, 0x00, 0x00 },  /* 0xD6   */
    { 0x00, 0x00, 0x00, 0x00, 0x00, 0x24, 0x18, 0x18, 0x2C, 0x00, 0x00, 0x00, 0x00, 0x00, 0x00, 0x00 },  /* 0xD7   */
    { 0x00, 0x00, 0x00, 0x3E, 0x24, 0x46, 0x4A, 0x52, 0x62, 0x24, 0x7C, 0x00, 0x00, 0x00, 0x00, 0x00 },  /* 0xD8   */
    { 0x20, 0x10, 0x00, 0x44, 0x44, 0x44, 0x44, 0x44, 0x44, 0x44, 0x38, 0x00, 0x00, 0x00, 0x00, 0x00 },  /* 0xD9   */
    { 0x08, 0x10, 0x00, 0x44, 0x44, 0x44, 0x44, 0x44, 0x44, 0x44, 0x38, 0x00, 0x00, 0x00, 0x00, 0x00 },  /* 0xDA   */
    { 0x00, 0x10, 0x28, 0x00, 0x44, 0x44, 0x44, 0x44, 0x44, 0x44, 0x44, 0x38, 0x00, 0x00, 0x00, 0x00 },  /* 0xDB   */
    { 0x00, 0x00, 0x28, 0x00, 0x44, 0x44, 0x44, 0x44, 0x44, 0x44, 0x44, 0x38, 0x00, 0x00, 0x00, 0x00 },  /* 0xDC   */
    { 0x08, 0x10, 0x00, 0x44, 0x44, 0x28, 0x28, 0x10, 0x10, 0x10, 0x10, 0x00, 0x00, 0x00, 0x00, 0x00 },  /* 0xDD   */
    { 0x00, 0x00, 0x00, 0x00, 0x40, 0x78, 0x44, 0x44, 0x44, 0x78, 0x40, 0x40, 0x00, 0x00, 0x00, 0x00 },  /* 0xDE   */
    { 0x00, 0x00, 0x00, 0x30, 0x48, 0x48, 0x50, 0x50, 0x4C, 0x42, 0x42, 0x5C, 0x00, 0x00, 0x00, 0x00 },  /* 0xDF   */
    { 0x00, 0x00, 0x00, 0x10, 0x10, 0x00, 0x38, 0x04, 0x1C, 0x64, 0x44, 0x7C, 0x00, 0x00, 0x00, 0x00 },  /* 0xE0   */
    { 0x00, 0x00, 0x00, 0x08, 0x10, 0x00, 0x38, 0x04, 0x1C, 0x64, 0x44, 0x7C, 0x00, 0x00, 0x00, 0x00 },  /* 0xE1   */
    { 0x00, 0x00, 0x18, 0x28, 0x00, 0x38, 0x04, 0x1C, 0x64, 0x44, 0x7C, 0x00, 0x00, 0x00, 0x00, 0x00 },  /* 0xE2   */
    { 0x00, 0x00, 0x00, 0x34, 0x08, 0x00, 0x38, 0x04, 0x1C, 0x64, 0x44, 0x7C, 0x00, 0x00, 0x00, 0x00 },  /* 0xE3   */
    { 0x00, 0x00, 0x00, 0x2C, 0x00, 0x00, 0x38, 0x04, 0x1C, 0x64, 0x44, 0x7C, 0x00, 0x00, 0x00, 0x00 },  /* 0xE4   */
    { 0x00, 0x00, 0x38, 0x28, 0x38, 0x00, 0x38, 0x04, 0x1C, 0x64, 0x44, 0x7C, 0x00, 0x00, 0x00, 0x00 },  /* 0xE5   */
    { 0x00, 0x00, 0x00, 0x00, 0x00, 0x00, 0x36, 0x09, 0x3F, 0x48, 0x48, 0x77, 0x00, 0x00, 0x00, 0x00 },  /* 0xE6   */
    { 0x00, 0x00, 0x00, 0x00, 0x00, 0x00, 0x3C, 0x60, 0x40, 0x40, 0x60, 0x3C, 0x10, 0x08, 0x10, 0x00 },  /* 0xE7   */
    { 0x00, 0x00, 0x00, 0x10, 0x08, 0x00, 0x3C, 0x62, 0x7E, 0x40, 0x60, 0x3C, 0x00, 0x00, 0x00, 0x00 },  /* 0xE8   */
    { 0x00, 0x00, 0x00, 0x08, 0x10, 0x00, 0x3C, 0x62, 0x7E, 0x40, 0x60, 0x3C, 0x00, 0x00, 0x00, 0x00 },  /* 0xE9   */
    { 0x00, 0x00, 0x18, 0x24, 0x00, 0x3C, 0x62, 0x7E, 0x40, 0x60, 0x3C, 0x00, 0x00, 0x00, 0x00, 0x00 },  /* 0xEA   */
    { 0x00, 0x00, 0x00, 0x2C, 0x00, 0x00, 0x3C, 0x62, 0x7E, 0x40, 0x60, 0x3C, 0x00, 0x00, 0x00, 0x00 },  /* 0xEB   */
    { 0x00, 0x00, 0x00, 0x10, 0x08, 0x00, 0x78, 0x08, 0x08, 0x08, 0x08, 0x08, 0x00, 0x00, 0x00, 0x00 },  /* 0xEC   */
    { 0x00, 0x00, 0x00, 0x0C, 0x08, 0x00, 0x78, 0x08, 0x08, 0x08, 0x08, 0x08, 0x00, 0x00, 0x00, 0x00 },  /* 0xED   */
    { 0x00, 0x00, 0x18, 0x24, 0x00, 0x78, 0x08, 0x08, 0x08, 0x08, 0x08, 0x00, 0x00, 0x00, 0x00, 0x00 },  /* 0xEE   */
    { 0x00, 0x00, 0x00, 0x34, 0x00, 0x00, 0x78, 0x08, 0x08, 0x08, 0x08, 0x08, 0x00, 0x00, 0x00, 0x00 },  /* 0xEF   */
    { 0x00, 0x00, 0x14, 0x1C, 0x04, 0x3A, 0x66, 0x42, 0x42, 0x66, 0x3C, 0x00, 0x00, 0x00, 0x00, 0x00 },  /* 0xF0   */
    { 0x00, 0x00, 0x00, 0x34, 0x08, 0x00, 0x58, 0x64, 0x44, 0x44, 0x44, 0x44, 0x00, 0x00, 0x00, 0x00 },  /* 0xF1   */
    { 0x00, 0x00, 0x00, 0x10, 0x08, 0x00, 0x3C, 0x66, 0x42, 0x42, 0x66, 0x3C, 0x00, 0x00, 0x00, 0x00 },  /* 0xF2   */
    { 0x00, 0x00, 0x00, 0x08, 0x10, 0x00, 0x3C, 0x66, 0x42, 0x42, 0x66, 0x3C, 0x00, 0x00, 0x00, 0x00 },  /* 0xF3   */
    { 0x00, 0x00, 0x18, 0x24, 0x00, 0x3C, 0x66, 0x42, 0x42, 0x66, 0x3C, 0x00, 0x00, 0x00, 0x00, 0x00 },  /* 0xF4   */
    { 0x00, 0x00, 0x00, 0x34, 0x2C, 0x00, 0x3C, 0x66, 0x42, 0x42, 0x66, 0x3C, 0x00, 0x00, 0x00, 0x00 },  /* 0xF5   */
    { 0x00, 0x00, 0x00, 0x28, 0x00, 0x00, 0x3C, 0x66, 0x42, 0x42, 0x66, 0x3C, 0x00, 0x00, 0x00, 0x00 },  /* 0xF6   */
    { 0x00, 0x00, 0x00, 0x00, 0x00, 0x00, 0x10, 0x00, 0x7C, 0x00, 0x10, 0x00, 0x00, 0x00, 0x00, 0x00 },  /* 0xF7   */
    { 0x00, 0x00, 0x00, 0x00, 0x00, 0x3E, 0x66, 0x4A, 0x52, 0x66, 0x3C, 0x00, 0x00, 0x00, 0x00, 0x00 },  /* 0xF8   */
    { 0x00, 0x00, 0x00, 0x20, 0x10, 0x00, 0x44, 0x44, 0x44, 0x44, 0x4C, 0x34, 0x00, 0x00, 0x00, 0x00 },  /* 0xF9   */
    { 0x00, 0x00, 0x00, 0x08, 0x10, 0x00, 0x44, 0x44, 0x44, 0x44, 0x4C, 0x34, 0x00, 0x00, 0x00, 0x00 },  /* 0xFA   */
    { 0x00, 0x00, 0x10, 0x28, 0x00, 0x44, 0x44, 0x44, 0x44, 0x4C, 0x34, 0x00, 0x00, 0x00, 0x00, 0x00 },  /* 0xFB   */
    { 0x00, 0x00, 0x00, 0x28, 0x00, 0x00, 0x44, 0x44, 0x44, 0x44, 0x4C, 0x34, 0x00, 0x00, 0x00, 0x00 },  /* 0xFC   */
    { 0x00, 0x00, 0x00, 0x08, 0x10, 0x00, 0x44, 0x44, 0x24, 0x28, 0x18, 0x10, 0x10, 0x60, 0x00, 0x00 },  /* 0xFD   */
    { 0x00, 0x00, 0x00, 0x40, 0x40, 0x40, 0x58, 0x64, 0x44, 0x44, 0x4C, 0x78, 0x40, 0x40, 0x00, 0x00 },  /* 0xFE   */
    { 0x00, 0x00, 0x00, 0x28, 0x00, 0x00, 0x44, 0x44, 0x24, 0x28, 0x18, 0x10, 0x10, 0x60, 0x00, 0x00 },  /* 0xFF   */
};

static const uint8_t glyphs_inconsolata[FONT_GLYPHS][FONT_HEIGHT] = {
    { 0x00, 0x00, 0x00, 0x00, 0x00, 0x00, 0x00, 0x00, 0x00, 0x00, 0x00, 0x00, 0x00, 0x00, 0x00, 0x00 },  /* 0x20   */
    { 0x00, 0x18, 0x18, 0x18, 0x18, 0x10, 0x10, 0x10, 0x00, 0x00, 0x18, 0x18, 0x00, 0x00, 0x00, 0x00 },  /* 0x21 ! */
    { 0x00, 0x3C, 0x3C, 0x3C, 0x28, 0x00, 0x00, 0x00, 0x00, 0x00, 0x00, 0x00, 0x00, 0x00, 0x00, 0x00 },  /* 0x22 " */
    { 0x14, 0x14, 0x24, 0x7F, 0x24, 0x24, 0x24, 0xFE, 0x24, 0x28, 0x28, 0x00, 0x00, 0x00, 0x00, 0x00 },  /* 0x23 # */
    { 0x00, 0x08, 0x3C, 0x6A, 0x48, 0x68, 0x38, 0x0E, 0x0A, 0x0A, 0x4A, 0x3C, 0x08, 0x00, 0x00, 0x00 },  /* 0x24 $ */
    { 0x00, 0x62, 0x94, 0x94, 0x68, 0x08, 0x10, 0x10, 0x26, 0x29, 0x49, 0x46, 0x00, 0x00, 0x00, 0x00 },  /* 0x25 % */
    { 0x00, 0x38, 0x24, 0x64, 0x2C, 0x38, 0x30, 0x48, 0x4E, 0x46, 0x4E, 0x3A, 0x00, 0x00, 0x00, 0x00 },  /* 0x26 & */
    { 0x00, 0x18, 0x18, 0x18, 0x10, 0x00, 0x00, 0x00, 0x00, 0x00, 0x00, 0x00, 0x00, 0x00, 0x00, 0x00 },  /* 0x27 ' */
    { 0x04, 0x0C, 0x18, 0x10, 0x30, 0x20, 0x20, 0x20, 0x20, 0x30, 0x10, 0x18, 0x0C, 0x04, 0x00, 0x00 },  /* 0x28 ( */
    { 0x20, 0x10, 0x08, 0x0C, 0x04, 0x04, 0x04, 0x04, 0x04, 0x04, 0x0C, 0x08, 0x10, 0x20, 0x00, 0x00 },  /* 0x29 ) */
    { 0x00, 0x00, 0x00, 0x18, 0x08, 0x6E, 0x18, 0x18, 0x24, 0x24, 0x00, 0x00, 0x00, 0x00, 0x00, 0x00 },  /* 0x2A * */
    { 0x00, 0x00, 0x00, 0x08, 0x08, 0x08, 0x7E, 0x08, 0x08, 0x08, 0x00, 0x00, 0x00, 0x00, 0x00, 0x00 },  /* 0x2B + */
    { 0x00, 0x00, 0x00, 0x00, 0x00, 0x00, 0x00, 0x00, 0x00, 0x00, 0x18, 0x18, 0x10, 0x10, 0x00, 0x00 },  /* 0x2C , */
    { 0x00, 0x00, 0x00, 0x00, 0x00, 0x3C, 0x00, 0x00, 0x00, 0x00, 0x00, 0x00, 0x00, 0x00, 0x00, 0x00 },  /* 0x2D - */
    { 0x00, 0x00, 0x00, 0x00, 0x00, 0x00, 0x00, 0x00, 0x00, 0x00, 0x10, 0x18, 0x00, 0x00, 0x00, 0x00 },  /* 0x2E . */
    { 0x00, 0x02, 0x06, 0x04, 0x04, 0x08, 0x08, 0x10, 0x10, 0x20, 0x20, 0x60, 0x40, 0x00, 0x00, 0x00 },  /* 0x2F / */
    { 0x00, 0x18, 0x24, 0x42, 0x46, 0x4A, 0x4A, 0x52, 0x62, 0x42, 0x24, 0x3C, 0x00, 0x00, 0x00, 0x00 },  /* 0x30 0 */
    { 0x00, 0x18, 0x68, 0x08, 0x08, 0x08, 0x08, 0x08, 0x08, 0x08, 0x08, 0x08, 0x00, 0x00, 0x00, 0x00 },  /* 0x31 1 */
    { 0x00, 0x3C, 0x66, 0x02, 0x02, 0x02, 0x04, 0x0C, 0x18, 0x10, 0x20, 0x7E, 0x00, 0x00, 0x00, 0x00 },  /* 0x32 2 */
    { 0x00, 0x38, 0x04, 0x04, 0x04, 0x04, 0x18, 0x04, 0x02, 0x02, 0x44, 0x3C, 0x00, 0x00, 0x00, 0x00 },  /* 0x33 3 */
    { 0x00, 0x04, 0x0C, 0x0C, 0x14, 0x34, 0x24, 0x44, 0x7F, 0x04, 0x04, 0x04, 0x00, 0x00, 0x00, 0x00 },  /* 0x34 4 */
    { 0x00, 0x3E, 0x20, 0x20, 0x60, 0x7C, 0x46, 0x02, 0x02, 0x02, 0x66, 0x3C, 0x00, 0x00, 0x00, 0x00 },  /* 0x35 5 */
    { 0x00, 0x1C, 0x20, 0x20, 0x40, 0x5C, 0x66, 0x42, 0x42, 0x62, 0x26, 0x1C, 0x00, 0x00, 0x00, 0x00 },  /* 0x36 6 */
    { 0x00, 0x7E, 0x06, 0x04, 0x04, 0x0C, 0x08, 0x08, 0x18, 0x10, 0x10, 0x10, 0x00, 0x00, 0x00, 0x00 },  /* 0x37 7 */
    { 0x00, 0x3C, 0x26, 0x62, 0x26, 0x34, 0x3C, 0x66, 0x42, 0x42, 0x66, 0x3C, 0x00, 0x00, 0x00, 0x00 },  /* 0x38 8 */
    { 0x00, 0x38, 0x24, 0x42, 0x42, 0x42, 0x22, 0x3E, 0x02, 0x06, 0x04, 0x38, 0x00, 0x00, 0x00, 0x00 },  /* 0x39 9 */
    { 0x00, 0x00, 0x00, 0x00, 0x00, 0x18, 0x18, 0x00, 0x00, 0x00, 0x18, 0x18, 0x00, 0x00, 0x00, 0x00 },  /* 0x3A : */
    { 0x00, 0x00, 0x00, 0x00, 0x00, 0x18, 0x18, 0x00, 0x00, 0x00, 0x18, 0x18, 0x10, 0x10, 0x00, 0x00 },  /* 0x3B ; */
    { 0x00, 0x00, 0x00, 0x02, 0x0E, 0x38, 0x40, 0x60, 0x18, 0x06, 0x02, 0x00, 0x00, 0x00, 0x00, 0x00 },  /* 0x3C < */
    { 0x00, 0x00, 0x00, 0x00, 0x00, 0x7E, 0x00, 0x00, 0x7E, 0x00, 0x00, 0x00, 0x00, 0x00, 0x00, 0x00 },  /* 0x3D = */
    { 0x00, 0x00, 0x00, 0x40, 0x70, 0x1C, 0x02, 0x06, 0x18, 0x60, 0x40, 0x00, 0x00, 0x00, 0x00, 0x00 },  /* 0x3E > */
    { 0x00, 0x3C, 0x46, 0x02, 0x02, 0x04, 0x08, 0x08, 0x08, 0x00, 0x18, 0x18, 0x00, 0x00, 0x00, 0x00 },  /* 0x3F ? */
    { 0x00, 0x1C, 0x22, 0x42, 0x4E, 0x92, 0x92, 0x52, 0x4E, 0x40, 0x20, 0x1E, 0x00, 0x00, 0x00, 0x00 },  /* 0x40 @ */
    { 0x00, 0x00, 0x18, 0x18, 0x18, 0x24, 0x24, 0x24, 0x7E, 0x42, 0x42, 0xC3, 0x00, 0x00, 0x00, 0x00 },  /* 0x41 A */
    { 0x00, 0x7C, 0x46, 0x42, 0x42, 0x46, 0x7C, 0x46, 0x42, 0x42, 0x42, 0x7C, 0x00, 0x00, 0x00, 0x00 },  /* 0x42 B */
    { 0x00, 0x1C, 0x22, 0x40, 0x40, 0x40, 0x40, 0x40, 0x40, 0x40, 0x22, 0x1C, 0x00, 0x00, 0x00, 0x00 },  /* 0x43 C */
    { 0x00, 0x78, 0x44, 0x42, 0x42, 0x42, 0x42, 0x42, 0x42, 0x42, 0x44, 0x78, 0x00, 0x00, 0x00, 0x00 },  /* 0x44 D */
    { 0x00, 0x7E, 0x40, 0x40, 0x40, 0x40, 0x7C, 0x40, 0x40, 0x40, 0x40, 0x7E, 0x00, 0x00, 0x00, 0x00 },  /* 0x45 E */
    { 0x00, 0x7E, 0x40, 0x40, 0x40, 0x40, 0x7C, 0x40, 0x40, 0x40, 0x40, 0x40, 0x00, 0x00, 0x00, 0x00 },  /* 0x46 F */
    { 0x00, 0x1C, 0x22, 0x40, 0x40, 0x40, 0x40, 0x46, 0x42, 0x42, 0x22, 0x1C, 0x00, 0x00, 0x00, 0x00 },  /* 0x47 G */
    { 0x00, 0x42, 0x42, 0x42, 0x42, 0x42, 0x7E, 0x42, 0x42, 0x42, 0x42, 0x42, 0x00, 0x00, 0x00, 0x00 },  /* 0x48 H */
    { 0x00, 0x7C, 0x10, 0x10, 0x10, 0x10, 0x10, 0x10, 0x10, 0x10, 0x10, 0x7C, 0x00, 0x00, 0x00, 0x00 },  /* 0x49 I */
    { 0x00, 0x1E, 0x04, 0x04, 0x04, 0x04, 0x04, 0x04, 0x04, 0x04, 0x48, 0x78, 0x00, 0x00, 0x00, 0x00 },  /* 0x4A J */
    { 0x42, 0x44, 0x48, 0x50, 0x70, 0x70, 0x58, 0x48, 0x44, 0x46, 0x42, 0x00, 0x00, 0x00, 0x00, 0x00 },  /* 0x4B K */
    { 0x00, 0x40, 0x40, 0x40, 0x40, 0x40, 0x40, 0x40, 0x40, 0x40, 0x40, 0x7E, 0x00, 0x00, 0x00, 0x00 },  /* 0x4C L */
    { 0x42, 0x42, 0x66, 0x66, 0x5A, 0x5A, 0x52, 0x42, 0x42, 0x42, 0x42, 0x00, 0x00, 0x00, 0x00, 0x00 },  /* 0x4D M */
    { 0x00, 0x42, 0x62, 0x62, 0x72, 0x52, 0x5A, 0x4A, 0x4E, 0x46, 0x42, 0x42, 0x00, 0x00, 0x00, 0x00 },  /* 0x4E N */
    { 0x00, 0x3C, 0x66, 0x42, 0x42, 0xC3, 0xC3, 0xC3, 0x42, 0x42, 0x66, 0x3C, 0x00, 0x00, 0x00, 0x00 },  /* 0x4F O */
    { 0x00, 0x7C, 0x46, 0x42, 0x42, 0x42, 0x7C, 0x40, 0x40, 0x40, 0x40, 0x40, 0x00, 0x00, 0x00, 0x00 },  /* 0x50 P */
    { 0x00, 0x3C, 0x66, 0x42, 0x42, 0x43, 0xC3, 0x42, 0x42, 0x42, 0x66, 0x3C, 0x08, 0x08, 0x0E, 0x00 },  /* 0x51 Q */
    { 0x00, 0x7C, 0x46, 0x42, 0x42, 0x42, 0x7C, 0x48, 0x44, 0x44, 0x42, 0x42, 0x00, 0x00, 0x00, 0x00 },  /* 0x52 R */
    { 0x00, 0x3C, 0x62, 0x40, 0x60, 0x30, 0x1C, 0x06, 0x02, 0x02, 0x42, 0x3C, 0x00, 0x00, 0x00, 0x00 },  /* 0x53 S */
    { 0x00, 0xFE, 0x10, 0x10, 0x10, 0x10, 0x10, 0x10, 0x10, 0x10, 0x10, 0x10, 0x00, 0x00, 0x00, 0x00 },  /* 0x54 T */
    { 0x00, 0x42, 0x42, 0x42, 0x42, 0x42, 0x42, 0x42, 0x42, 0x42, 0x62, 0x3C, 0x00, 0x00, 0x00, 0x00 },  /* 0x55 U */
    { 0x42, 0x42, 0x42, 0x62, 0x24, 0x24, 0x34, 0x18, 0x18, 0x18, 0x08, 0x00, 0x00, 0x00, 0x00, 0x00 },  /* 0x56 V */
    { 0x00, 0x81, 0xC9, 0x4A, 0x5A, 0x5A, 0x5A, 0x56, 0x66, 0x26, 0x24, 0x24, 0x00, 0x00, 0x00, 0x00 },  /* 0x57 W */
    { 0x00, 0x42, 0x64, 0x24, 0x3C, 0x18, 0x18, 0x18, 0x3C, 0x24, 0x66, 0x42, 0x00, 0x00, 0x00, 0x00 },  /* 0x58 X */
    { 0x00, 0x42, 0x42, 0x26, 0x24, 0x14, 0x18, 0x18, 0x08, 0x08, 0x08, 0x08, 0x00, 0x00, 0x00, 0x00 },  /* 0x59 Y */
    { 0x00, 0x7E, 0x02, 0x04, 0x0C, 0x08, 0x18, 0x10, 0x30, 0x20, 0x40, 0x7E, 0x00, 0x00, 0x00, 0x00 },  /* 0x5A Z */
    { 0x00, 0x3E, 0x20, 0x20, 0x20, 0x20, 0x20, 0x20, 0x20, 0x20, 0x20, 0x20, 0x3E, 0x00, 0x00, 0x00 },  /* 0x5B [ */
    { 0x00, 0x40, 0x60, 0x20, 0x20, 0x10, 0x10, 0x08, 0x08, 0x04, 0x04, 0x06, 0x02, 0x00, 0x00, 0x00 },  /* 0x5C \ */
    { 0x00, 0x3E, 0x02, 0x02, 0x02, 0x02, 0x02, 0x02, 0x02, 0x02, 0x02, 0x02, 0x3E, 0x00, 0x00, 0x00 },  /* 0x5D ] */
    { 0x00, 0x08, 0x18, 0x18, 0x24, 0x24, 0x24, 0x00, 0x00, 0x00, 0x00, 0x00, 0x00, 0x00, 0x00, 0x00 },  /* 0x5E ^ */
    { 0x00, 0x00, 0x00, 0x00, 0x00, 0x00, 0x00, 0x00, 0x00, 0x00, 0x00, 0x00, 0x7E, 0x00, 0x00, 0x00 },  /* 0x5F _ */
    { 0x00, 0x10, 0x10, 0x08, 0x00, 0x00, 0x00, 0x00, 0x00, 0x00, 0x00, 0x00, 0x00, 0x00, 0x00, 0x00 },  /* 0x60 ` */
    { 0x00, 0x00, 0x00, 0x00, 0x3C, 0x06, 0x02, 0x1E, 0x62, 0x42, 0x46, 0x3A, 0x00, 0x00, 0x00, 0x00 },  /* 0x61 a */
    { 0x00, 0x40, 0x40, 0x40, 0x5C, 0x66, 0x42, 0x42, 0x42, 0x42, 0x66, 0x5C, 0x00, 0x00, 0x00, 0x00 },  /* 0x62 b */
    { 0x00, 0x00, 0x00, 0x00, 0x1C, 0x22, 0x40, 0x40, 0x40, 0x40, 0x22, 0x1C, 0x00, 0x00, 0x00, 0x00 },  /* 0x63 c */
    { 0x00, 0x02, 0x02, 0x02, 0x3A, 0x66, 0x42, 0x42, 0x42, 0x42, 0x66, 0x3A, 0x00, 0x00, 0x00, 0x00 },  /* 0x64 d */
    { 0x00, 0x00, 0x00, 0x00, 0x3C, 0x66, 0x42, 0x7E, 0x40, 0x40, 0x62, 0x3C, 0x00, 0x00, 0x00, 0x00 },  /* 0x65 e */
    { 0x00, 0x1E, 0x10, 0x10, 0x7C, 0x10, 0x10, 0x10, 0x10, 0x10, 0x10, 0x10, 0x00, 0x00, 0x00, 0x00 },  /* 0x66 f */
    { 0x00, 0x00, 0x00, 0x3B, 0x44, 0x44, 0x44, 0x38, 0x40, 0x7C, 0x4E, 0x42, 0x42, 0x3C, 0x00, 0x00 },  /* 0x67 g */
    { 0x00, 0x40, 0x40, 0x40, 0x5C, 0x66, 0x42, 0x42, 0x42, 0x42, 0x42, 0x42, 0x00, 0x00, 0x00, 0x00 },  /* 0x68 h */
    { 0x00, 0x08, 0x18, 0x00, 0x38, 0x18, 0x18, 0x18, 0x18, 0x18, 0x18, 0x3C, 0x00, 0x00, 0x00, 0x00 },  /* 0x69 i */
    { 0x04, 0x0C, 0x00, 0x00, 0x3C, 0x04, 0x04, 0x04, 0x04, 0x04, 0x04, 0x04, 0x04, 0x4C, 0x78, 0x00 },  /* 0x6A j */
    { 0x00, 0x40, 0x40, 0x40, 0x46, 0x4C, 0x58, 0x70, 0x68, 0x4C, 0x46, 0x42, 0x00, 0x00, 0x00, 0x00 },  /* 0x6B k */
    { 0x00, 0x78, 0x18, 0x18, 0x18, 0x18, 0x18, 0x18, 0x18, 0x18, 0x18, 0x7E, 0x00, 0x00, 0x00, 0x00 },  /* 0x6C l */
    { 0x00, 0x00, 0x00, 0x00, 0x76, 0x5A, 0x4B, 0x4B, 0x4B, 0x4B, 0x4B, 0x4B, 0x00, 0x00, 0x00, 0x00 },  /* 0x6D m */
    { 0x00, 0x00, 0x00, 0x00, 0x5C, 0x66, 0x42, 0x42, 0x42, 0x42, 0x42, 0x42, 0x00, 0x00, 0x00, 0x00 },  /* 0x6E n */
    { 0x00, 0x00, 0x00, 0x00, 0x3C, 0x66, 0x42, 0x42, 0x42, 0x42, 0x66, 0x3C, 0x00, 0x00, 0x00, 0x00 },  /* 0x6F o */
    { 0x00, 0x00, 0x00, 0x00, 0x5C, 0x66, 0x42, 0x42, 0x42, 0x42, 0x66, 0x5C, 0x40, 0x40, 0x40, 0x00 },  /* 0x70 p */
    { 0x00, 0x00, 0x00, 0x00, 0x3A, 0x66, 0x42, 0x42, 0x42, 0x42, 0x66, 0x3A, 0x02, 0x02, 0x02, 0x00 },  /* 0x71 q */
    { 0x00, 0x00, 0x00, 0x00, 0x2E, 0x30, 0x20, 0x20, 0x20, 0x20, 0x20, 0x20, 0x00, 0x00, 0x00, 0x00 },  /* 0x72 r */
    { 0x00, 0x00, 0x00, 0x00, 0x3C, 0x62, 0x60, 0x38, 0x06, 0x02, 0x42, 0x3C, 0x00, 0x00, 0x00, 0x00 },  /* 0x73 s */
    { 0x00, 0x00, 0x10, 0x10, 0x7C, 0x10, 0x10, 0x10, 0x10, 0x10, 0x12, 0x1E, 0x00, 0x00, 0x00, 0x00 },  /* 0x74 t */
    { 0x00, 0x00, 0x00, 0x00, 0x42, 0x42, 0x42, 0x42, 0x42, 0x42, 0x66, 0x3A, 0x00, 0x00, 0x00, 0x00 },  /* 0x75 u */
    { 0x00, 0x00, 0x00, 0x00, 0x42, 0x42, 0x22, 0x24, 0x24, 0x18, 0x18, 0x18, 0x00, 0x00, 0x00, 0x00 },  /* 0x76 v */
    { 0x00, 0x00, 0x00, 0x00, 0x81, 0x49, 0x5A, 0x5A, 0x5A, 0x56, 0x66, 0x26, 0x00, 0x00, 0x00, 0x00 },  /* 0x77 w */
    { 0x00, 0x00, 0x00, 0x00, 0x46, 0x24, 0x38, 0x18, 0x18, 0x3C, 0x24, 0x42, 0x00, 0x00, 0x00, 0x00 },  /* 0x78 x */
    { 0x00, 0x00, 0x00, 0x00, 0x42, 0x42, 0x24, 0x24, 0x34, 0x18, 0x18, 0x08, 0x08, 0x10, 0xE0, 0x00 },  /* 0x79 y */
    { 0x00, 0x00, 0x00, 0x00, 0x7E, 0x04, 0x0C, 0x08, 0x10, 0x20, 0x60, 0x7E, 0x00, 0x00, 0x00, 0x00 },  /* 0x7A z */
    { 0x00, 0x0E, 0x10, 0x10, 0x10, 0x10, 0x20, 0x40, 0x20, 0x10, 0x10, 0x10, 0x10, 0x1E, 0x00, 0x00 },  /* 0x7B { */
    { 0x00, 0x18, 0x18, 0x18, 0x18, 0x18, 0x18, 0x18, 0x18, 0x18, 0x18, 0x18, 0x18, 0x18, 0x00, 0x00 },  /* 0x7C | */
    { 0x00, 0x70, 0x18, 0x08, 0x08, 0x08, 0x08, 0x06, 0x08, 0x08, 0x08, 0x08, 0x18, 0x70, 0x00, 0x00 },  /* 0x7D } */
    { 0x00, 0x00, 0x00, 0x00, 0x00, 0x00, 0x32, 0x4E, 0x00, 0x00, 0x00, 0x00, 0x00, 0x00, 0x00, 0x00 },  /* 0x7E ~ */
    { 0x00, 0x00, 0x00, 0x00, 0x00, 0x00, 0x00, 0x00, 0x00, 0x00, 0x00, 0x00, 0x00, 0x00, 0x00, 0x00 },  /* 0x7F   */
    { 0x00, 0x00, 0x00, 0x00, 0x00, 0x00, 0x00, 0x00, 0x00, 0x00, 0x00, 0x00, 0x00, 0x00, 0x00, 0x00 },  /* 0x80   */
    { 0x00, 0x00, 0x00, 0x00, 0x00, 0x00, 0x00, 0x00, 0x00, 0x00, 0x00, 0x00, 0x00, 0x00, 0x00, 0x00 },  /* 0x81   */
    { 0x00, 0x00, 0x00, 0x00, 0x00, 0x00, 0x00, 0x00, 0x00, 0x00, 0x00, 0x00, 0x00, 0x00, 0x00, 0x00 },  /* 0x82   */
    { 0x00, 0x00, 0x00, 0x00, 0x00, 0x00, 0x00, 0x00, 0x00, 0x00, 0x00, 0x00, 0x00, 0x00, 0x00, 0x00 },  /* 0x83   */
    { 0x00, 0x00, 0x00, 0x00, 0x00, 0x00, 0x00, 0x00, 0x00, 0x00, 0x00, 0x00, 0x00, 0x00, 0x00, 0x00 },  /* 0x84   */
    { 0x00, 0x00, 0x00, 0x00, 0x00, 0x00, 0x00, 0x00, 0x00, 0x00, 0x00, 0x00, 0x00, 0x00, 0x00, 0x00 },  /* 0x85   */
    { 0x00, 0x00, 0x00, 0x00, 0x00, 0x00, 0x00, 0x00, 0x00, 0x00, 0x00, 0x00, 0x00, 0x00, 0x00, 0x00 },  /* 0x86   */
    { 0x00, 0x00, 0x00, 0x00, 0x00, 0x00, 0x00, 0x00, 0x00, 0x00, 0x00, 0x00, 0x00, 0x00, 0x00, 0x00 },  /* 0x87   */
    { 0x00, 0x00, 0x00, 0x00, 0x00, 0x00, 0x00, 0x00, 0x00, 0x00, 0x00, 0x00, 0x00, 0x00, 0x00, 0x00 },  /* 0x88   */
    { 0x00, 0x00, 0x00, 0x00, 0x00, 0x00, 0x00, 0x00, 0x00, 0x00, 0x00, 0x00, 0x00, 0x00, 0x00, 0x00 },  /* 0x89   */
    { 0x00, 0x00, 0x00, 0x00, 0x00, 0x00, 0x00, 0x00, 0x00, 0x00, 0x00, 0x00, 0x00, 0x00, 0x00, 0x00 },  /* 0x8A   */
    { 0x00, 0x00, 0x00, 0x00, 0x00, 0x00, 0x00, 0x00, 0x00, 0x00, 0x00, 0x00, 0x00, 0x00, 0x00, 0x00 },  /* 0x8B   */
    { 0x00, 0x00, 0x00, 0x00, 0x00, 0x00, 0x00, 0x00, 0x00, 0x00, 0x00, 0x00, 0x00, 0x00, 0x00, 0x00 },  /* 0x8C   */
    { 0x00, 0x00, 0x00, 0x00, 0x00, 0x00, 0x00, 0x00, 0x00, 0x00, 0x00, 0x00, 0x00, 0x00, 0x00, 0x00 },  /* 0x8D   */
    { 0x00, 0x00, 0x00, 0x00, 0x00, 0x00, 0x00, 0x00, 0x00, 0x00, 0x00, 0x00, 0x00, 0x00, 0x00, 0x00 },  /* 0x8E   */
    { 0x00, 0x00, 0x00, 0x00, 0x00, 0x00, 0x00, 0x00, 0x00, 0x00, 0x00, 0x00, 0x00, 0x00, 0x00, 0x00 },  /* 0x8F   */
    { 0x00, 0x00, 0x00, 0x00, 0x00, 0x00, 0x00, 0x00, 0x00, 0x00, 0x00, 0x00, 0x00, 0x00, 0x00, 0x00 },  /* 0x90   */
    { 0x00, 0x00, 0x00, 0x00, 0x00, 0x00, 0x00, 0x00, 0x00, 0x00, 0x00, 0x00, 0x00, 0x00, 0x00, 0x00 },  /* 0x91   */
    { 0x00, 0x00, 0x00, 0x00, 0x00, 0x00, 0x00, 0x00, 0x00, 0x00, 0x00, 0x00, 0x00, 0x00, 0x00, 0x00 },  /* 0x92   */
    { 0x00, 0x00, 0x00, 0x00, 0x00, 0x00, 0x00, 0x00, 0x00, 0x00, 0x00, 0x00, 0x00, 0x00, 0x00, 0x00 },  /* 0x93   */
    { 0x00, 0x00, 0x00, 0x00, 0x00, 0x00, 0x00, 0x00, 0x00, 0x00, 0x00, 0x00, 0x00, 0x00, 0x00, 0x00 },  /* 0x94   */
    { 0x00, 0x00, 0x00, 0x00, 0x00, 0x00, 0x00, 0x00, 0x00, 0x00, 0x00, 0x00, 0x00, 0x00, 0x00, 0x00 },  /* 0x95   */
    { 0x00, 0x00, 0x00, 0x00, 0x00, 0x00, 0x00, 0x00, 0x00, 0x00, 0x00, 0x00, 0x00, 0x00, 0x00, 0x00 },  /* 0x96   */
    { 0x00, 0x00, 0x00, 0x00, 0x00, 0x00, 0x00, 0x00, 0x00, 0x00, 0x00, 0x00, 0x00, 0x00, 0x00, 0x00 },  /* 0x97   */
    { 0x00, 0x00, 0x00, 0x00, 0x00, 0x00, 0x00, 0x00, 0x00, 0x00, 0x00, 0x00, 0x00, 0x00, 0x00, 0x00 },  /* 0x98   */
    { 0x00, 0x00, 0x00, 0x00, 0x00, 0x00, 0x00, 0x00, 0x00, 0x00, 0x00, 0x00, 0x00, 0x00, 0x00, 0x00 },  /* 0x99   */
    { 0x00, 0x00, 0x00, 0x00, 0x00, 0x00, 0x00, 0x00, 0x00, 0x00, 0x00, 0x00, 0x00, 0x00, 0x00, 0x00 },  /* 0x9A   */
    { 0x00, 0x00, 0x00, 0x00, 0x00, 0x00, 0x00, 0x00, 0x00, 0x00, 0x00, 0x00, 0x00, 0x00, 0x00, 0x00 },  /* 0x9B   */
    { 0x00, 0x00, 0x00, 0x00, 0x00, 0x00, 0x00, 0x00, 0x00, 0x00, 0x00, 0x00, 0x00, 0x00, 0x00, 0x00 },  /* 0x9C   */
    { 0x00, 0x00, 0x00, 0x00, 0x00, 0x00, 0x00, 0x00, 0x00, 0x00, 0x00, 0x00, 0x00, 0x00, 0x00, 0x00 },  /* 0x9D   */
    { 0x00, 0x00, 0x00, 0x00, 0x00, 0x00, 0x00, 0x00, 0x00, 0x00, 0x00, 0x00, 0x00, 0x00, 0x00, 0x00 },  /* 0x9E   */
    { 0x00, 0x00, 0x00, 0x00, 0x00, 0x00, 0x00, 0x00, 0x00, 0x00, 0x00, 0x00, 0x00, 0x00, 0x00, 0x00 },  /* 0x9F   */
    { 0x00, 0x00, 0x00, 0x00, 0x00, 0x00, 0x00, 0x00, 0x00, 0x00, 0x00, 0x00, 0x00, 0x00, 0x00, 0x00 },  /* 0xA0   */
    { 0x00, 0x00, 0x18, 0x18, 0x00, 0x00, 0x10, 0x10, 0x10, 0x18, 0x18, 0x18, 0x18, 0x00, 0x00, 0x00 },  /* 0xA1   */
    { 0x00, 0x00, 0x08, 0x08, 0x1C, 0x2A, 0x48, 0x48, 0x48, 0x32, 0x1C, 0x10, 0x10, 0x00, 0x00, 0x00 },  /* 0xA2   */
    { 0x00, 0x1C, 0x20, 0x20, 0x20, 0x78, 0x20, 0x20, 0x20, 0x20, 0x70, 0x4E, 0x00, 0x00, 0x00, 0x00 },  /* 0xA3   */
    { 0x00, 0x00, 0x00, 0x7E, 0x24, 0x42, 0x24, 0x7E, 0x00, 0x00, 0x00, 0x00, 0x00, 0x00, 0x00, 0x00 },  /* 0xA4   */
    { 0x00, 0x42, 0x62, 0x24, 0x34, 0x18, 0x08, 0x7E, 0x08, 0x7E, 0x08, 0x08, 0x00, 0x00, 0x00, 0x00 },  /* 0xA5   */
    { 0x00, 0x18, 0x18, 0x18, 0x18, 0x18, 0x18, 0x00, 0x18, 0x18, 0x18, 0x18, 0x18, 0x18, 0x00, 0x00 },  /* 0xA6   */
    { 0x00, 0x3C, 0x26, 0x20, 0x30, 0x3C, 0x46, 0x66, 0x3C, 0x04, 0x06, 0x44, 0x38, 0x00, 0x00, 0x00 },  /* 0xA7   */
    { 0x00, 0x24, 0x24, 0x00, 0x00, 0x00, 0x00, 0x00, 0x00, 0x00, 0x00, 0x00, 0x00, 0x00, 0x00, 0x00 },  /* 0xA8   */
    { 0x00, 0x00, 0x00, 0x00, 0x3C, 0x42, 0xBD, 0xA1, 0xA1, 0xBD, 0x42, 0x3C, 0x00, 0x00, 0x00, 0x00 },  /* 0xA9   */
    { 0x00, 0x3C, 0x04, 0x1C, 0x24, 0x24, 0x3C, 0x00, 0x7E, 0x00, 0x00, 0x00, 0x00, 0x00, 0x00, 0x00 },  /* 0xAA   */
    { 0x00, 0x00, 0x00, 0x00, 0x00, 0x00, 0x12, 0x24, 0x48, 0x24, 0x12, 0x00, 0x00, 0x00, 0x00, 0x00 },  /* 0xAB   */
    { 0x00, 0x00, 0x00, 0x00, 0x00, 0x00, 0x7E, 0x02, 0x02, 0x00, 0x00, 0x00, 0x00, 0x00, 0x00, 0x00 },  /* 0xAC   */
    { 0x00, 0x00, 0x00, 0x00, 0x00, 0x00, 0x00, 0x00, 0x00, 0x00, 0x00, 0x00, 0x00, 0x00, 0x00, 0x00 },  /* 0xAD   */
    { 0x00, 0x00, 0x00, 0x00, 0x3C, 0x52, 0xAD, 0xB5, 0xA9, 0xA5, 0x42, 0x3C, 0x00, 0x00, 0x00, 0x00 },  /* 0xAE   */
    { 0x00, 0x00, 0x3C, 0x00, 0x00, 0x00, 0x00, 0x00, 0x00, 0x00, 0x00, 0x00, 0x00, 0x00, 0x00, 0x00 },  /* 0xAF   */
    { 0x00, 0x1C, 0x24, 0x24, 0x1C, 0x00, 0x00, 0x00, 0x00, 0x00, 0x00, 0x00, 0x00, 0x00, 0x00, 0x00 },  /* 0xB0   */
    { 0x00, 0x00, 0x00, 0x08, 0x08, 0x08, 0x7E, 0x08, 0x08, 0x08, 0x00, 0x7E, 0x00, 0x00, 0x00, 0x00 },  /* 0xB1   */
    { 0x00, 0x3C, 0x24, 0x04, 0x08, 0x10, 0x3C, 0x00, 0x00, 0x00, 0x00, 0x00, 0x00, 0x00, 0x00, 0x00 },  /* 0xB2   */
    { 0x00, 0x38, 0x04, 0x18, 0x04, 0x04, 0x38, 0x00, 0x00, 0x00, 0x00, 0x00, 0x00, 0x00, 0x00, 0x00 },  /* 0xB3   */
    { 0x00, 0x08, 0x08, 0x10, 0x00, 0x00, 0x00, 0x00, 0x00, 0x00, 0x00, 0x00, 0x00, 0x00, 0x00, 0x00 },  /* 0xB4   */
    { 0x00, 0x00, 0x00, 0x00, 0x44, 0x44, 0x44, 0x44, 0x44, 0x44, 0x4D, 0xBF, 0x80, 0x80, 0x80, 0x00 },  /* 0xB5   */
    { 0x00, 0x3E, 0x7A, 0x7A, 0x7A, 0x3A, 0x1A, 0x0A, 0x0A, 0x0A, 0x0A, 0x0A, 0x0A, 0x00, 0x00, 0x00 },  /* 0xB6   */
    { 0x00, 0x00, 0x00, 0x00, 0x00, 0x00, 0x18, 0x18, 0x00, 0x00, 0x00, 0x00, 0x00, 0x00, 0x00, 0x00 },  /* 0xB7   */
    { 0x00, 0x00, 0x00, 0x00, 0x00, 0x00, 0x00, 0x00, 0x00, 0x00, 0x00, 0x00, 0x08, 0x04, 0x04, 0x1C },  /* 0xB8   */
    { 0x00, 0x18, 0x08, 0x08, 0x08, 0x08, 0x08, 0x00, 0x00, 0x00, 0x00, 0x00, 0x00, 0x00, 0x00, 0x00 },  /* 0xB9   */
    { 0x00, 0x18, 0x24, 0x24, 0x24, 0x24, 0x18, 0x00, 0x7E, 0x00, 0x00, 0x00, 0x00, 0x00, 0x00, 0x00 },  /* 0xBA   */
    { 0x00, 0x00, 0x00, 0x00, 0x00, 0x00, 0x48, 0x34, 0x12, 0x24, 0x48, 0x00, 0x00, 0x00, 0x00, 0x00 },  /* 0xBB   */
    { 0x00, 0x42, 0x42, 0x44, 0x44, 0x48, 0x08, 0x10, 0x12, 0x16, 0x26, 0x2F, 0x42, 0x00, 0x00, 0x00 },  /* 0xBC   */
    { 0x00, 0x42, 0x42, 0x44, 0x44, 0x48, 0x08, 0x10, 0x16, 0x11, 0x22, 0x24, 0x4F, 0x00, 0x00, 0x00 },  /* 0xBD   */
    { 0x00, 0xE2, 0x22, 0x64, 0x24, 0xE8, 0x08, 0x10, 0x12, 0x16, 0x26, 0x2F, 0x42, 0x00, 0x00, 0x00 },  /* 0xBE   */
    { 0x00, 0x00, 0x00, 0x18, 0x10, 0x00, 0x10, 0x10, 0x30, 0x20, 0x40, 0x40, 0x62, 0x3C, 0x00, 0x00 },  /* 0xBF   */
    { 0x00, 0x00, 0x18, 0x18, 0x18, 0x24, 0x24, 0x24, 0x7E, 0x42, 0x42, 0xC3, 0x00, 0x00, 0x00, 0x00 },  /* 0xC0   */
    { 0x00, 0x00, 0x18, 0x18, 0x18, 0x24, 0x24, 0x24, 0x7E, 0x42, 0x42, 0xC3, 0x00, 0x00, 0x00, 0x00 },  /* 0xC1   */
    { 0x00, 0x00, 0x18, 0x18, 0x18, 0x24, 0x24, 0x24, 0x7E, 0x42, 0x42, 0xC3, 0x00, 0x00, 0x00, 0x00 },  /* 0xC2   */
    { 0x00, 0x00, 0x18, 0x18, 0x18, 0x24, 0x24, 0x24, 0x7E, 0x42, 0x42, 0xC3, 0x00, 0x00, 0x00, 0x00 },  /* 0xC3   */
    { 0x00, 0x00, 0x18, 0x18, 0x18, 0x24, 0x24, 0x24, 0x7E, 0x42, 0x42, 0xC3, 0x00, 0x00, 0x00, 0x00 },  /* 0xC4   */
    { 0x18, 0x00, 0x18, 0x18, 0x18, 0x24, 0x24, 0x24, 0x7E, 0x42, 0x42, 0xC3, 0x00, 0x00, 0x00, 0x00 },  /* 0xC5   */
    { 0x00, 0x1F, 0x18, 0x18, 0x28, 0x28, 0x2F, 0x28, 0x78, 0x48, 0x48, 0x8F, 0x00, 0x00, 0x00, 0x00 },  /* 0xC6   */
    { 0x00, 0x1C, 0x22, 0x40, 0x40, 0x40, 0x40, 0x40, 0x40, 0x40, 0x22, 0x1C, 0x08, 0x04, 0x04, 0x1C },  /* 0xC7   */
    { 0x00, 0x7E, 0x40, 0x40, 0x40, 0x40, 0x7C, 0x40, 0x40, 0x40, 0x40, 0x7E, 0x00, 0x00, 0x00, 0x00 },  /* 0xC8   */
    { 0x00, 0x7E, 0x40, 0x40, 0x40, 0x40, 0x7C, 0x40, 0x40, 0x40, 0x40, 0x7E, 0x00, 0x00, 0x00, 0x00 },  /* 0xC9   */
    { 0x00, 0x7E, 0x40, 0x40, 0x40, 0x40, 0x7C, 0x40, 0x40, 0x40, 0x40, 0x7E, 0x00, 0x00, 0x00, 0x00 },  /* 0xCA   */
    { 0x00, 0x7E, 0x40, 0x40, 0x40, 0x40, 0x7C, 0x40, 0x40, 0x40, 0x40, 0x7E, 0x00, 0x00, 0x00, 0x00 },  /* 0xCB   */
    { 0x00, 0x7C, 0x10, 0x10, 0x10, 0x10, 0x10, 0x10, 0x10, 0x10, 0x10, 0x7C, 0x00, 0x00, 0x00, 0x00 },  /* 0xCC   */
    { 0x00, 0x7C, 0x10, 0x10, 0x10, 0x10, 0x10, 0x10, 0x10, 0x10, 0x10, 0x7C, 0x00, 0x00, 0x00, 0x00 },  /* 0xCD   */
    { 0x00, 0x7C, 0x10, 0x10, 0x10, 0x10, 0x10, 0x10, 0x10, 0x10, 0x10, 0x7C, 0x00, 0x00, 0x00, 0x00 },  /* 0xCE   */
    { 0x00, 0x7C, 0x10, 0x10, 0x10, 0x10, 0x10, 0x10, 0x10, 0x10, 0x10, 0x7C, 0x00, 0x00, 0x00, 0x00 },  /* 0xCF   */
    { 0x00, 0x78, 0x46, 0x42, 0x42, 0x42, 0xF2, 0x42, 0x42, 0x42, 0x44, 0x78, 0x00, 0x00, 0x00, 0x00 },  /* 0xD0   */
    { 0x00, 0x42, 0x62, 0x62, 0x72, 0x52, 0x5A, 0x4A, 0x4E, 0x46, 0x42, 0x42, 0x00, 0x00, 0x00, 0x00 },  /* 0xD1   */
    { 0x00, 0x3C, 0x66, 0x42, 0x42, 0xC3, 0xC3, 0xC3, 0x42, 0x42, 0x66, 0x3C, 0x00, 0x00, 0x00, 0x00 },  /* 0xD2   */
    { 0x00, 0x3C, 0x66, 0x42, 0x42, 0xC3, 0xC3, 0xC3, 0x42, 0x42, 0x66, 0x3C, 0x00, 0x00, 0x00, 0x00 },  /* 0xD3   */
    { 0x00, 0x3C, 0x66, 0x42, 0x42, 0xC3, 0xC3, 0xC3, 0x42, 0x42, 0x66, 0x3C, 0x00, 0x00, 0x00, 0x00 },  /* 0xD4   */
    { 0x00, 0x3C, 0x66, 0x42, 0x42, 0xC3, 0xC3, 0xC3, 0x42, 0x42, 0x66, 0x3C, 0x00, 0x00, 0x00, 0x00 },  /* 0xD5   */
    { 0x00, 0x3C, 0x66, 0x42, 0x42, 0xC3, 0xC3, 0xC3, 0x42, 0x42, 0x66, 0x3C, 0x00, 0x00, 0x00, 0x00 },  /* 0xD6   */
    { 0x00, 0x00, 0x00, 0x00, 0x22, 0x24, 0x18, 0x18, 0x24, 0x02, 0x00, 0x00, 0x00, 0x00, 0x00, 0x00 },  /* 0xD7   */
    { 0x02, 0x3E, 0x66, 0x46, 0x4A, 0xCB, 0xD3, 0xD3, 0x52, 0x62, 0x66, 0x7C, 0x40, 0x00, 0x00, 0x00 },  /* 0xD8   */
    { 0x00, 0x42, 0x42, 0x42, 0x42, 0x42, 0x42, 0x42, 0x42, 0x42, 0x62, 0x3C, 0x00, 0x00, 0x00, 0x00 },  /* 0xD9   */
    { 0x00, 0x42, 0x42, 0x42, 0x42, 0x42, 0x42, 0x42, 0x42, 0x42, 0x62, 0x3C, 0x00, 0x00, 0x00, 0x00 },  /* 0xDA   */
    { 0x00, 0x42, 0x42, 0x42, 0x42, 0x42, 0x42, 0x42, 0x42, 0x42, 0x62, 0x3C, 0x00, 0x00, 0x00, 0x00 },  /* 0xDB   */
    { 0x00, 0x42, 0x42, 0x42, 0x42, 0x42, 0x42, 0x42, 0x42, 0x42, 0x62, 0x3C, 0x00, 0x00, 0x00, 0x00 },  /* 0xDC   */
    { 0x00, 0x42, 0x42, 0x26, 0x24, 0x14, 0x18, 0x18, 0x08, 0x08, 0x08, 0x08, 0x00, 0x00, 0x00, 0x00 },  /* 0xDD   */
    { 0x00, 0x40, 0x40, 0x7C, 0x42, 0x42, 0x42, 0x42, 0x7C, 0x40, 0x40, 0x40, 0x00, 0x00, 0x00, 0x00 },  /* 0xDE   */
    { 0x00, 0x38, 0x64, 0x42, 0x42, 0x44, 0x5C, 0x42, 0x42, 0x42, 0x42, 0x5C, 0x00, 0x00, 0x00, 0x00 },  /* 0xDF   */
    { 0x10, 0x10, 0x08, 0x00, 0x3C, 0x06, 0x02, 0x1E, 0x62, 0x42, 0x46, 0x3A, 0x00, 0x00, 0x00, 0x00 },  /* 0xE0   */
    { 0x08, 0x08, 0x10, 0x00, 0x3C, 0x06, 0x02, 0x1E, 0x62, 0x42, 0x46, 0x3A, 0x00, 0x00, 0x00, 0x00 },  /* 0xE1   */
    { 0x18, 0x3C, 0x24, 0x00, 0x3C, 0x06, 0x02, 0x1E, 0x62, 0x42, 0x46, 0x3A, 0x00, 0x00, 0x00, 0x00 },  /* 0xE2   */
    { 0x32, 0x2C, 0x00, 0x00, 0x3C, 0x06, 0x02, 0x1E, 0x62, 0x42, 0x46, 0x3A, 0x00, 0x00, 0x00, 0x00 },  /* 0xE3   */
    { 0x24, 0x24, 0x00, 0x00, 0x3C, 0x06, 0x02, 0x1E, 0x62, 0x42, 0x46, 0x3A, 0x00, 0x00, 0x00, 0x00 },  /* 0xE4   */
    { 0x18, 0x14, 0x18, 0x00, 0x3C, 0x06, 0x02, 0x1E, 0x62, 0x42, 0x46, 0x3A, 0x00, 0x00, 0x00, 0x00 },  /* 0xE5   */
    { 0x00, 0x00, 0x00, 0x00, 0x76, 0x19, 0x09, 0x3F, 0xC8, 0x98, 0x98, 0x77, 0x00, 0x00, 0x00, 0x00 },  /* 0xE6   */
    { 0x00, 0x00, 0x00, 0x00, 0x1C, 0x22, 0x40, 0x40, 0x40, 0x40, 0x22, 0x1C, 0x08, 0x04, 0x04, 0x1C },  /* 0xE7   */
    { 0x10, 0x10, 0x08, 0x00, 0x3C, 0x66, 0x42, 0x7E, 0x40, 0x40, 0x62, 0x3C, 0x00, 0x00, 0x00, 0x00 },  /* 0xE8   */
    { 0x08, 0x08, 0x10, 0x00, 0x3C, 0x66, 0x42, 0x7E, 0x40, 0x40, 0x62, 0x3C, 0x00, 0x00, 0x00, 0x00 },  /* 0xE9   */
    { 0x18, 0x3C, 0x24, 0x00, 0x3C, 0x66, 0x42, 0x7E, 0x40, 0x40, 0x62, 0x3C, 0x00, 0x00, 0x00, 0x00 },  /* 0xEA   */
    { 0x24, 0x24, 0x00, 0x00, 0x3C, 0x66, 0x42, 0x7E, 0x40, 0x40, 0x62, 0x3C, 0x00, 0x00, 0x00, 0x00 },  /* 0xEB   */
    { 0x10, 0x10, 0x08, 0x00, 0x38, 0x18, 0x18, 0x18, 0x18, 0x18, 0x18, 0x3C, 0x00, 0x00, 0x00, 0x00 },  /* 0xEC   */
    { 0x08, 0x08, 0x10, 0x00, 0x38, 0x18, 0x18, 0x18, 0x18, 0x18, 0x18, 0x3C, 0x00, 0x00, 0x00, 0x00 },  /* 0xED   */
    { 0x18, 0x3C, 0x24, 0x00, 0x38, 0x18, 0x18, 0x18, 0x18, 0x18, 0x18, 0x3C, 0x00, 0x00, 0x00, 0x00 },  /* 0xEE   */
    { 0x24, 0x24, 0x00, 0x00, 0x38, 0x18, 0x18, 0x18, 0x18, 0x18, 0x18, 0x3C, 0x00, 0x00, 0x00, 0x00 },  /* 0xEF   */
    { 0x10, 0x0E, 0x34, 0x06, 0x3E, 0x66, 0x42, 0x42, 0x42, 0x42, 0x66, 0x3C, 0x00, 0x00, 0x00, 0x00 },  /* 0xF0   */
    { 0x32, 0x2C, 0x00, 0x00, 0x5C, 0x66, 0x42, 0x42, 0x42, 0x42, 0x42, 0x42, 0x00, 0x00, 0x00, 0x00 },  /* 0xF1   */
    { 0x10, 0x10, 0x08, 0x00, 0x3C, 0x66, 0x42, 0x42, 0x42, 0x42, 0x66, 0x3C, 0x00, 0x00, 0x00, 0x00 },  /* 0xF2   */
    { 0x08, 0x08, 0x10, 0x00, 0x3C, 0x66, 0x42, 0x42, 0x42, 0x42, 0x66, 0x3C, 0x00, 0x00, 0x00, 0x00 },  /* 0xF3   */
    { 0x18, 0x3C, 0x24, 0x00, 0x3C, 0x66, 0x42, 0x42, 0x42, 0x42, 0x66, 0x3C, 0x00, 0x00, 0x00, 0x00 },  /* 0xF4   */
    { 0x32, 0x2C, 0x00, 0x00, 0x3C, 0x66, 0x42, 0x42, 0x42, 0x42, 0x66, 0x3C, 0x00, 0x00, 0x00, 0x00 },  /* 0xF5   */
    { 0x24, 0x24, 0x00, 0x00, 0x3C, 0x66, 0x42, 0x42, 0x42, 0x42, 0x66, 0x3C, 0x00, 0x00, 0x00, 0x00 },  /* 0xF6   */
    { 0x00, 0x00, 0x00, 0x18, 0x00, 0x7E, 0x00, 0x18, 0x00, 0x00, 0x00, 0x00, 0x00, 0x00, 0x00, 0x00 },  /* 0xF7   */
    { 0x00, 0x00, 0x00, 0x02, 0x3C, 0x66, 0x4A, 0x4A, 0x52, 0x52, 0x66, 0x3C, 0x40, 0x00, 0x00, 0x00 },  /* 0xF8   */
    { 0x10, 0x10, 0x08, 0x00, 0x42, 0x42, 0x42, 0x42, 0x42, 0x42, 0x66, 0x3A, 0x00, 0x00, 0x00, 0x00 },  /* 0xF9   */
    { 0x08, 0x08, 0x10, 0x00, 0x42, 0x42, 0x42, 0x42, 0x42, 0x42, 0x66, 0x3A, 0x00, 0x00, 0x00, 0x00 },  /* 0xFA   */
    { 0x18, 0x3C, 0x24, 0x00, 0x42, 0x42, 0x42, 0x42, 0x42, 0x42, 0x66, 0x3A, 0x00, 0x00, 0x00, 0x00 },  /* 0xFB   */
    { 0x24, 0x24, 0x00, 0x00, 0x42, 0x42, 0x42, 0x42, 0x42, 0x42, 0x66, 0x3A, 0x00, 0x00, 0x00, 0x00 },  /* 0xFC   */
    { 0x08, 0x08, 0x10, 0x00, 0x42, 0x42, 0x24, 0x24, 0x34, 0x18, 0x18, 0x08, 0x08, 0x10, 0xE0, 0x00 },  /* 0xFD   */
    { 0x00, 0x40, 0x40, 0x40, 0x5C, 0x66, 0x42, 0x42, 0x42, 0x42, 0x66, 0x5C, 0x40, 0x40, 0x40, 0x00 },  /* 0xFE   */
    { 0x24, 0x24, 0x00, 0x00, 0x42, 0x42, 0x24, 0x24, 0x34, 0x18, 0x18, 0x08, 0x08, 0x10, 0xE0, 0x00 },  /* 0xFF   */
};

static const uint8_t glyphs_ubuntu[FONT_GLYPHS][FONT_HEIGHT] = {
    { 0x00, 0x00, 0x00, 0x00, 0x00, 0x00, 0x00, 0x00, 0x00, 0x00, 0x00, 0x00, 0x00, 0x00, 0x00, 0x00 },  /* 0x20   */
    { 0x00, 0x00, 0x10, 0x10, 0x10, 0x10, 0x10, 0x10, 0x10, 0x10, 0x00, 0x10, 0x00, 0x00, 0x00, 0x00 },  /* 0x21 ! */
    { 0x00, 0x28, 0x28, 0x28, 0x28, 0x00, 0x00, 0x00, 0x00, 0x00, 0x00, 0x00, 0x00, 0x00, 0x00, 0x00 },  /* 0x22 " */
    { 0x00, 0x00, 0x24, 0x24, 0x24, 0xFE, 0x24, 0x48, 0xFE, 0x48, 0x48, 0x48, 0x00, 0x00, 0x00, 0x00 },  /* 0x23 # */
    { 0x00, 0x10, 0x10, 0x3C, 0x40, 0x40, 0x20, 0x18, 0x04, 0x02, 0x42, 0x3C, 0x10, 0x10, 0x00, 0x00 },  /* 0x24 $ */
    { 0x00, 0x00, 0x62, 0x94, 0x9C, 0x98, 0x70, 0x1C, 0x32, 0x72, 0x52, 0x8C, 0x00, 0x00, 0x00, 0x00 },  /* 0x25 % */
    { 0x00, 0x00, 0x18, 0x24, 0x24, 0x24, 0x18, 0x3A, 0x4A, 0x46, 0x46, 0x39, 0x00, 0x00, 0x00, 0x00 },  /* 0x26 & */
    { 0x00, 0x10, 0x10, 0x10, 0x10, 0x00, 0x00, 0x00, 0x00, 0x00, 0x00, 0x00, 0x00, 0x00, 0x00, 0x00 },  /* 0x27 ' */
    { 0x00, 0x00, 0x04, 0x08, 0x10, 0x10, 0x20, 0x20, 0x20, 0x20, 0x20, 0x10, 0x10, 0x08, 0x04, 0x00 },  /* 0x28 ( */
    { 0x00, 0x00, 0x20, 0x10, 0x08, 0x08, 0x04, 0x04, 0x04, 0x04, 0x04, 0x08, 0x08, 0x10, 0x20, 0x00 },  /* 0x29 ) */
    { 0x00, 0x00, 0x10, 0x54, 0x38, 0x28, 0x6C, 0x28, 0x00, 0x00, 0x00, 0x00, 0x00, 0x00, 0x00, 0x00 },  /* 0x2A * */
    { 0x00, 0x00, 0x00, 0x00, 0x10, 0x10, 0x10, 0xFE, 0x10, 0x10, 0x10, 0x00, 0x00, 0x00, 0x00, 0x00 },  /* 0x2B + */
    { 0x00, 0x00, 0x00, 0x00, 0x00, 0x00, 0x00, 0x00, 0x00, 0x00, 0x00, 0x10, 0x10, 0x20, 0x00, 0x00 },  /* 0x2C , */
    { 0x00, 0x00, 0x00, 0x00, 0x00, 0x00, 0x00, 0x00, 0x3C, 0x00, 0x00, 0x00, 0x00, 0x00, 0x00, 0x00 },  /* 0x2D - */
    { 0x00, 0x00, 0x00, 0x00, 0x00, 0x00, 0x00, 0x00, 0x00, 0x00, 0x00, 0x10, 0x00, 0x00, 0x00, 0x00 },  /* 0x2E . */
    { 0x00, 0x02, 0x04, 0x04, 0x04, 0x08, 0x08, 0x08, 0x10, 0x10, 0x10, 0x20, 0x20, 0x20, 0x40, 0x00 },  /* 0x2F / */
    { 0x00, 0x00, 0x18, 0x24, 0x42, 0x42, 0x5A, 0x5A, 0x42, 0x42, 0x24, 0x18, 0x00, 0x00, 0x00, 0x00 },  /* 0x30 0 */
    { 0x00, 0x00, 0x08, 0x18, 0x28, 0x08, 0x08, 0x08, 0x08, 0x08, 0x08, 0x3E, 0x00, 0x00, 0x00, 0x00 },  /* 0x31 1 */
    { 0x00, 0x00, 0x3C, 0x42, 0x02, 0x02, 0x04, 0x08, 0x10, 0x20, 0x40, 0x7E, 0x00, 0x00, 0x00, 0x00 },  /* 0x32 2 */
    { 0x00, 0x00, 0x7C, 0x02, 0x02, 0x02, 0x1C, 0x02, 0x02, 0x02, 0x02, 0x7C, 0x00, 0x00, 0x00, 0x00 },  /* 0x33 3 */
    { 0x00, 0x00, 0x04, 0x0C, 0x14, 0x24, 0x24, 0x44, 0x7E, 0x04, 0x04, 0x04, 0x00, 0x00, 0x00, 0x00 },  /* 0x34 4 */
    { 0x00, 0x00, 0x3E, 0x20, 0x20, 0x20, 0x38, 0x04, 0x02, 0x02, 0x04, 0x78, 0x00, 0x00, 0x00, 0x00 },  /* 0x35 5 */
    { 0x00, 0x00, 0x0C, 0x10, 0x20, 0x40, 0x7C, 0x42, 0x42, 0x42, 0x24, 0x18, 0x00, 0x00, 0x00, 0x00 },  /* 0x36 6 */
    { 0x00, 0x00, 0x7E, 0x02, 0x04, 0x08, 0x08, 0x10, 0x10, 0x20, 0x20, 0x20, 0x00, 0x00, 0x00, 0x00 },  /* 0x37 7 */
    { 0x00, 0x00, 0x3C, 0x42, 0x42, 0x42, 0x3C, 0x2C, 0x42, 0x42, 0x42, 0x3C, 0x00, 0x00, 0x00, 0x00 },  /* 0x38 8 */
    { 0x00, 0x00, 0x38, 0x44, 0x42, 0x42, 0x42, 0x3E, 0x02, 0x04, 0x08, 0x30, 0x00, 0x00, 0x00, 0x00 },  /* 0x39 9 */
    { 0x00, 0x00, 0x00, 0x00, 0x00, 0x00, 0x10, 0x00, 0x00, 0x00, 0x00, 0x10, 0x00, 0x00, 0x00, 0x00 },  /* 0x3A : */
    { 0x00, 0x00, 0x00, 0x00, 0x00, 0x00, 0x10, 0x00, 0x00, 0x00, 0x00, 0x10, 0x10, 0x20, 0x00, 0x00 },  /* 0x3B ; */
    { 0x00, 0x00, 0x00, 0x00, 0x02, 0x0C, 0x30, 0x40, 0x30, 0x0C, 0x02, 0x00, 0x00, 0x00, 0x00, 0x00 },  /* 0x3C < */
    { 0x00, 0x00, 0x00, 0x00, 0x00, 0x00, 0x7E, 0x00, 0x00, 0x7E, 0x00, 0x00, 0x00, 0x00, 0x00, 0x00 },  /* 0x3D = */
    { 0x00, 0x00, 0x00, 0x00, 0x40, 0x30, 0x0C, 0x02, 0x0C, 0x30, 0x40, 0x00, 0x00, 0x00, 0x00, 0x00 },  /* 0x3E > */
    { 0x00, 0x00, 0x38, 0x04, 0x04, 0x04, 0x0C, 0x08, 0x10, 0x10, 0x00, 0x10, 0x00, 0x00, 0x00, 0x00 },  /* 0x3F ? */
    { 0x00, 0x00, 0x1C, 0x22, 0x42, 0x4E, 0x52, 0x52, 0x52, 0x52, 0x4E, 0x20, 0x20, 0x1C, 0x00, 0x00 },  /* 0x40 @ */
    { 0x00, 0x00, 0x10, 0x28, 0x28, 0x28, 0x44, 0x44, 0x7C, 0x44, 0x82, 0x82, 0x00, 0x00, 0x00, 0x00 },  /* 0x41 A */
    { 0x00, 0x00, 0x7C, 0x42, 0x42, 0x42, 0x7C, 0x42, 0x42, 0x42, 0x42, 0x7C, 0x00, 0x00, 0x00, 0x00 },  /* 0x42 B */
    { 0x00, 0x00, 0x1C, 0x22, 0x40, 0x40, 0x40, 0x40, 0x40, 0x40, 0x22, 0x1C, 0x00, 0x00, 0x00, 0x00 },  /* 0x43 C */
    { 0x00, 0x00, 0x78, 0x44, 0x42, 0x42, 0x42, 0x42, 0x42, 0x42, 0x44, 0x78, 0x00, 0x00, 0x00, 0x00 },  /* 0x44 D */
    { 0x00, 0x00, 0x7E, 0x40, 0x40, 0x40, 0x7C, 0x40, 0x40, 0x40, 0x40, 0x7E, 0x00, 0x00, 0x00, 0x00 },  /* 0x45 E */
    { 0x00, 0x00, 0x7E, 0x40, 0x40, 0x40, 0x7C, 0x40, 0x40, 0x40, 0x40, 0x40, 0x00, 0x00, 0x00, 0x00 },  /* 0x46 F */
    { 0x00, 0x00, 0x1C, 0x22, 0x40, 0x40, 0x40, 0x42, 0x42, 0x42, 0x22, 0x1E, 0x00, 0x00, 0x00, 0x00 },  /* 0x47 G */
    { 0x00, 0x00, 0x42, 0x42, 0x42, 0x42, 0x7E, 0x42, 0x42, 0x42, 0x42, 0x42, 0x00, 0x00, 0x00, 0x00 },  /* 0x48 H */
    { 0x00, 0x00, 0x7C, 0x10, 0x10, 0x10, 0x10, 0x10, 0x10, 0x10, 0x10, 0x7C, 0x00, 0x00, 0x00, 0x00 },  /* 0x49 I */
    { 0x00, 0x00, 0x3E, 0x02, 0x02, 0x02, 0x02, 0x02, 0x02, 0x02, 0x42, 0x3C, 0x00, 0x00, 0x00, 0x00 },  /* 0x4A J */
    { 0x00, 0x00, 0x42, 0x44, 0x48, 0x50, 0x60, 0x50, 0x48, 0x48, 0x44, 0x42, 0x00, 0x00, 0x00, 0x00 },  /* 0x4B K */
    { 0x00, 0x00, 0x40, 0x40, 0x40, 0x40, 0x40, 0x40, 0x40, 0x40, 0x40, 0x7E, 0x00, 0x00, 0x00, 0x00 },  /* 0x4C L */
    { 0x00, 0x00, 0x24, 0x24, 0x24, 0x5A, 0x5A, 0x5A, 0x42, 0x42, 0x42, 0x42, 0x00, 0x00, 0x00, 0x00 },  /* 0x4D M */
    { 0x00, 0x00, 0x42, 0x62, 0x62, 0x52, 0x5A, 0x4A, 0x4A, 0x46, 0x46, 0x42, 0x00, 0x00, 0x00, 0x00 },  /* 0x4E N */
    { 0x00, 0x00, 0x18, 0x24, 0x42, 0x42, 0x42, 0x42, 0x42, 0x42, 0x24, 0x18, 0x00, 0x00, 0x00, 0x00 },  /* 0x4F O */
    { 0x00, 0x00, 0x7C, 0x42, 0x42, 0x42, 0x42, 0x7C, 0x40, 0x40, 0x40, 0x40, 0x00, 0x00, 0x00, 0x00 },  /* 0x50 P */
    { 0x00, 0x00, 0x18, 0x24, 0x42, 0x42, 0x42, 0x42, 0x42, 0x42, 0x24, 0x18, 0x18, 0x06, 0x00, 0x00 },  /* 0x51 Q */
    { 0x00, 0x00, 0x7C, 0x42, 0x42, 0x42, 0x42, 0x7C, 0x48, 0x44, 0x42, 0x41, 0x00, 0x00, 0x00, 0x00 },  /* 0x52 R */
    { 0x00, 0x00, 0x3C, 0x42, 0x40, 0x40, 0x30, 0x0C, 0x02, 0x02, 0x42, 0x7C, 0x00, 0x00, 0x00, 0x00 },  /* 0x53 S */
    { 0x00, 0x00, 0xFE, 0x10, 0x10, 0x10, 0x10, 0x10, 0x10, 0x10, 0x10, 0x10, 0x00, 0x00, 0x00, 0x00 },  /* 0x54 T */
    { 0x00, 0x00, 0x42, 0x42, 0x42, 0x42, 0x42, 0x42, 0x42, 0x42, 0x42, 0x3C, 0x00, 0x00, 0x00, 0x00 },  /* 0x55 U */
    { 0x00, 0x00, 0x82, 0x82, 0x44, 0x44, 0x44, 0x64, 0x28, 0x28, 0x38, 0x10, 0x00, 0x00, 0x00, 0x00 },  /* 0x56 V */
    { 0x00, 0x00, 0x42, 0x42, 0x42, 0x42, 0x5A, 0x5A, 0x5A, 0x66, 0x66, 0x42, 0x00, 0x00, 0x00, 0x00 },  /* 0x57 W */
    { 0x00, 0x00, 0x82, 0x44, 0x48, 0x28, 0x10, 0x10, 0x28, 0x44, 0x44, 0x82, 0x00, 0x00, 0x00, 0x00 },  /* 0x58 X */
    { 0x00, 0x00, 0x82, 0x44, 0x44, 0x28, 0x28, 0x10, 0x10, 0x10, 0x10, 0x10, 0x00, 0x00, 0x00, 0x00 },  /* 0x59 Y */
    { 0x00, 0x00, 0x7E, 0x02, 0x04, 0x08, 0x08, 0x10, 0x30, 0x20, 0x40, 0x7E, 0x00, 0x00, 0x00, 0x00 },  /* 0x5A Z */
    { 0x00, 0x00, 0x3C, 0x20, 0x20, 0x20, 0x20, 0x20, 0x20, 0x20, 0x20, 0x20, 0x20, 0x20, 0x3C, 0x00 },  /* 0x5B [ */
    { 0x00, 0x40, 0x20, 0x20, 0x20, 0x10, 0x10, 0x10, 0x08, 0x08, 0x08, 0x04, 0x04, 0x04, 0x02, 0x00 },  /* 0x5C \ */
    { 0x00, 0x00, 0x3C, 0x04, 0x04, 0x04, 0x04, 0x04, 0x04, 0x04, 0x04, 0x04, 0x04, 0x04, 0x3C, 0x00 },  /* 0x5D ] */
    { 0x00, 0x00, 0x08, 0x14, 0x22, 0x22, 0x41, 0x00, 0x00, 0x00, 0x00, 0x00, 0x00, 0x00, 0x00, 0x00 },  /* 0x5E ^ */
    { 0x00, 0x00, 0x00, 0x00, 0x00, 0x00, 0x00, 0x00, 0x00, 0x00, 0x00, 0x00, 0x00, 0x00, 0xFF, 0x00 },  /* 0x5F _ */
    { 0x00, 0x20, 0x10, 0x08, 0x00, 0x00, 0x00, 0x00, 0x00, 0x00, 0x00, 0x00, 0x00, 0x00, 0x00, 0x00 },  /* 0x60 ` */
    { 0x00, 0x00, 0x00, 0x00, 0x00, 0x3C, 0x02, 0x02, 0x3E, 0x42, 0x42, 0x3E, 0x00, 0x00, 0x00, 0x00 },  /* 0x61 a */
    { 0x00, 0x40, 0x40, 0x40, 0x40, 0x7C, 0x42, 0x42, 0x42, 0x42, 0x42, 0x7C, 0x00, 0x00, 0x00, 0x00 },  /* 0x62 b */
    { 0x00, 0x00, 0x00, 0x00, 0x00, 0x1E, 0x20, 0x40, 0x40, 0x40, 0x20, 0x1E, 0x00, 0x00, 0x00, 0x00 },  /* 0x63 c */
    { 0x00, 0x02, 0x02, 0x02, 0x02, 0x1E, 0x22, 0x42, 0x42, 0x42, 0x22, 0x3E, 0x00, 0x00, 0x00, 0x00 },  /* 0x64 d */
    { 0x00, 0x00, 0x00, 0x00, 0x00, 0x3C, 0x42, 0x42, 0x7E, 0x40, 0x40, 0x3C, 0x00, 0x00, 0x00, 0x00 },  /* 0x65 e */
    { 0x00, 0x0F, 0x10, 0x10, 0x10, 0x7E, 0x10, 0x10, 0x10, 0x10, 0x10, 0x10, 0x00, 0x00, 0x00, 0x00 },  /* 0x66 f */
    { 0x00, 0x00, 0x00, 0x00, 0x00, 0x3E, 0x42, 0x42, 0x42, 0x42, 0x42, 0x3E, 0x02, 0x02, 0x7C, 0x00 },  /* 0x67 g */
    { 0x00, 0x40, 0x40, 0x40, 0x40, 0x7C, 0x42, 0x42, 0x42, 0x42, 0x42, 0x42, 0x00, 0x00, 0x00, 0x00 },  /* 0x68 h */
    { 0x00, 0x00, 0x00, 0x10, 0x00, 0x70, 0x10, 0x10, 0x10, 0x10, 0x10, 0x0E, 0x00, 0x00, 0x00, 0x00 },  /* 0x69 i */
    { 0x00, 0x00, 0x00, 0x08, 0x00, 0x3C, 0x04, 0x04, 0x04, 0x04, 0x04, 0x04, 0x04, 0x04, 0x78, 0x00 },  /* 0x6A j */
    { 0x00, 0x40, 0x40, 0x40, 0x40, 0x44, 0x48, 0x50, 0x60, 0x50, 0x4C, 0x46, 0x00, 0x00, 0x00, 0x00 },  /* 0x6B k */
    { 0x00, 0x70, 0x10, 0x10, 0x10, 0x10, 0x10, 0x10, 0x10, 0x10, 0x10, 0x0E, 0x00, 0x00, 0x00, 0x00 },  /* 0x6C l */
    { 0x00, 0x00, 0x00, 0x00, 0x00, 0x7C, 0x4A, 0x4A, 0x4A, 0x42, 0x42, 0x42, 0x00, 0x00, 0x00, 0x00 },  /* 0x6D m */
    { 0x00, 0x00, 0x00, 0x00, 0x00, 0x7C, 0x42, 0x42, 0x42, 0x42, 0x42, 0x42, 0x00, 0x00, 0x00, 0x00 },  /* 0x6E n */
    { 0x00, 0x00, 0x00, 0x00, 0x00, 0x3C, 0x42, 0x42, 0x42, 0x42, 0x42, 0x3C, 0x00, 0x00, 0x00, 0x00 },  /* 0x6F o */
    { 0x00, 0x00, 0x00, 0x00, 0x00, 0x78, 0x44, 0x42, 0x42, 0x42, 0x44, 0x78, 0x40, 0x40, 0x40, 0x00 },  /* 0x70 p */
    { 0x00, 0x00, 0x00, 0x00, 0x00, 0x1E, 0x22, 0x42, 0x42, 0x42, 0x22, 0x1E, 0x02, 0x02, 0x02, 0x00 },  /* 0x71 q */
    { 0x00, 0x00, 0x00, 0x00, 0x00, 0x3E, 0x20, 0x20, 0x20, 0x20, 0x20, 0x20, 0x00, 0x00, 0x00, 0x00 },  /* 0x72 r */
    { 0x00, 0x00, 0x00, 0x00, 0x00, 0x3E, 0x40, 0x40, 0x3C, 0x02, 0x42, 0x3C, 0x00, 0x00, 0x00, 0x00 },  /* 0x73 s */
    { 0x00, 0x00, 0x00, 0x10, 0x10, 0x7E, 0x10, 0x10, 0x10, 0x10, 0x10, 0x0E, 0x00, 0x00, 0x00, 0x00 },  /* 0x74 t */
    { 0x00, 0x00, 0x00, 0x00, 0x00, 0x42, 0x42, 0x42, 0x42, 0x42, 0x42, 0x3E, 0x00, 0x00, 0x00, 0x00 },  /* 0x75 u */
    { 0x00, 0x00, 0x00, 0x00, 0x00, 0x82, 0x44, 0x44, 0x44, 0x28, 0x28, 0x10, 0x00, 0x00, 0x00, 0x00 },  /* 0x76 v */
    { 0x00, 0x00, 0x00, 0x00, 0x00, 0x82, 0x82, 0x82, 0x92, 0x6C, 0x64, 0x44, 0x00, 0x00, 0x00, 0x00 },  /* 0x77 w */
    { 0x00, 0x00, 0x00, 0x00, 0x00, 0x82, 0x44, 0x28, 0x10, 0x28, 0x44, 0x82, 0x00, 0x00, 0x00, 0x00 },  /* 0x78 x */
    { 0x00, 0x00, 0x00, 0x00, 0x00, 0x42, 0x42, 0x24, 0x24, 0x14, 0x18, 0x08, 0x08, 0x10, 0x60, 0x00 },  /* 0x79 y */
    { 0x00, 0x00, 0x00, 0x00, 0x00, 0x7E, 0x04, 0x08, 0x10, 0x20, 0x20, 0x7E, 0x00, 0x00, 0x00, 0x00 },  /* 0x7A z */
    { 0x00, 0x0E, 0x10, 0x10, 0x10, 0x10, 0x10, 0x10, 0x60, 0x10, 0x10, 0x10, 0x10, 0x10, 0x0E, 0x00 },  /* 0x7B { */
    { 0x00, 0x10, 0x10, 0x10, 0x10, 0x10, 0x10, 0x10, 0x10, 0x10, 0x10, 0x10, 0x10, 0x10, 0x10, 0x00 },  /* 0x7C | */
    { 0x00, 0x70, 0x08, 0x08, 0x08, 0x08, 0x08, 0x08, 0x06, 0x08, 0x08, 0x08, 0x08, 0x08, 0x70, 0x00 },  /* 0x7D } */
    { 0x00, 0x00, 0x00, 0x00, 0x00, 0x00, 0x00, 0x31, 0x4E, 0x00, 0x00, 0x00, 0x00, 0x00, 0x00, 0x00 },  /* 0x7E ~ */
    { 0x7E, 0x42, 0x42, 0x42, 0x42, 0x42, 0x42, 0x42, 0x42, 0x42, 0x42, 0x7E, 0x00, 0x00, 0x00, 0x00 },  /* 0x7F   */
    { 0x7E, 0x42, 0x42, 0x42, 0x42, 0x42, 0x42, 0x42, 0x42, 0x42, 0x42, 0x7E, 0x00, 0x00, 0x00, 0x00 },  /* 0x80   */
    { 0x7E, 0x42, 0x42, 0x42, 0x42, 0x42, 0x42, 0x42, 0x42, 0x42, 0x42, 0x7E, 0x00, 0x00, 0x00, 0x00 },  /* 0x81   */
    { 0x7E, 0x42, 0x42, 0x42, 0x42, 0x42, 0x42, 0x42, 0x42, 0x42, 0x42, 0x7E, 0x00, 0x00, 0x00, 0x00 },  /* 0x82   */
    { 0x7E, 0x42, 0x42, 0x42, 0x42, 0x42, 0x42, 0x42, 0x42, 0x42, 0x42, 0x7E, 0x00, 0x00, 0x00, 0x00 },  /* 0x83   */
    { 0x7E, 0x42, 0x42, 0x42, 0x42, 0x42, 0x42, 0x42, 0x42, 0x42, 0x42, 0x7E, 0x00, 0x00, 0x00, 0x00 },  /* 0x84   */
    { 0x7E, 0x42, 0x42, 0x42, 0x42, 0x42, 0x42, 0x42, 0x42, 0x42, 0x42, 0x7E, 0x00, 0x00, 0x00, 0x00 },  /* 0x85   */
    { 0x7E, 0x42, 0x42, 0x42, 0x42, 0x42, 0x42, 0x42, 0x42, 0x42, 0x42, 0x7E, 0x00, 0x00, 0x00, 0x00 },  /* 0x86   */
    { 0x7E, 0x42, 0x42, 0x42, 0x42, 0x42, 0x42, 0x42, 0x42, 0x42, 0x42, 0x7E, 0x00, 0x00, 0x00, 0x00 },  /* 0x87   */
    { 0x7E, 0x42, 0x42, 0x42, 0x42, 0x42, 0x42, 0x42, 0x42, 0x42, 0x42, 0x7E, 0x00, 0x00, 0x00, 0x00 },  /* 0x88   */
    { 0x7E, 0x42, 0x42, 0x42, 0x42, 0x42, 0x42, 0x42, 0x42, 0x42, 0x42, 0x7E, 0x00, 0x00, 0x00, 0x00 },  /* 0x89   */
    { 0x7E, 0x42, 0x42, 0x42, 0x42, 0x42, 0x42, 0x42, 0x42, 0x42, 0x42, 0x7E, 0x00, 0x00, 0x00, 0x00 },  /* 0x8A   */
    { 0x7E, 0x42, 0x42, 0x42, 0x42, 0x42, 0x42, 0x42, 0x42, 0x42, 0x42, 0x7E, 0x00, 0x00, 0x00, 0x00 },  /* 0x8B   */
    { 0x7E, 0x42, 0x42, 0x42, 0x42, 0x42, 0x42, 0x42, 0x42, 0x42, 0x42, 0x7E, 0x00, 0x00, 0x00, 0x00 },  /* 0x8C   */
    { 0x7E, 0x42, 0x42, 0x42, 0x42, 0x42, 0x42, 0x42, 0x42, 0x42, 0x42, 0x7E, 0x00, 0x00, 0x00, 0x00 },  /* 0x8D   */
    { 0x7E, 0x42, 0x42, 0x42, 0x42, 0x42, 0x42, 0x42, 0x42, 0x42, 0x42, 0x7E, 0x00, 0x00, 0x00, 0x00 },  /* 0x8E   */
    { 0x7E, 0x42, 0x42, 0x42, 0x42, 0x42, 0x42, 0x42, 0x42, 0x42, 0x42, 0x7E, 0x00, 0x00, 0x00, 0x00 },  /* 0x8F   */
    { 0x7E, 0x42, 0x42, 0x42, 0x42, 0x42, 0x42, 0x42, 0x42, 0x42, 0x42, 0x7E, 0x00, 0x00, 0x00, 0x00 },  /* 0x90   */
    { 0x7E, 0x42, 0x42, 0x42, 0x42, 0x42, 0x42, 0x42, 0x42, 0x42, 0x42, 0x7E, 0x00, 0x00, 0x00, 0x00 },  /* 0x91   */
    { 0x7E, 0x42, 0x42, 0x42, 0x42, 0x42, 0x42, 0x42, 0x42, 0x42, 0x42, 0x7E, 0x00, 0x00, 0x00, 0x00 },  /* 0x92   */
    { 0x7E, 0x42, 0x42, 0x42, 0x42, 0x42, 0x42, 0x42, 0x42, 0x42, 0x42, 0x7E, 0x00, 0x00, 0x00, 0x00 },  /* 0x93   */
    { 0x7E, 0x42, 0x42, 0x42, 0x42, 0x42, 0x42, 0x42, 0x42, 0x42, 0x42, 0x7E, 0x00, 0x00, 0x00, 0x00 },  /* 0x94   */
    { 0x7E, 0x42, 0x42, 0x42, 0x42, 0x42, 0x42, 0x42, 0x42, 0x42, 0x42, 0x7E, 0x00, 0x00, 0x00, 0x00 },  /* 0x95   */
    { 0x7E, 0x42, 0x42, 0x42, 0x42, 0x42, 0x42, 0x42, 0x42, 0x42, 0x42, 0x7E, 0x00, 0x00, 0x00, 0x00 },  /* 0x96   */
    { 0x7E, 0x42, 0x42, 0x42, 0x42, 0x42, 0x42, 0x42, 0x42, 0x42, 0x42, 0x7E, 0x00, 0x00, 0x00, 0x00 },  /* 0x97   */
    { 0x7E, 0x42, 0x42, 0x42, 0x42, 0x42, 0x42, 0x42, 0x42, 0x42, 0x42, 0x7E, 0x00, 0x00, 0x00, 0x00 },  /* 0x98   */
    { 0x7E, 0x42, 0x42, 0x42, 0x42, 0x42, 0x42, 0x42, 0x42, 0x42, 0x42, 0x7E, 0x00, 0x00, 0x00, 0x00 },  /* 0x99   */
    { 0x7E, 0x42, 0x42, 0x42, 0x42, 0x42, 0x42, 0x42, 0x42, 0x42, 0x42, 0x7E, 0x00, 0x00, 0x00, 0x00 },  /* 0x9A   */
    { 0x7E, 0x42, 0x42, 0x42, 0x42, 0x42, 0x42, 0x42, 0x42, 0x42, 0x42, 0x7E, 0x00, 0x00, 0x00, 0x00 },  /* 0x9B   */
    { 0x7E, 0x42, 0x42, 0x42, 0x42, 0x42, 0x42, 0x42, 0x42, 0x42, 0x42, 0x7E, 0x00, 0x00, 0x00, 0x00 },  /* 0x9C   */
    { 0x7E, 0x42, 0x42, 0x42, 0x42, 0x42, 0x42, 0x42, 0x42, 0x42, 0x42, 0x7E, 0x00, 0x00, 0x00, 0x00 },  /* 0x9D   */
    { 0x7E, 0x42, 0x42, 0x42, 0x42, 0x42, 0x42, 0x42, 0x42, 0x42, 0x42, 0x7E, 0x00, 0x00, 0x00, 0x00 },  /* 0x9E   */
    { 0x7E, 0x42, 0x42, 0x42, 0x42, 0x42, 0x42, 0x42, 0x42, 0x42, 0x42, 0x7E, 0x00, 0x00, 0x00, 0x00 },  /* 0x9F   */
    { 0x00, 0x00, 0x00, 0x00, 0x00, 0x00, 0x00, 0x00, 0x00, 0x00, 0x00, 0x00, 0x00, 0x00, 0x00, 0x00 },  /* 0xA0   */
    { 0x00, 0x00, 0x00, 0x00, 0x00, 0x10, 0x00, 0x10, 0x10, 0x10, 0x10, 0x10, 0x10, 0x10, 0x10, 0x00 },  /* 0xA1   */
    { 0x00, 0x00, 0x08, 0x08, 0x1E, 0x20, 0x40, 0x40, 0x40, 0x40, 0x20, 0x1E, 0x08, 0x08, 0x00, 0x00 },  /* 0xA2   */
    { 0x00, 0x00, 0x1E, 0x20, 0x20, 0x20, 0x20, 0x7C, 0x20, 0x20, 0x20, 0x3E, 0x00, 0x00, 0x00, 0x00 },  /* 0xA3   */
    { 0x00, 0x00, 0x00, 0x00, 0x81, 0x7E, 0x42, 0x42, 0x42, 0x7E, 0x81, 0x00, 0x00, 0x00, 0x00, 0x00 },  /* 0xA4   */
    { 0x00, 0x00, 0x82, 0x44, 0x24, 0x28, 0x18, 0x7C, 0x10, 0x7C, 0x10, 0x10, 0x00, 0x00, 0x00, 0x00 },  /* 0xA5   */
    { 0x00, 0x10, 0x10, 0x10, 0x10, 0x10, 0x00, 0x00, 0x00, 0x00, 0x10, 0x10, 0x10, 0x10, 0x10, 0x00 },  /* 0xA6   */
    { 0x00, 0x00, 0x3E, 0x40, 0x40, 0x30, 0x4C, 0x42, 0x42, 0x36, 0x0C, 0x02, 0x02, 0x7C, 0x00, 0x00 },  /* 0xA7   */
    { 0x00, 0x28, 0x28, 0x00, 0x00, 0x00, 0x00, 0x00, 0x00, 0x00, 0x00, 0x00, 0x00, 0x00, 0x00, 0x00 },  /* 0xA8   */
    { 0x00, 0x00, 0x00, 0x00, 0x18, 0x24, 0x5A, 0x52, 0x52, 0x5A, 0x24, 0x18, 0x00, 0x00, 0x00, 0x00 },  /* 0xA9   */
    { 0x00, 0x00, 0x18, 0x04, 0x1C, 0x24, 0x1C, 0x00, 0x00, 0x00, 0x00, 0x00, 0x00, 0x00, 0x00, 0x00 },  /* 0xAA   */
    { 0x00, 0x00, 0x00, 0x00, 0x00, 0x12, 0x24, 0x48, 0x24, 0x12, 0x00, 0x00, 0x00, 0x00, 0x00, 0x00 },  /* 0xAB   */
    { 0x00, 0x00, 0x00, 0x00, 0x00, 0x00, 0x00, 0x7F, 0x01, 0x01, 0x01, 0x01, 0x00, 0x00, 0x00, 0x00 },  /* 0xAC   */
    { 0x00, 0x00, 0x00, 0x00, 0x00, 0x00, 0x00, 0x00, 0x00, 0x00, 0x00, 0x00, 0x00, 0x00, 0x00, 0x00 },  /* 0xAD   */
    { 0x00, 0x00, 0x00, 0x00, 0x18, 0x24, 0x5A, 0x5A, 0x5A, 0x5A, 0x24, 0x18, 0x00, 0x00, 0x00, 0x00 },  /* 0xAE   */
    { 0x00, 0x00, 0x3C, 0x00, 0x00, 0x00, 0x00, 0x00, 0x00, 0x00, 0x00, 0x00, 0x00, 0x00, 0x00, 0x00 },  /* 0xAF   */
    { 0x00, 0x18, 0x24, 0x24, 0x18, 0x00, 0x00, 0x00, 0x00, 0x00, 0x00, 0x00, 0x00, 0x00, 0x00, 0x00 },  /* 0xB0   */
    { 0x00, 0x00, 0x00, 0x10, 0x10, 0x10, 0xFE, 0x10, 0x10, 0x10, 0x00, 0xFE, 0x00, 0x00, 0x00, 0x00 },  /* 0xB1   */
    { 0x00, 0x00, 0x18, 0x24, 0x08, 0x10, 0x3C, 0x00, 0x00, 0x00, 0x00, 0x00, 0x00, 0x00, 0x00, 0x00 },  /* 0xB2   */
    { 0x00, 0x00, 0x38, 0x04, 0x18, 0x04, 0x38, 0x00, 0x00, 0x00, 0x00, 0x00, 0x00, 0x00, 0x00, 0x00 },  /* 0xB3   */
    { 0x00, 0x04, 0x08, 0x10, 0x00, 0x00, 0x00, 0x00, 0x00, 0x00, 0x00, 0x00, 0x00, 0x00, 0x00, 0x00 },  /* 0xB4   */
    { 0x00, 0x00, 0x00, 0x00, 0x00, 0x42, 0x42, 0x42, 0x42, 0x42, 0x42, 0x7E, 0x40, 0x40, 0x40, 0x00 },  /* 0xB5   */
    { 0x00, 0x00, 0x3E, 0xFA, 0xFA, 0xFA, 0xFA, 0x3A, 0x0A, 0x0A, 0x0A, 0x0A, 0x0A, 0x0A, 0x0A, 0x00 },  /* 0xB6   */
    { 0x00, 0x00, 0x00, 0x00, 0x00, 0x00, 0x00, 0x00, 0x10, 0x00, 0x00, 0x00, 0x00, 0x00, 0x00, 0x00 },  /* 0xB7   */
    { 0x00, 0x00, 0x00, 0x00, 0x00, 0x00, 0x00, 0x00, 0x00, 0x00, 0x00, 0x00, 0x10, 0x08, 0x38, 0x00 },  /* 0xB8   */
    { 0x00, 0x00, 0x18, 0x38, 0x08, 0x08, 0x3C, 0x00, 0x00, 0x00, 0x00, 0x00, 0x00, 0x00, 0x00, 0x00 },  /* 0xB9   */
    { 0x00, 0x00, 0x38, 0x44, 0x44, 0x44, 0x38, 0x00, 0x00, 0x00, 0x00, 0x00, 0x00, 0x00, 0x00, 0x00 },  /* 0xBA   */
    { 0x00, 0x00, 0x00, 0x00, 0x00, 0x48, 0x24, 0x12, 0x24, 0x48, 0x00, 0x00, 0x00, 0x00, 0x00, 0x00 },  /* 0xBB   */
    { 0x00, 0x00, 0x41, 0xC2, 0x44, 0x44, 0x08, 0x16, 0x26, 0x2A, 0x4F, 0x82, 0x00, 0x00, 0x00, 0x00 },  /* 0xBC   */
    { 0x00, 0x00, 0x42, 0xC4, 0x48, 0x48, 0x10, 0x16, 0x21, 0x41, 0x46, 0x87, 0x00, 0x00, 0x00, 0x00 },  /* 0xBD   */
    { 0x00, 0x00, 0xE1, 0x42, 0x24, 0xC4, 0x08, 0x16, 0x26, 0x2A, 0x4F, 0x82, 0x00, 0x00, 0x00, 0x00 },  /* 0xBE   */
    { 0x00, 0x00, 0x00, 0x00, 0x00, 0x10, 0x00, 0x10, 0x10, 0x20, 0x40, 0x40, 0x40, 0x40, 0x38, 0x00 },  /* 0xBF   */
    { 0x08, 0x00, 0x10, 0x28, 0x28, 0x28, 0x44, 0x44, 0x7C, 0x44, 0x82, 0x82, 0x00, 0x00, 0x00, 0x00 },  /* 0xC0   */
    { 0x20, 0x00, 0x10, 0x28, 0x28, 0x28, 0x44, 0x44, 0x7C, 0x44, 0x82, 0x82, 0x00, 0x00, 0x00, 0x00 },  /* 0xC1   */
    { 0x44, 0x00, 0x10, 0x28, 0x28, 0x28, 0x44, 0x44, 0x7C, 0x44, 0x82, 0x82, 0x00, 0x00, 0x00, 0x00 },  /* 0xC2   */
    { 0x50, 0x00, 0x10, 0x28, 0x28, 0x28, 0x44, 0x44, 0x7C, 0x44, 0x82, 0x82, 0x00, 0x00, 0x00, 0x00 },  /* 0xC3   */
    { 0x28, 0x00, 0x10, 0x28, 0x28, 0x28, 0x44, 0x44, 0x7C, 0x44, 0x82, 0x82, 0x00, 0x00, 0x00, 0x00 },  /* 0xC4   */
    { 0x24, 0x24, 0x18, 0x18, 0x24, 0x24, 0x24, 0x42, 0x7E, 0x42, 0x83, 0x81, 0x00, 0x00, 0x00, 0x00 },  /* 0xC5   */
    { 0x00, 0x00, 0x1E, 0x18, 0x28, 0x28, 0x2C, 0x48, 0x78, 0x48, 0x88, 0x8E, 0x00, 0x00, 0x00, 0x00 },  /* 0xC6   */
    { 0x00, 0x00, 0x1C, 0x22, 0x40, 0x40, 0x40, 0x40, 0x40, 0x40, 0x22, 0x1C, 0x08, 0x04, 0x18, 0x00 },  /* 0xC7   */
    { 0x08, 0x00, 0x7E, 0x40, 0x40, 0x40, 0x7C, 0x40, 0x40, 0x40, 0x40, 0x7E, 0x00, 0x00, 0x00, 0x00 },  /* 0xC8   */
    { 0x10, 0x00, 0x7E, 0x40, 0x40, 0x40, 0x7C, 0x40, 0x40, 0x40, 0x40, 0x7E, 0x00, 0x00, 0x00, 0x00 },  /* 0xC9   */
    { 0x44, 0x00, 0x7E, 0x40, 0x40, 0x40, 0x7C, 0x40, 0x40, 0x40, 0x40, 0x7E, 0x00, 0x00, 0x00, 0x00 },  /* 0xCA   */
    { 0x28, 0x00, 0x7E, 0x40, 0x40, 0x40, 0x7C, 0x40, 0x40, 0x40, 0x40, 0x7E, 0x00, 0x00, 0x00, 0x00 },  /* 0xCB   */
    { 0x08, 0x00, 0x7C, 0x10, 0x10, 0x10, 0x10, 0x10, 0x10, 0x10, 0x10, 0x7C, 0x00, 0x00, 0x00, 0x00 },  /* 0xCC   */
    { 0x20, 0x00, 0x7C, 0x10, 0x10, 0x10, 0x10, 0x10, 0x10, 0x10, 0x10, 0x7C, 0x00, 0x00, 0x00, 0x00 },  /* 0xCD   */
    { 0x44, 0x00, 0x7C, 0x10, 0x10, 0x10, 0x10, 0x10, 0x10, 0x10, 0x10, 0x7C, 0x00, 0x00, 0x00, 0x00 },  /* 0xCE   */
    { 0x28, 0x00, 0x7C, 0x10, 0x10, 0x10, 0x10, 0x10, 0x10, 0x10, 0x10, 0x7C, 0x00, 0x00, 0x00, 0x00 },  /* 0xCF   */
    { 0x00, 0x00, 0x78, 0x44, 0x42, 0x42, 0xF2, 0x42, 0x42, 0x42, 0x44, 0x78, 0x00, 0x00, 0x00, 0x00 },  /* 0xD0   */
    { 0x28, 0x00, 0x42, 0x62, 0x62, 0x52, 0x5A, 0x4A, 0x4A, 0x46, 0x46, 0x42, 0x00, 0x00, 0x00, 0x00 },  /* 0xD1   */
    { 0x04, 0x00, 0x18, 0x24, 0x42, 0x42, 0x42, 0x42, 0x42, 0x42, 0x24, 0x18, 0x00, 0x00, 0x00, 0x00 },  /* 0xD2   */
    { 0x10, 0x00, 0x18, 0x24, 0x42, 0x42, 0x42, 0x42, 0x42, 0x42, 0x24, 0x18, 0x00, 0x00, 0x00, 0x00 },  /* 0xD3   */
    { 0x44, 0x00, 0x18, 0x24, 0x42, 0x42, 0x42, 0x42, 0x42, 0x42, 0x24, 0x18, 0x00, 0x00, 0x00, 0x00 },  /* 0xD4   */
    { 0x28, 0x00, 0x18, 0x24, 0x42, 0x42, 0x42, 0x42, 0x42, 0x42, 0x24, 0x18, 0x00, 0x00, 0x00, 0x00 },  /* 0xD5   */
    { 0x14, 0x00, 0x18, 0x24, 0x42, 0x42, 0x42, 0x42, 0x42, 0x42, 0x24, 0x18, 0x00, 0x00, 0x00, 0x00 },  /* 0xD6   */
    { 0x00, 0x00, 0x00, 0x00, 0x00, 0x42, 0x24, 0x18, 0x18, 0x24, 0x42, 0x00, 0x00, 0x00, 0x00, 0x00 },  /* 0xD7   */
    { 0x00, 0x00, 0x34, 0x4C, 0x8A, 0x92, 0x92, 0xA2, 0xA2, 0xC2, 0x44, 0xB8, 0x00, 0x00, 0x00, 0x00 },  /* 0xD8   */
    { 0x08, 0x00, 0x42, 0x42, 0x42, 0x42, 0x42, 0x42, 0x42, 0x42, 0x42, 0x3C, 0x00, 0x00, 0x00, 0x00 },  /* 0xD9   */
    { 0x10, 0x00, 0x42, 0x42, 0x42, 0x42, 0x42, 0x42, 0x42, 0x42, 0x42, 0x3C, 0x00, 0x00, 0x00, 0x00 },  /* 0xDA   */
    { 0x44, 0x00, 0x42, 0x42, 0x42, 0x42, 0x42, 0x42, 0x42, 0x42, 0x42, 0x3C, 0x00, 0x00, 0x00, 0x00 },  /* 0xDB   */
    { 0x14, 0x00, 0x42, 0x42, 0x42, 0x42, 0x42, 0x42, 0x42, 0x42, 0x42, 0x3C, 0x00, 0x00, 0x00, 0x00 },  /* 0xDC   */
    { 0x20, 0x00, 0x82, 0x44, 0x44, 0x28, 0x28, 0x10, 0x10, 0x10, 0x10, 0x10, 0x00, 0x00, 0x00, 0x00 },  /* 0xDD   */
    { 0x00, 0x00, 0x40, 0x40, 0x7C, 0x42, 0x42, 0x42, 0x42, 0x7C, 0x40, 0x40, 0x00, 0x00, 0x00, 0x00 },  /* 0xDE   */
    { 0x00, 0x38, 0x44, 0x44, 0x48, 0x50, 0x50, 0x48, 0x44, 0x42, 0x42, 0x5C, 0x00, 0x00, 0x00, 0x00 },  /* 0xDF   */
    { 0x00, 0x10, 0x08, 0x04, 0x00, 0x3C, 0x02, 0x02, 0x3E, 0x42, 0x42, 0x3E, 0x00, 0x00, 0x00, 0x00 },  /* 0xE0   */
    { 0x00, 0x04, 0x08, 0x10, 0x00, 0x3C, 0x02, 0x02, 0x3E, 0x42, 0x42, 0x3E, 0x00, 0x00, 0x00, 0x00 },  /* 0xE1   */
    { 0x00, 0x08, 0x14, 0x22, 0x00, 0x3C, 0x02, 0x02, 0x3E, 0x42, 0x42, 0x3E, 0x00, 0x00, 0x00, 0x00 },  /* 0xE2   */
    { 0x00, 0x14, 0x28, 0x00, 0x00, 0x3C, 0x02, 0x02, 0x3E, 0x42, 0x42, 0x3E, 0x00, 0x00, 0x00, 0x00 },  /* 0xE3   */
    { 0x00, 0x14, 0x14, 0x00, 0x00, 0x3C, 0x02, 0x02, 0x3E, 0x42, 0x42, 0x3E, 0x00, 0x00, 0x00, 0x00 },  /* 0xE4   */
    { 0x18, 0x24, 0x24, 0x18, 0x00, 0x3C, 0x02, 0x02, 0x3E, 0x42, 0x42, 0x3E, 0x00, 0x00, 0x00, 0x00 },  /* 0xE5   */
    { 0x00, 0x00, 0x00, 0x00, 0x00, 0x6C, 0x12, 0x12, 0x3E, 0x50, 0x50, 0x7E, 0x00, 0x00, 0x00, 0x00 },  /* 0xE6   */
    { 0x00, 0x00, 0x00, 0x00, 0x00, 0x1E, 0x20, 0x40, 0x40, 0x40, 0x20, 0x1E, 0x08, 0x04, 0x18, 0x00 },  /* 0xE7   */
    { 0x00, 0x20, 0x10, 0x08, 0x00, 0x3C, 0x42, 0x42, 0x7E, 0x40, 0x40, 0x3C, 0x00, 0x00, 0x00, 0x00 },  /* 0xE8   */
    { 0x00, 0x04, 0x08, 0x10, 0x00, 0x3C, 0x42, 0x42, 0x7E, 0x40, 0x40, 0x3C, 0x00, 0x00, 0x00, 0x00 },  /* 0xE9   */
    { 0x00, 0x08, 0x14, 0x22, 0x00, 0x3C, 0x42, 0x42, 0x7E, 0x40, 0x40, 0x3C, 0x00, 0x00, 0x00, 0x00 },  /* 0xEA   */
    { 0x00, 0x14, 0x14, 0x00, 0x00, 0x3C, 0x42, 0x42, 0x7E, 0x40, 0x40, 0x3C, 0x00, 0x00, 0x00, 0x00 },  /* 0xEB   */
    { 0x00, 0x20, 0x10, 0x08, 0x00, 0x70, 0x10, 0x10, 0x10, 0x10, 0x10, 0x0E, 0x00, 0x00, 0x00, 0x00 },  /* 0xEC   */
    { 0x00, 0x08, 0x10, 0x20, 0x00, 0x70, 0x10, 0x10, 0x10, 0x10, 0x10, 0x0E, 0x00, 0x00, 0x00, 0x00 },  /* 0xED   */
    { 0x00, 0x10, 0x28, 0x44, 0x00, 0x70, 0x10, 0x10, 0x10, 0x10, 0x10, 0x0E, 0x00, 0x00, 0x00, 0x00 },  /* 0xEE   */
    { 0x00, 0x28, 0x28, 0x00, 0x00, 0x70, 0x10, 0x10, 0x10, 0x10, 0x10, 0x0E, 0x00, 0x00, 0x00, 0x00 },  /* 0xEF   */
    { 0x00, 0x10, 0x0F, 0x1C, 0x04, 0x1E, 0x22, 0x42, 0x42, 0x42, 0x24, 0x18, 0x00, 0x00, 0x00, 0x00 },  /* 0xF0   */
    { 0x00, 0x14, 0x28, 0x00, 0x00, 0x7C, 0x42, 0x42, 0x42, 0x42, 0x42, 0x42, 0x00, 0x00, 0x00, 0x00 },  /* 0xF1   */
    { 0x00, 0x10, 0x08, 0x04, 0x00, 0x3C, 0x42, 0x42, 0x42, 0x42, 0x42, 0x3C, 0x00, 0x00, 0x00, 0x00 },  /* 0xF2   */
    { 0x00, 0x04, 0x08, 0x10, 0x00, 0x3C, 0x42, 0x42, 0x42, 0x42, 0x42, 0x3C, 0x00, 0x00, 0x00, 0x00 },  /* 0xF3   */
    { 0x00, 0x10, 0x28, 0x44, 0x00, 0x3C, 0x42, 0x42, 0x42, 0x42, 0x42, 0x3C, 0x00, 0x00, 0x00, 0x00 },  /* 0xF4   */
    { 0x00, 0x14, 0x28, 0x00, 0x00, 0x3C, 0x42, 0x42, 0x42, 0x42, 0x42, 0x3C, 0x00, 0x00, 0x00, 0x00 },  /* 0xF5   */
    { 0x00, 0x14, 0x14, 0x00, 0x00, 0x3C, 0x42, 0x42, 0x42, 0x42, 0x42, 0x3C, 0x00, 0x00, 0x00, 0x00 },  /* 0xF6   */
    { 0x00, 0x00, 0x00, 0x00, 0x18, 0x18, 0x00, 0x7E, 0x00, 0x18, 0x18, 0x00, 0x00, 0x00, 0x00, 0x00 },  /* 0xF7   */
    { 0x00, 0x00, 0x00, 0x00, 0x00, 0x3E, 0x46, 0x4A, 0x5A, 0x52, 0x62, 0x7C, 0x00, 0x00, 0x00, 0x00 },  /* 0xF8   */
    { 0x00, 0x20, 0x10, 0x08, 0x00, 0x42, 0x42, 0x42, 0x42, 0x42, 0x42, 0x3E, 0x00, 0x00, 0x00, 0x00 },  /* 0xF9   */
    { 0x00, 0x04, 0x08, 0x10, 0x00, 0x42, 0x42, 0x42, 0x42, 0x42, 0x42, 0x3E, 0x00, 0x00, 0x00, 0x00 },  /* 0xFA   */
    { 0x00, 0x10, 0x28, 0x44, 0x00, 0x42, 0x42, 0x42, 0x42, 0x42, 0x42, 0x3E, 0x00, 0x00, 0x00, 0x00 },  /* 0xFB   */
    { 0x00, 0x14, 0x14, 0x00, 0x00, 0x42, 0x42, 0x42, 0x42, 0x42, 0x42, 0x3E, 0x00, 0x00, 0x00, 0x00 },  /* 0xFC   */
    { 0x00, 0x04, 0x08, 0x10, 0x00, 0x42, 0x42, 0x24, 0x24, 0x14, 0x18, 0x08, 0x08, 0x10, 0x60, 0x00 },  /* 0xFD   */
    { 0x00, 0x40, 0x40, 0x40, 0x40, 0x7C, 0x42, 0x42, 0x42, 0x42, 0x42, 0x7C, 0x40, 0x40, 0x40, 0x00 },  /* 0xFE   */
    { 0x00, 0x14, 0x14, 0x00, 0x00, 0x42, 0x42, 0x24, 0x24, 0x14, 0x18, 0x08, 0x08, 0x10, 0x60, 0x00 },  /* 0xFF   */
};

static const uint8_t glyphs_unifont[FONT_GLYPHS][FONT_HEIGHT] = {
    { 0x00, 0x00, 0x00, 0x00, 0x00, 0x00, 0x00, 0x00, 0x00, 0x00, 0x00, 0x00, 0x00, 0x00, 0x00, 0x00 },  /* 0x20   */
    { 0x00, 0x00, 0x00, 0x08, 0x08, 0x08, 0x08, 0x08, 0x08, 0x08, 0x00, 0x08, 0x08, 0x00, 0x00, 0x00 },  /* 0x21 ! */
    { 0x00, 0x22, 0x22, 0x22, 0x22, 0x00, 0x00, 0x00, 0x00, 0x00, 0x00, 0x00, 0x00, 0x00, 0x00, 0x00 },  /* 0x22 " */
    { 0x00, 0x00, 0x00, 0x12, 0x12, 0x12, 0x7E, 0x24, 0x24, 0x7E, 0x48, 0x48, 0x48, 0x00, 0x00, 0x00 },  /* 0x23 # */
    { 0x00, 0x00, 0x00, 0x08, 0x3E, 0x49, 0x48, 0x38, 0x0E, 0x09, 0x49, 0x3E, 0x08, 0x00, 0x00, 0x00 },  /* 0x24 $ */
    { 0x00, 0x00, 0x00, 0x31, 0x4A, 0x4A, 0x34, 0x08, 0x08, 0x16, 0x29, 0x29, 0x46, 0x00, 0x00, 0x00 },  /* 0x25 % */
    { 0x00, 0x00, 0x00, 0x1C, 0x22, 0x22, 0x14, 0x18, 0x29, 0x45, 0x42, 0x46, 0x39, 0x00, 0x00, 0x00 },  /* 0x26 & */
    { 0x00, 0x08, 0x08, 0x08, 0x08, 0x00, 0x00, 0x00, 0x00, 0x00, 0x00, 0x00, 0x00, 0x00, 0x00, 0x00 },  /* 0x27 ' */
    { 0x00, 0x00, 0x04, 0x08, 0x08, 0x10, 0x10, 0x10, 0x10, 0x10, 0x10, 0x08, 0x08, 0x04, 0x00, 0x00 },  /* 0x28 ( */
    { 0x00, 0x00, 0x20, 0x10, 0x10, 0x08, 0x08, 0x08, 0x08, 0x08, 0x08, 0x10, 0x10, 0x20, 0x00, 0x00 },  /* 0x29 ) */
    { 0x00, 0x00, 0x00, 0x00, 0x00, 0x08, 0x49, 0x2A, 0x1C, 0x2A, 0x49, 0x08, 0x00, 0x00, 0x00, 0x00 },  /* 0x2A * */
    { 0x00, 0x00, 0x00, 0x00, 0x00, 0x08, 0x08, 0x08, 0x7F, 0x08, 0x08, 0x08, 0x00, 0x00, 0x00, 0x00 },  /* 0x2B + */
    { 0x00, 0x00, 0x00, 0x00, 0x00, 0x00, 0x00, 0x00, 0x00, 0x00, 0x00, 0x18, 0x08, 0x08, 0x10, 0x00 },  /* 0x2C , */
    { 0x00, 0x00, 0x00, 0x00, 0x00, 0x00, 0x00, 0x00, 0x3C, 0x00, 0x00, 0x00, 0x00, 0x00, 0x00, 0x00 },  /* 0x2D - */
    { 0x00, 0x00, 0x00, 0x00, 0x00, 0x00, 0x00, 0x00, 0x00, 0x00, 0x00, 0x18, 0x18, 0x00, 0x00, 0x00 },  /* 0x2E . */
    { 0x00, 0x00, 0x00, 0x02, 0x02, 0x04, 0x08, 0x08, 0x10, 0x10, 0x20, 0x40, 0x40, 0x00, 0x00, 0x00 },  /* 0x2F / */
    { 0x00, 0x00, 0x00, 0x18, 0x24, 0x42, 0x46, 0x4A, 0x52, 0x62, 0x42, 0x24, 0x18, 0x00, 0x00, 0x00 },  /* 0x30 0 */
    { 0x00, 0x00, 0x00, 0x08, 0x18, 0x28, 0x08, 0x08, 0x08, 0x08, 0x08, 0x08, 0x3E, 0x00, 0x00, 0x00 },  /* 0x31 1 */
    { 0x00, 0x00, 0x00, 0x3C, 0x42, 0x42, 0x02, 0x0C, 0x10, 0x20, 0x40, 0x40, 0x7E, 0x00, 0x00, 0x00 },  /* 0x32 2 */
    { 0x00, 0x00, 0x00, 0x3C, 0x42, 0x42, 0x02, 0x1C, 0x02, 0x02, 0x42, 0x42, 0x3C, 0x00, 0x00, 0x00 },  /* 0x33 3 */
    { 0x00, 0x00, 0x00, 0x04, 0x0C, 0x14, 0x24, 0x44, 0x44, 0x7E, 0x04, 0x04, 0x04, 0x00, 0x00, 0x00 },  /* 0x34 4 */
    { 0x00, 0x00, 0x00, 0x7E, 0x40, 0x40, 0x40, 0x7C, 0x02, 0x02, 0x02, 0x42, 0x3C, 0x00, 0x00, 0x00 },  /* 0x35 5 */
    { 0x00, 0x00, 0x00, 0x1C, 0x20, 0x40, 0x40, 0x7C, 0x42, 0x42, 0x42, 0x42, 0x3C, 0x00, 0x00, 0x00 },  /* 0x36 6 */
    { 0x00, 0x00, 0x00, 0x7E, 0x02, 0x02, 0x04, 0x04, 0x04, 0x08, 0x08, 0x08, 0x08, 0x00, 0x00, 0x00 },  /* 0x37 7 */
    { 0x00, 0x00, 0x00, 0x3C, 0x42, 0x42, 0x42, 0x3C, 0x42, 0x42, 0x42, 0x42, 0x3C, 0x00, 0x00, 0x00 },  /* 0x38 8 */
    { 0x00, 0x00, 0x00, 0x3C, 0x42, 0x42, 0x42, 0x3E, 0x02, 0x02, 0x02, 0x04, 0x38, 0x00, 0x00, 0x00 },  /* 0x39 9 */
    { 0x00, 0x00, 0x00, 0x00, 0x00, 0x18, 0x18, 0x00, 0x00, 0x00, 0x18, 0x18, 0x00, 0x00, 0x00, 0x00 },  /* 0x3A : */
    { 0x00, 0x00, 0x00, 0x00, 0x00, 0x18, 0x18, 0x00, 0x00, 0x00, 0x18, 0x08, 0x08, 0x10, 0x00, 0x00 },  /* 0x3B ; */
    { 0x00, 0x00, 0x00, 0x00, 0x02, 0x04, 0x08, 0x10, 0x20, 0x10, 0x08, 0x04, 0x02, 0x00, 0x00, 0x00 },  /* 0x3C < */
    { 0x00, 0x00, 0x00, 0x00, 0x00, 0x00, 0x7E, 0x00, 0x00, 0x00, 0x7E, 0x00, 0x00, 0x00, 0x00, 0x00 },  /* 0x3D = */
    { 0x00, 0x00, 0x00, 0x00, 0x40, 0x20, 0x10, 0x08, 0x04, 0x08, 0x10, 0x20, 0x40, 0x00, 0x00, 0x00 },  /* 0x3E > */
    { 0x00, 0x00, 0x00, 0x3C, 0x42, 0x42, 0x02, 0x04, 0x08, 0x08, 0x00, 0x08, 0x08, 0x00, 0x00, 0x00 },  /* 0x3F ? */
    { 0x00, 0x00, 0x00, 0x1C, 0x22, 0x4A, 0x56, 0x52, 0x52, 0x52, 0x4E, 0x20, 0x1E, 0x00, 0x00, 0x00 },  /* 0x40 @ */
    { 0x00, 0x00, 0x00, 0x18, 0x24, 0x24, 0x42, 0x42, 0x7E, 0x42, 0x42, 0x42, 0x42, 0x00, 0x00, 0x00 },  /* 0x41 A */
    { 0x00, 0x00, 0x00, 0x7C, 0x42, 0x42, 0x42, 0x7C, 0x42, 0x42, 0x42, 0x42, 0x7C, 0x00, 0x00, 0x00 },  /* 0x42 B */
    { 0x00, 0x00, 0x00, 0x3C, 0x42, 0x42, 0x40, 0x40, 0x40, 0x40, 0x42, 0x42, 0x3C, 0x00, 0x00, 0x00 },  /* 0x43 C */
    { 0x00, 0x00, 0x00, 0x78, 0x44, 0x42, 0x42, 0x42, 0x42, 0x42, 0x42, 0x44, 0x78, 0x00, 0x00, 0x00 },  /* 0x44 D */
    { 0x00, 0x00, 0x00, 0x7E, 0x40, 0x40, 0x40, 0x7C, 0x40, 0x40, 0x40, 0x40, 0x7E, 0x00, 0x00, 0x00 },  /* 0x45 E */
    { 0x00, 0x00, 0x00, 0x7E, 0x40, 0x40, 0x40, 0x7C, 0x40, 0x40, 0x40, 0x40, 0x40, 0x00, 0x00, 0x00 },  /* 0x46 F */
    { 0x00, 0x00, 0x00, 0x3C, 0x42, 0x42, 0x40, 0x40, 0x4E, 0x42, 0x42, 0x46, 0x3A, 0x00, 0x00, 0x00 },  /* 0x47 G */
    { 0x00, 0x00, 0x00, 0x42, 0x42, 0x42, 0x42, 0x7E, 0x42, 0x42, 0x42, 0x42, 0x42, 0x00, 0x00, 0x00 },  /* 0x48 H */
    { 0x00, 0x00, 0x00, 0x3E, 0x08, 0x08, 0x08, 0x08, 0x08, 0x08, 0x08, 0x08, 0x3E, 0x00, 0x00, 0x00 },  /* 0x49 I */
    { 0x00, 0x00, 0x00, 0x1F, 0x04, 0x04, 0x04, 0x04, 0x04, 0x04, 0x44, 0x44, 0x38, 0x00, 0x00, 0x00 },  /* 0x4A J */
    { 0x00, 0x00, 0x00, 0x42, 0x44, 0x48, 0x50, 0x60, 0x60, 0x50, 0x48, 0x44, 0x42, 0x00, 0x00, 0x00 },  /* 0x4B K */
    { 0x00, 0x00, 0x00, 0x40, 0x40, 0x40, 0x40, 0x40, 0x40, 0x40, 0x40, 0x40, 0x7E, 0x00, 0x00, 0x00 },  /* 0x4C L */
    { 0x00, 0x00, 0x00, 0x42, 0x42, 0x66, 0x66, 0x5A, 0x5A, 0x42, 0x42, 0x42, 0x42, 0x00, 0x00, 0x00 },  /* 0x4D M */
    { 0x00, 0x00, 0x00, 0x42, 0x62, 0x62, 0x52, 0x52, 0x4A, 0x4A, 0x46, 0x46, 0x42, 0x00, 0x00, 0x00 },  /* 0x4E N */
    { 0x00, 0x00, 0x00, 0x3C, 0x42, 0x42, 0x42, 0x42, 0x42, 0x42, 0x42, 0x42, 0x3C, 0x00, 0x00, 0x00 },  /* 0x4F O */
    { 0x00, 0x00, 0x00, 0x7C, 0x42, 0x42, 0x42, 0x7C, 0x40, 0x40, 0x40, 0x40, 0x40, 0x00, 0x00, 0x00 },  /* 0x50 P */
    { 0x00, 0x00, 0x00, 0x3C, 0x42, 0x42, 0x42, 0x42, 0x42, 0x42, 0x5A, 0x66, 0x3C, 0x03, 0x00, 0x00 },  /* 0x51 Q */
    { 0x00, 0x00, 0x00, 0x7C, 0x42, 0x42, 0x42, 0x7C, 0x48, 0x44, 0x44, 0x42, 0x42, 0x00, 0x00, 0x00 },  /* 0x52 R */
    { 0x00, 0x00, 0x00, 0x3C, 0x42, 0x42, 0x40, 0x30, 0x0C, 0x02, 0x42, 0x42, 0x3C, 0x00, 0x00, 0x00 },  /* 0x53 S */
    { 0x00, 0x00, 0x00, 0x7F, 0x08, 0x08, 0x08, 0x08, 0x08, 0x08, 0x08, 0x08, 0x08, 0x00, 0x00, 0x00 },  /* 0x54 T */
    { 0x00, 0x00, 0x00, 0x42, 0x42, 0x42, 0x42, 0x42, 0x42, 0x42, 0x42, 0x42, 0x3C, 0x00, 0x00, 0x00 },  /* 0x55 U */
    { 0x00, 0x00, 0x00, 0x41, 0x41, 0x41, 0x22, 0x22, 0x22, 0x14, 0x14, 0x08, 0x08, 0x00, 0x00, 0x00 },  /* 0x56 V */
    { 0x00, 0x00, 0x00, 0x42, 0x42, 0x42, 0x42, 0x5A, 0x5A, 0x66, 0x66, 0x42, 0x42, 0x00, 0x00, 0x00 },  /* 0x57 W */
    { 0x00, 0x00, 0x00, 0x42, 0x42, 0x24, 0x24, 0x18, 0x18, 0x24, 0x24, 0x42, 0x42, 0x00, 0x00, 0x00 },  /* 0x58 X */
    { 0x00, 0x00, 0x00, 0x41, 0x41, 0x22, 0x22, 0x14, 0x08, 0x08, 0x08, 0x08, 0x08, 0x00, 0x00, 0x00 },  /* 0x59 Y */
    { 0x00, 0x00, 0x00, 0x7E, 0x02, 0x02, 0x04, 0x08, 0x10, 0x20, 0x40, 0x40, 0x7E, 0x00, 0x00, 0x00 },  /* 0x5A Z */
    { 0x00, 0x00, 0x0E, 0x08, 0x08, 0x08, 0x08, 0x08, 0x08, 0x08, 0x08, 0x08, 0x08, 0x0E, 0x00, 0x00 },  /* 0x5B [ */
    { 0x00, 0x00, 0x00, 0x40, 0x40, 0x20, 0x10, 0x10, 0x08, 0x08, 0x04, 0x02, 0x02, 0x00, 0x00, 0x00 },  /* 0x5C \ */
    { 0x00, 0x00, 0x70, 0x10, 0x10, 0x10, 0x10, 0x10, 0x10, 0x10, 0x10, 0x10, 0x10, 0x70, 0x00, 0x00 },  /* 0x5D ] */
    { 0x00, 0x18, 0x24, 0x42, 0x00, 0x00, 0x00, 0x00, 0x00, 0x00, 0x00, 0x00, 0x00, 0x00, 0x00, 0x00 },  /* 0x5E ^ */
    { 0x00, 0x00, 0x00, 0x00, 0x00, 0x00, 0x00, 0x00, 0x00, 0x00, 0x00, 0x00, 0x00, 0x7F, 0x00, 0x00 },  /* 0x5F _ */
    { 0x20, 0x10, 0x08, 0x00, 0x00, 0x00, 0x00, 0x00, 0x00, 0x00, 0x00, 0x00, 0x00, 0x00, 0x00, 0x00 },  /* 0x60 ` */
    { 0x00, 0x00, 0x00, 0x00, 0x00, 0x3C, 0x42, 0x02, 0x3E, 0x42, 0x42, 0x46, 0x3A, 0x00, 0x00, 0x00 },  /* 0x61 a */
    { 0x00, 0x00, 0x40, 0x40, 0x40, 0x5C, 0x62, 0x42, 0x42, 0x42, 0x42, 0x62, 0x5C, 0x00, 0x00, 0x00 },  /* 0x62 b */
    { 0x00, 0x00, 0x00, 0x00, 0x00, 0x3C, 0x42, 0x40, 0x40, 0x40, 0x40, 0x42, 0x3C, 0x00, 0x00, 0x00 },  /* 0x63 c */
    { 0x00, 0x00, 0x02, 0x02, 0x02, 0x3A, 0x46, 0x42, 0x42, 0x42, 0x42, 0x46, 0x3A, 0x00, 0x00, 0x00 },  /* 0x64 d */
    { 0x00, 0x00, 0x00, 0x00, 0x00, 0x3C, 0x42, 0x42, 0x7E, 0x40, 0x40, 0x42, 0x3C, 0x00, 0x00, 0x00 },  /* 0x65 e */
    { 0x00, 0x00, 0x0C, 0x10, 0x10, 0x10, 0x7C, 0x10, 0x10, 0x10, 0x10, 0x10, 0x10, 0x00, 0x00, 0x00 },  /* 0x66 f */
    { 0x00, 0x00, 0x00, 0x00, 0x02, 0x3A, 0x44, 0x44, 0x44, 0x38, 0x20, 0x3C, 0x42, 0x42, 0x3C, 0x00 },  /* 0x67 g */
    { 0x00, 0x00, 0x40, 0x40, 0x40, 0x5C, 0x62, 0x42, 0x42, 0x42, 0x42, 0x42, 0x42, 0x00, 0x00, 0x00 },  /* 0x68 h */
    { 0x00, 0x00, 0x08, 0x08, 0x00, 0x18, 0x08, 0x08, 0x08, 0x08, 0x08, 0x08, 0x3E, 0x00, 0x00, 0x00 },  /* 0x69 i */
    { 0x00, 0x00, 0x04, 0x04, 0x00, 0x0C, 0x04, 0x04, 0x04, 0x04, 0x04, 0x04, 0x04, 0x48, 0x30, 0x00 },  /* 0x6A j */
    { 0x00, 0x00, 0x40, 0x40, 0x40, 0x44, 0x48, 0x50, 0x60, 0x50, 0x48, 0x44, 0x42, 0x00, 0x00, 0x00 },  /* 0x6B k */
    { 0x00, 0x00, 0x18, 0x08, 0x08, 0x08, 0x08, 0x08, 0x08, 0x08, 0x08, 0x08, 0x3E, 0x00, 0x00, 0x00 },  /* 0x6C l */
    { 0x00, 0x00, 0x00, 0x00, 0x00, 0x76, 0x49, 0x49, 0x49, 0x49, 0x49, 0x49, 0x49, 0x00, 0x00, 0x00 },  /* 0x6D m */
    { 0x00, 0x00, 0x00, 0x00, 0x00, 0x5C, 0x62, 0x42, 0x42, 0x42, 0x42, 0x42, 0x42, 0x00, 0x00, 0x00 },  /* 0x6E n */
    { 0x00, 0x00, 0x00, 0x00, 0x00, 0x3C, 0x42, 0x42, 0x42, 0x42, 0x42, 0x42, 0x3C, 0x00, 0x00, 0x00 },  /* 0x6F o */
    { 0x00, 0x00, 0x00, 0x00, 0x00, 0x5C, 0x62, 0x42, 0x42, 0x42, 0x42, 0x62, 0x5C, 0x40, 0x40, 0x00 },  /* 0x70 p */
    { 0x00, 0x00, 0x00, 0x00, 0x00, 0x3A, 0x46, 0x42, 0x42, 0x42, 0x42, 0x46, 0x3A, 0x02, 0x02, 0x00 },  /* 0x71 q */
    { 0x00, 0x00, 0x00, 0x00, 0x00, 0x5C, 0x62, 0x42, 0x40, 0x40, 0x40, 0x40, 0x40, 0x00, 0x00, 0x00 },  /* 0x72 r */
    { 0x00, 0x00, 0x00, 0x00, 0x00, 0x3C, 0x42, 0x40, 0x30, 0x0C, 0x02, 0x42, 0x3C, 0x00, 0x00, 0x00 },  /* 0x73 s */
    { 0x00, 0x00, 0x00, 0x10, 0x10, 0x10, 0x7C, 0x10, 0x10, 0x10, 0x10, 0x10, 0x0C, 0x00, 0x00, 0x00 },  /* 0x74 t */
    { 0x00, 0x00, 0x00, 0x00, 0x00, 0x42, 0x42, 0x42, 0x42, 0x42, 0x42, 0x46, 0x3A, 0x00, 0x00, 0x00 },  /* 0x75 u */
    { 0x00, 0x00, 0x00, 0x00, 0x00, 0x42, 0x42, 0x42, 0x24, 0x24, 0x24, 0x18, 0x18, 0x00, 0x00, 0x00 },  /* 0x76 v */
    { 0x00, 0x00, 0x00, 0x00, 0x00, 0x41, 0x49, 0x49, 0x49, 0x49, 0x49, 0x49, 0x36, 0x00, 0x00, 0x00 },  /* 0x77 w */
    { 0x00, 0x00, 0x00, 0x00, 0x00, 0x42, 0x42, 0x24, 0x18, 0x18, 0x24, 0x42, 0x42, 0x00, 0x00, 0x00 },  /* 0x78 x */
    { 0x00, 0x00, 0x00, 0x00, 0x00, 0x42, 0x42, 0x42, 0x42, 0x42, 0x26, 0x1A, 0x02, 0x02, 0x3C, 0x00 },  /* 0x79 y */
    { 0x00, 0x00, 0x00, 0x00, 0x00, 0x7E, 0x02, 0x04, 0x08, 0x10, 0x20, 0x40, 0x7E, 0x00, 0x00, 0x00 },  /* 0x7A z */
    { 0x00, 0x00, 0x0C, 0x10, 0x10, 0x08, 0x08, 0x10, 0x20, 0x10, 0x08, 0x08, 0x10, 0x10, 0x0C, 0x00 },  /* 0x7B { */
    { 0x00, 0x08, 0x08, 0x08, 0x08, 0x08, 0x08, 0x08, 0x08, 0x08, 0x08, 0x08, 0x08, 0x08, 0x08, 0x00 },  /* 0x7C | */
    { 0x00, 0x00, 0x30, 0x08, 0x08, 0x10, 0x10, 0x08, 0x04, 0x08, 0x10, 0x10, 0x08, 0x08, 0x30, 0x00 },  /* 0x7D } */
    { 0x00, 0x00, 0x31, 0x49, 0x46, 0x00, 0x00, 0x00, 0x00, 0x00, 0x00, 0x00, 0x00, 0x00, 0x00, 0x00 },  /* 0x7E ~ */
    { 0x00, 0x80, 0x00, 0x80, 0x73, 0xCA, 0x4B, 0xCA, 0x73, 0x80, 0x00, 0x80, 0x00, 0x80, 0x55, 0x00 },  /* 0x7F   */
    { 0x00, 0x80, 0x00, 0x80, 0x71, 0xCA, 0x73, 0xC2, 0x42, 0x80, 0x00, 0x80, 0x00, 0x80, 0x55, 0x00 },  /* 0x80   */
    { 0x00, 0x80, 0x00, 0x80, 0x49, 0xCA, 0x7A, 0xCA, 0x49, 0x80, 0x00, 0x80, 0x00, 0x80, 0x55, 0x00 },  /* 0x81   */
    { 0x00, 0x80, 0x00, 0x80, 0x73, 0xCA, 0x73, 0xCA, 0x72, 0x80, 0x00, 0x80, 0x00, 0x80, 0x55, 0x00 },  /* 0x82   */
    { 0x00, 0x80, 0x00, 0x80, 0x4B, 0xEA, 0x5B, 0xCA, 0x4B, 0x80, 0x00, 0x80, 0x00, 0x80, 0x55, 0x00 },  /* 0x83   */
    { 0x00, 0x80, 0x00, 0x80, 0x74, 0xA6, 0x25, 0xA4, 0x74, 0x80, 0x00, 0x80, 0x00, 0x80, 0x55, 0x00 },  /* 0x84   */
    { 0x00, 0x80, 0x00, 0x80, 0x4B, 0xEA, 0x5B, 0xCA, 0x4B, 0x80, 0x00, 0x80, 0x00, 0x80, 0x55, 0x00 },  /* 0x85   */
    { 0x00, 0x80, 0x00, 0x80, 0x39, 0xC2, 0x31, 0x88, 0x73, 0x80, 0x00, 0x80, 0x00, 0x80, 0x55, 0x00 },  /* 0x86   */
    { 0x00, 0x80, 0x00, 0x80, 0x79, 0xC2, 0x79, 0xC0, 0x7B, 0x80, 0x00, 0x80, 0x00, 0x80, 0x55, 0x00 },  /* 0x87   */
    { 0x00, 0x80, 0x00, 0x80, 0x4B, 0xC9, 0x79, 0xC9, 0x49, 0x80, 0x00, 0x80, 0x00, 0x80, 0x55, 0x00 },  /* 0x88   */
    { 0x00, 0x80, 0x00, 0x80, 0x25, 0xA4, 0x3C, 0xA4, 0x24, 0x80, 0x00, 0x80, 0x00, 0x80, 0x55, 0x00 },  /* 0x89   */
    { 0x00, 0x80, 0x00, 0x80, 0x45, 0xC4, 0x44, 0xA8, 0x10, 0x80, 0x00, 0x80, 0x00, 0x80, 0x55, 0x00 },  /* 0x8A   */
    { 0x00, 0x80, 0x00, 0x80, 0x72, 0xCA, 0x72, 0xC2, 0x43, 0x80, 0x00, 0x80, 0x00, 0x80, 0x55, 0x00 },  /* 0x8B   */
    { 0x00, 0x80, 0x00, 0x80, 0x72, 0xCA, 0x72, 0xC2, 0x43, 0x80, 0x00, 0x80, 0x00, 0x80, 0x55, 0x00 },  /* 0x8C   */
    { 0x00, 0x80, 0x00, 0x80, 0x0E, 0x89, 0x0E, 0x8A, 0x09, 0x80, 0x00, 0x80, 0x00, 0x80, 0x55, 0x00 },  /* 0x8D   */
    { 0x00, 0x80, 0x00, 0x80, 0x39, 0xC2, 0x31, 0x88, 0x73, 0x80, 0x00, 0x80, 0x00, 0x80, 0x55, 0x00 },  /* 0x8E   */
    { 0x00, 0x80, 0x00, 0x80, 0x39, 0xC2, 0x31, 0x88, 0x73, 0x80, 0x00, 0x80, 0x00, 0x80, 0x55, 0x00 },  /* 0x8F   */
    { 0x00, 0x80, 0x00, 0x80, 0x71, 0xCA, 0x4A, 0xCA, 0x71, 0x80, 0x00, 0x80, 0x00, 0x80, 0x55, 0x00 },  /* 0x90   */
    { 0x00, 0x80, 0x00, 0x80, 0x72, 0xCA, 0x72, 0xC2, 0x41, 0x80, 0x00, 0x80, 0x00, 0x80, 0x55, 0x00 },  /* 0x91   */
    { 0x00, 0x80, 0x00, 0x80, 0x72, 0xCA, 0x72, 0xC2, 0x41, 0x80, 0x00, 0x80, 0x00, 0x80, 0x55, 0x00 },  /* 0x92   */
    { 0x00, 0x80, 0x00, 0x80, 0x3B, 0xC1, 0x31, 0x89, 0x71, 0x80, 0x00, 0x80, 0x00, 0x80, 0x55, 0x00 },  /* 0x93   */
    { 0x00, 0x80, 0x00, 0x80, 0x39, 0xC2, 0x42, 0xC2, 0x39, 0x80, 0x00, 0x80, 0x00, 0x80, 0x55, 0x00 },  /* 0x94   */
    { 0x00, 0x80, 0x00, 0x80, 0x22, 0xB6, 0x2A, 0xA2, 0x22, 0x80, 0x00, 0x80, 0x00, 0x80, 0x55, 0x00 },  /* 0x95   */
    { 0x00, 0x80, 0x00, 0x80, 0x3B, 0xC2, 0x33, 0x8A, 0x72, 0x80, 0x00, 0x80, 0x00, 0x80, 0x55, 0x00 },  /* 0x96   */
    { 0x00, 0x80, 0x00, 0x80, 0x7B, 0xC2, 0x7B, 0xC2, 0x7A, 0x80, 0x00, 0x80, 0x00, 0x80, 0x55, 0x00 },  /* 0x97   */
    { 0x00, 0x80, 0x00, 0x80, 0x39, 0xC2, 0x32, 0x8A, 0x71, 0x80, 0x00, 0x80, 0x00, 0x80, 0x55, 0x00 },  /* 0x98   */
    { 0x00, 0x80, 0x00, 0x80, 0x33, 0xC4, 0x25, 0x94, 0x63, 0x80, 0x00, 0x80, 0x00, 0x80, 0x55, 0x00 },  /* 0x99   */
    { 0x00, 0x80, 0x00, 0x80, 0x39, 0xC2, 0x32, 0x8A, 0x71, 0x80, 0x00, 0x80, 0x00, 0x80, 0x55, 0x00 },  /* 0x9A   */
    { 0x00, 0x80, 0x00, 0x80, 0x39, 0xC2, 0x41, 0xC0, 0x3B, 0x80, 0x00, 0x80, 0x00, 0x80, 0x55, 0x00 },  /* 0x9B   */
    { 0x00, 0x80, 0x00, 0x80, 0x0E, 0x90, 0x0C, 0x82, 0x1C, 0x80, 0x00, 0x80, 0x00, 0x80, 0x55, 0x00 },  /* 0x9C   */
    { 0x00, 0x80, 0x00, 0x80, 0x31, 0xCA, 0x49, 0xC8, 0x33, 0x80, 0x00, 0x80, 0x00, 0x80, 0x55, 0x00 },  /* 0x9D   */
    { 0x00, 0x80, 0x00, 0x80, 0x1C, 0x92, 0x1C, 0x90, 0x10, 0x80, 0x00, 0x80, 0x00, 0x80, 0x55, 0x00 },  /* 0x9E   */
    { 0x00, 0x80, 0x00, 0x80, 0x33, 0xCA, 0x7B, 0xCA, 0x4A, 0x80, 0x00, 0x80, 0x00, 0x80, 0x55, 0x00 },  /* 0x9F   */
    { 0x00, 0x00, 0x00, 0x00, 0x00, 0x00, 0x00, 0x00, 0x00, 0x00, 0x00, 0x00, 0x00, 0x00, 0x00, 0x00 },  /* 0xA0   */
    { 0x00, 0x00, 0x00, 0x08, 0x08, 0x00, 0x08, 0x08, 0x08, 0x08, 0x08, 0x08, 0x08, 0x00, 0x00, 0x00 },  /* 0xA1   */
    { 0x00, 0x00, 0x00, 0x08, 0x08, 0x3E, 0x49, 0x48, 0x48, 0x49, 0x3E, 0x08, 0x08, 0x00, 0x00, 0x00 },  /* 0xA2   */
    { 0x00, 0x00, 0x00, 0x0E, 0x10, 0x10, 0x10, 0x7C, 0x10, 0x10, 0x10, 0x3E, 0x61, 0x00, 0x00, 0x00 },  /* 0xA3   */
    { 0x00, 0x00, 0x00, 0x00, 0x42, 0x3C, 0x24, 0x42, 0x42, 0x24, 0x3C, 0x42, 0x00, 0x00, 0x00, 0x00 },  /* 0xA4   */
    { 0x00, 0x00, 0x00, 0x41, 0x22, 0x14, 0x08, 0x7F, 0x08, 0x7F, 0x08, 0x08, 0x08, 0x00, 0x00, 0x00 },  /* 0xA5   */
    { 0x00, 0x00, 0x00, 0x08, 0x08, 0x08, 0x08, 0x00, 0x00, 0x08, 0x08, 0x08, 0x08, 0x00, 0x00, 0x00 },  /* 0xA6   */
    { 0x00, 0x00, 0x00, 0x3C, 0x42, 0x40, 0x3C, 0x42, 0x42, 0x3C, 0x02, 0x42, 0x3C, 0x00, 0x00, 0x00 },  /* 0xA7   */
    { 0x24, 0x00, 0x00, 0x00, 0x00, 0x00, 0x00, 0x00, 0x00, 0x00, 0x00, 0x00, 0x00, 0x00, 0x00, 0x00 },  /* 0xA8   */
    { 0x00, 0x00, 0x00, 0x3C, 0x42, 0x99, 0xA5, 0xA1, 0xA1, 0xA5, 0x99, 0x42, 0x3C, 0x00, 0x00, 0x00 },  /* 0xA9   */
    { 0x00, 0x1C, 0x02, 0x1E, 0x22, 0x1E, 0x00, 0x3E, 0x00, 0x00, 0x00, 0x00, 0x00, 0x00, 0x00, 0x00 },  /* 0xAA   */
    { 0x00, 0x00, 0x00, 0x00, 0x12, 0x12, 0x24, 0x24, 0x48, 0x24, 0x24, 0x12, 0x12, 0x00, 0x00, 0x00 },  /* 0xAB   */
    { 0x00, 0x00, 0x00, 0x00, 0x00, 0x00, 0x00, 0x00, 0x00, 0x7E, 0x02, 0x02, 0x02, 0x00, 0x00, 0x00 },  /* 0xAC   */
    { 0x00, 0x00, 0x00, 0x00, 0x00, 0x00, 0x00, 0x00, 0x00, 0x00, 0x00, 0x00, 0x00, 0x00, 0x00, 0x00 },  /* 0xAD   */
    { 0x00, 0x00, 0x00, 0x3C, 0x42, 0xB9, 0xA5, 0xA5, 0xB9, 0xA9, 0xA5, 0x42, 0x3C, 0x00, 0x00, 0x00 },  /* 0xAE   */
    { 0x00, 0x7E, 0x00, 0x00, 0x00, 0x00, 0x00, 0x00, 0x00, 0x00, 0x00, 0x00, 0x00, 0x00, 0x00, 0x00 },  /* 0xAF   */
    { 0x00, 0x00, 0x00, 0x18, 0x24, 0x24, 0x18, 0x00, 0x00, 0x00, 0x00, 0x00, 0x00, 0x00, 0x00, 0x00 },  /* 0xB0   */
    { 0x00, 0x00, 0x00, 0x08, 0x08, 0x08, 0x7F, 0x08, 0x08, 0x08, 0x00, 0x7F, 0x00, 0x00, 0x00, 0x00 },  /* 0xB1   */
    { 0x00, 0x00, 0x38, 0x44, 0x04, 0x18, 0x20, 0x40, 0x7C, 0x00, 0x00, 0x00, 0x00, 0x00, 0x00, 0x00 },  /* 0xB2   */
    { 0x00, 0x00, 0x38, 0x44, 0x04, 0x38, 0x04, 0x44, 0x38, 0x00, 0x00, 0x00, 0x00, 0x00, 0x00, 0x00 },  /* 0xB3   */
    { 0x04, 0x08, 0x10, 0x00, 0x00, 0x00, 0x00, 0x00, 0x00, 0x00, 0x00, 0x00, 0x00, 0x00, 0x00, 0x00 },  /* 0xB4   */
    { 0x00, 0x00, 0x00, 0x00, 0x00, 0x42, 0x42, 0x42, 0x42, 0x42, 0x42, 0x66, 0x59, 0x40, 0x80, 0x00 },  /* 0xB5   */
    { 0x00, 0x00, 0x00, 0x3F, 0x7A, 0x7A, 0x7A, 0x3A, 0x0A, 0x0A, 0x0A, 0x0A, 0x0A, 0x0A, 0x00, 0x00 },  /* 0xB6   */
    { 0x00, 0x00, 0x00, 0x00, 0x00, 0x00, 0x00, 0x18, 0x18, 0x00, 0x00, 0x00, 0x00, 0x00, 0x00, 0x00 },  /* 0xB7   */
    { 0x00, 0x00, 0x00, 0x00, 0x00, 0x00, 0x00, 0x00, 0x00, 0x00, 0x00, 0x00, 0x00, 0x08, 0x30, 0x00 },  /* 0xB8   */
    { 0x00, 0x00, 0x10, 0x30, 0x50, 0x10, 0x10, 0x10, 0x7C, 0x00, 0x00, 0x00, 0x00, 0x00, 0x00, 0x00 },  /* 0xB9   */
    { 0x00, 0x1C, 0x22, 0x22, 0x22, 0x1C, 0x00, 0x3E, 0x00, 0x00, 0x00, 0x00, 0x00, 0x00, 0x00, 0x00 },  /* 0xBA   */
    { 0x00, 0x00, 0x00, 0x00, 0x48, 0x48, 0x24, 0x24, 0x12, 0x24, 0x24, 0x48, 0x48, 0x00, 0x00, 0x00 },  /* 0xBB   */
    { 0x00, 0x00, 0x00, 0x22, 0x62, 0x24, 0x28, 0x28, 0x12, 0x16, 0x2A, 0x4E, 0x42, 0x00, 0x00, 0x00 },  /* 0xBC   */
    { 0x00, 0x00, 0x00, 0x22, 0x62, 0x24, 0x28, 0x28, 0x14, 0x1A, 0x22, 0x44, 0x4E, 0x00, 0x00, 0x00 },  /* 0xBD   */
    { 0x00, 0x00, 0x00, 0x62, 0x12, 0x24, 0x18, 0x68, 0x12, 0x16, 0x2A, 0x4E, 0x42, 0x00, 0x00, 0x00 },  /* 0xBE   */
    { 0x00, 0x00, 0x00, 0x10, 0x10, 0x00, 0x10, 0x10, 0x20, 0x40, 0x42, 0x42, 0x3C, 0x00, 0x00, 0x00 },  /* 0xBF   */
    { 0x0C, 0x00, 0x00, 0x18, 0x24, 0x24, 0x42, 0x42, 0x7E, 0x42, 0x42, 0x42, 0x42, 0x00, 0x00, 0x00 },  /* 0xC0   */
    { 0x30, 0x00, 0x00, 0x18, 0x24, 0x24, 0x42, 0x42, 0x7E, 0x42, 0x42, 0x42, 0x42, 0x00, 0x00, 0x00 },  /* 0xC1   */
    { 0x24, 0x00, 0x00, 0x18, 0x24, 0x24, 0x42, 0x42, 0x7E, 0x42, 0x42, 0x42, 0x42, 0x00, 0x00, 0x00 },  /* 0xC2   */
    { 0x4C, 0x00, 0x00, 0x18, 0x24, 0x24, 0x42, 0x42, 0x7E, 0x42, 0x42, 0x42, 0x42, 0x00, 0x00, 0x00 },  /* 0xC3   */
    { 0x24, 0x00, 0x00, 0x18, 0x24, 0x24, 0x42, 0x42, 0x7E, 0x42, 0x42, 0x42, 0x42, 0x00, 0x00, 0x00 },  /* 0xC4   */
    { 0x24, 0x18, 0x00, 0x18, 0x24, 0x24, 0x42, 0x42, 0x7E, 0x42, 0x42, 0x42, 0x42, 0x00, 0x00, 0x00 },  /* 0xC5   */
    { 0x00, 0x00, 0x00, 0x1F, 0x28, 0x48, 0x48, 0x7F, 0x48, 0x48, 0x48, 0x48, 0x4F, 0x00, 0x00, 0x00 },  /* 0xC6   */
    { 0x00, 0x00, 0x00, 0x3C, 0x42, 0x42, 0x40, 0x40, 0x40, 0x40, 0x42, 0x42, 0x3C, 0x08, 0x30, 0x00 },  /* 0xC7   */
    { 0x0C, 0x00, 0x00, 0x7E, 0x40, 0x40, 0x40, 0x7C, 0x40, 0x40, 0x40, 0x40, 0x7E, 0x00, 0x00, 0x00 },  /* 0xC8   */
    { 0x30, 0x00, 0x00, 0x7E, 0x40, 0x40, 0x40, 0x7C, 0x40, 0x40, 0x40, 0x40, 0x7E, 0x00, 0x00, 0x00 },  /* 0xC9   */
    { 0x24, 0x00, 0x00, 0x7E, 0x40, 0x40, 0x40, 0x7C, 0x40, 0x40, 0x40, 0x40, 0x7E, 0x00, 0x00, 0x00 },  /* 0xCA   */
    { 0x24, 0x00, 0x00, 0x7E, 0x40, 0x40, 0x40, 0x7C, 0x40, 0x40, 0x40, 0x40, 0x7E, 0x00, 0x00, 0x00 },  /* 0xCB   */
    { 0x06, 0x00, 0x00, 0x3E, 0x08, 0x08, 0x08, 0x08, 0x08, 0x08, 0x08, 0x08, 0x3E, 0x00, 0x00, 0x00 },  /* 0xCC   */
    { 0x30, 0x00, 0x00, 0x3E, 0x08, 0x08, 0x08, 0x08, 0x08, 0x08, 0x08, 0x08, 0x3E, 0x00, 0x00, 0x00 },  /* 0xCD   */
    { 0x24, 0x00, 0x00, 0x3E, 0x08, 0x08, 0x08, 0x08, 0x08, 0x08, 0x08, 0x08, 0x3E, 0x00, 0x00, 0x00 },  /* 0xCE   */
    { 0x24, 0x00, 0x00, 0x3E, 0x08, 0x08, 0x08, 0x08, 0x08, 0x08, 0x08, 0x08, 0x3E, 0x00, 0x00, 0x00 },  /* 0xCF   */
    { 0x00, 0x00, 0x00, 0x78, 0x44, 0x42, 0x42, 0xF2, 0x42, 0x42, 0x42, 0x44, 0x78, 0x00, 0x00, 0x00 },  /* 0xD0   */
    { 0x4C, 0x00, 0x00, 0x42, 0x62, 0x62, 0x52, 0x52, 0x4A, 0x4A, 0x46, 0x46, 0x42, 0x00, 0x00, 0x00 },  /* 0xD1   */
    { 0x0C, 0x00, 0x00, 0x3C, 0x42, 0x42, 0x42, 0x42, 0x42, 0x42, 0x42, 0x42, 0x3C, 0x00, 0x00, 0x00 },  /* 0xD2   */
    { 0x30, 0x00, 0x00, 0x3C, 0x42, 0x42, 0x42, 0x42, 0x42, 0x42, 0x42, 0x42, 0x3C, 0x00, 0x00, 0x00 },  /* 0xD3   */
    { 0x24, 0x00, 0x00, 0x3C, 0x42, 0x42, 0x42, 0x42, 0x42, 0x42, 0x42, 0x42, 0x3C, 0x00, 0x00, 0x00 },  /* 0xD4   */
    { 0x4C, 0x00, 0x00, 0x3C, 0x42, 0x42, 0x42, 0x42, 0x42, 0x42, 0x42, 0x42, 0x3C, 0x00, 0x00, 0x00 },  /* 0xD5   */
    { 0x24, 0x00, 0x00, 0x3C, 0x42, 0x42, 0x42, 0x42, 0x42, 0x42, 0x42, 0x42, 0x3C, 0x00, 0x00, 0x00 },  /* 0xD6   */
    { 0x00, 0x00, 0x00, 0x00, 0x00, 0x00, 0x42, 0x24, 0x18, 0x24, 0x42, 0x00, 0x00, 0x00, 0x00, 0x00 },  /* 0xD7   */
    { 0x00, 0x00, 0x02, 0x3A, 0x44, 0x46, 0x4A, 0x4A, 0x52, 0x52, 0x62, 0x22, 0x5C, 0x40, 0x00, 0x00 },  /* 0xD8   */
    { 0x0C, 0x00, 0x00, 0x42, 0x42, 0x42, 0x42, 0x42, 0x42, 0x42, 0x42, 0x42, 0x3C, 0x00, 0x00, 0x00 },  /* 0xD9   */
    { 0x30, 0x00, 0x00, 0x42, 0x42, 0x42, 0x42, 0x42, 0x42, 0x42, 0x42, 0x42, 0x3C, 0x00, 0x00, 0x00 },  /* 0xDA   */
    { 0x24, 0x00, 0x00, 0x42, 0x42, 0x42, 0x42, 0x42, 0x42, 0x42, 0x42, 0x42, 0x3C, 0x00, 0x00, 0x00 },  /* 0xDB   */
    { 0x24, 0x00, 0x00, 0x42, 0x42, 0x42, 0x42, 0x42, 0x42, 0x42, 0x42, 0x42, 0x3C, 0x00, 0x00, 0x00 },  /* 0xDC   */
    { 0x30, 0x00, 0x00, 0x41, 0x41, 0x22, 0x22, 0x14, 0x08, 0x08, 0x08, 0x08, 0x08, 0x00, 0x00, 0x00 },  /* 0xDD   */
    { 0x00, 0x00, 0x40, 0x40, 0x78, 0x44, 0x42, 0x42, 0x44, 0x78, 0x40, 0x40, 0x40, 0x00, 0x00, 0x00 },  /* 0xDE   */
    { 0x00, 0x00, 0x00, 0x38, 0x44, 0x44, 0x48, 0x58, 0x44, 0x42, 0x42, 0x52, 0x4C, 0x00, 0x00, 0x00 },  /* 0xDF   */
    { 0x00, 0x30, 0x0C, 0x00, 0x00, 0x3C, 0x42, 0x02, 0x3E, 0x42, 0x42, 0x46, 0x3A, 0x00, 0x00, 0x00 },  /* 0xE0   */
    { 0x00, 0x0C, 0x30, 0x00, 0x00, 0x3C, 0x42, 0x02, 0x3E, 0x42, 0x42, 0x46, 0x3A, 0x00, 0x00, 0x00 },  /* 0xE1   */
    { 0x00, 0x18, 0x24, 0x00, 0x00, 0x3C, 0x42, 0x02, 0x3E, 0x42, 0x42, 0x46, 0x3A, 0x00, 0x00, 0x00 },  /* 0xE2   */
    { 0x00, 0x32, 0x4C, 0x00, 0x00, 0x3C, 0x42, 0x02, 0x3E, 0x42, 0x42, 0x46, 0x3A, 0x00, 0x00, 0x00 },  /* 0xE3   */
    { 0x00, 0x24, 0x24, 0x00, 0x00, 0x3C, 0x42, 0x02, 0x3E, 0x42, 0x42, 0x46, 0x3A, 0x00, 0x00, 0x00 },  /* 0xE4   */
    { 0x18, 0x24, 0x18, 0x00, 0x00, 0x3C, 0x42, 0x02, 0x3E, 0x42, 0x42, 0x46, 0x3A, 0x00, 0x00, 0x00 },  /* 0xE5   */
    { 0x00, 0x00, 0x00, 0x00, 0x00, 0x3E, 0x49, 0x09, 0x3F, 0x48, 0x48, 0x49, 0x3E, 0x00, 0x00, 0x00 },  /* 0xE6   */
    { 0x00, 0x00, 0x00, 0x00, 0x00, 0x3C, 0x42, 0x40, 0x40, 0x40, 0x40, 0x42, 0x3C, 0x08, 0x30, 0x00 },  /* 0xE7   */
    { 0x00, 0x30, 0x0C, 0x00, 0x00, 0x3C, 0x42, 0x42, 0x7E, 0x40, 0x40, 0x42, 0x3C, 0x00, 0x00, 0x00 },  /* 0xE8   */
    { 0x00, 0x0C, 0x30, 0x00, 0x00, 0x3C, 0x42, 0x42, 0x7E, 0x40, 0x40, 0x42, 0x3C, 0x00, 0x00, 0x00 },  /* 0xE9   */
    { 0x00, 0x18, 0x24, 0x00, 0x00, 0x3C, 0x42, 0x42, 0x7E, 0x40, 0x40, 0x42, 0x3C, 0x00, 0x00, 0x00 },  /* 0xEA   */
    { 0x00, 0x24, 0x24, 0x00, 0x00, 0x3C, 0x42, 0x42, 0x7E, 0x40, 0x40, 0x42, 0x3C, 0x00, 0x00, 0x00 },  /* 0xEB   */
    { 0x00, 0x30, 0x0C, 0x00, 0x00, 0x18, 0x08, 0x08, 0x08, 0x08, 0x08, 0x08, 0x3E, 0x00, 0x00, 0x00 },  /* 0xEC   */
    { 0x00, 0x0C, 0x30, 0x00, 0x00, 0x18, 0x08, 0x08, 0x08, 0x08, 0x08, 0x08, 0x3E, 0x00, 0x00, 0x00 },  /* 0xED   */
    { 0x00, 0x18, 0x24, 0x00, 0x00, 0x18, 0x08, 0x08, 0x08, 0x08, 0x08, 0x08, 0x3E, 0x00, 0x00, 0x00 },  /* 0xEE   */
    { 0x00, 0x24, 0x24, 0x00, 0x00, 0x18, 0x08, 0x08, 0x08, 0x08, 0x08, 0x08, 0x3E, 0x00, 0x00, 0x00 },  /* 0xEF   */
    { 0x00, 0x32, 0x0C, 0x14, 0x22, 0x02, 0x3E, 0x42, 0x42, 0x42, 0x42, 0x42, 0x3C, 0x00, 0x00, 0x00 },  /* 0xF0   */
    { 0x00, 0x32, 0x4C, 0x00, 0x00, 0x5C, 0x62, 0x42, 0x42, 0x42, 0x42, 0x42, 0x42, 0x00, 0x00, 0x00 },  /* 0xF1   */
    { 0x00, 0x30, 0x0C, 0x00, 0x00, 0x3C, 0x42, 0x42, 0x42, 0x42, 0x42, 0x42, 0x3C, 0x00, 0x00, 0x00 },  /* 0xF2   */
    { 0x00, 0x0C, 0x30, 0x00, 0x00, 0x3C, 0x42, 0x42, 0x42, 0x42, 0x42, 0x42, 0x3C, 0x00, 0x00, 0x00 },  /* 0xF3   */
    { 0x00, 0x18, 0x24, 0x00, 0x00, 0x3C, 0x42, 0x42, 0x42, 0x42, 0x42, 0x42, 0x3C, 0x00, 0x00, 0x00 },  /* 0xF4   */
    { 0x00, 0x32, 0x4C, 0x00, 0x00, 0x3C, 0x42, 0x42, 0x42, 0x42, 0x42, 0x42, 0x3C, 0x00, 0x00, 0x00 },  /* 0xF5   */
    { 0x00, 0x24, 0x24, 0x00, 0x00, 0x3C, 0x42, 0x42, 0x42, 0x42, 0x42, 0x42, 0x3C, 0x00, 0x00, 0x00 },  /* 0xF6   */
    { 0x00, 0x00, 0x00, 0x00, 0x00, 0x18, 0x00, 0x00, 0x7E, 0x00, 0x00, 0x18, 0x00, 0x00, 0x00, 0x00 },  /* 0xF7   */
    { 0x00, 0x00, 0x00, 0x00, 0x02, 0x3C, 0x46, 0x4A, 0x4A, 0x52, 0x52, 0x62, 0x3C, 0x40, 0x00, 0x00 },  /* 0xF8   */
    { 0x00, 0x30, 0x0C, 0x00, 0x00, 0x42, 0x42, 0x42, 0x42, 0x42, 0x42, 0x46, 0x3A, 0x00, 0x00, 0x00 },  /* 0xF9   */
    { 0x00, 0x0C, 0x30, 0x00, 0x00, 0x42, 0x42, 0x42, 0x42, 0x42, 0x42, 0x46, 0x3A, 0x00, 0x00, 0x00 },  /* 0xFA   */
    { 0x00, 0x18, 0x24, 0x00, 0x00, 0x42, 0x42, 0x42, 0x42, 0x42, 0x42, 0x46, 0x3A, 0x00, 0x00, 0x00 },  /* 0xFB   */
    { 0x00, 0x24, 0x24, 0x00, 0x00, 0x42, 0x42, 0x42, 0x42, 0x42, 0x42, 0x46, 0x3A, 0x00, 0x00, 0x00 },  /* 0xFC   */
    { 0x00, 0x0C, 0x30, 0x00, 0x00, 0x42, 0x42, 0x42, 0x42, 0x42, 0x26, 0x1A, 0x02, 0x02, 0x3C, 0x00 },  /* 0xFD   */
    { 0x00, 0x00, 0x40, 0x40, 0x40, 0x5C, 0x62, 0x42, 0x42, 0x42, 0x42, 0x62, 0x5C, 0x40, 0x40, 0x00 },  /* 0xFE   */
    { 0x00, 0x24, 0x24, 0x00, 0x00, 0x42, 0x42, 0x42, 0x42, 0x42, 0x26, 0x1A, 0x02, 0x02, 0x3C, 0x00 },  /* 0xFF   */
};

static const uint8_t glyphs_vt323[FONT_GLYPHS][FONT_HEIGHT] = {
    { 0x00, 0x00, 0x00, 0x00, 0x00, 0x00, 0x00, 0x00, 0x00, 0x00, 0x00, 0x00, 0x00, 0x00, 0x00, 0x00 },  /* 0x20   */
    { 0x00, 0x00, 0x18, 0x08, 0x18, 0x18, 0x18, 0x08, 0x18, 0x00, 0x00, 0x18, 0x00, 0x00, 0x00, 0x00 },  /* 0x21 ! */
    { 0x00, 0x34, 0x34, 0x34, 0x00, 0x00, 0x00, 0x00, 0x00, 0x00, 0x00, 0x00, 0x00, 0x00, 0x00, 0x00 },  /* 0x22 " */
    { 0x00, 0x00, 0x34, 0x3E, 0x34, 0x34, 0x34, 0x34, 0x3E, 0x34, 0x00, 0x00, 0x00, 0x00, 0x00, 0x00 },  /* 0x23 # */
    { 0x00, 0x08, 0x3C, 0x2C, 0x2E, 0x28, 0x28, 0x1E, 0x0E, 0x2E, 0x2C, 0x3C, 0x08, 0x00, 0x00, 0x00 },  /* 0x24 $ */
    { 0x00, 0x00, 0x32, 0x34, 0x34, 0x38, 0x08, 0x08, 0x14, 0x2A, 0x24, 0x24, 0x00, 0x00, 0x00, 0x00 },  /* 0x25 % */
    { 0x00, 0x00, 0x18, 0x18, 0x2C, 0x1A, 0x1A, 0x3A, 0x2C, 0x2E, 0x2C, 0x3E, 0x00, 0x00, 0x00, 0x00 },  /* 0x26 & */
    { 0x00, 0x18, 0x08, 0x18, 0x00, 0x00, 0x00, 0x00, 0x00, 0x00, 0x00, 0x00, 0x00, 0x00, 0x00, 0x00 },  /* 0x27 ' */
    { 0x04, 0x08, 0x08, 0x10, 0x10, 0x10, 0x10, 0x10, 0x10, 0x10, 0x08, 0x04, 0x00, 0x00, 0x00, 0x00 },  /* 0x28 ( */
    { 0x10, 0x08, 0x08, 0x08, 0x08, 0x08, 0x08, 0x08, 0x08, 0x08, 0x08, 0x10, 0x00, 0x00, 0x00, 0x00 },  /* 0x29 ) */
    { 0x00, 0x00, 0x00, 0x00, 0x08, 0x2E, 0x18, 0x08, 0x2E, 0x08, 0x08, 0x00, 0x00, 0x00, 0x00, 0x00 },  /* 0x2A * */
    { 0x00, 0x00, 0x00, 0x00, 0x18, 0x08, 0x18, 0x3E, 0x18, 0x08, 0x18, 0x00, 0x00, 0x00, 0x00, 0x00 },  /* 0x2B + */
    { 0x00, 0x00, 0x00, 0x00, 0x00, 0x00, 0x00, 0x00, 0x00, 0x18, 0x18, 0x18, 0x08, 0x08, 0x10, 0x00 },  /* 0x2C , */
    { 0x00, 0x00, 0x00, 0x00, 0x00, 0x00, 0x1C, 0x00, 0x00, 0x00, 0x00, 0x00, 0x00, 0x00, 0x00, 0x00 },  /* 0x2D - */
    { 0x00, 0x00, 0x00, 0x00, 0x00, 0x00, 0x00, 0x00, 0x00, 0x18, 0x18, 0x18, 0x00, 0x00, 0x00, 0x00 },  /* 0x2E . */
    { 0x06, 0x04, 0x04, 0x0C, 0x08, 0x08, 0x18, 0x10, 0x10, 0x10, 0x20, 0x20, 0x00, 0x00, 0x00, 0x00 },  /* 0x2F / */
    { 0x00, 0x00, 0x18, 0x00, 0x24, 0x24, 0x24, 0x24, 0x24, 0x24, 0x24, 0x18, 0x00, 0x00, 0x00, 0x00 },  /* 0x30 0 */
    { 0x00, 0x00, 0x18, 0x08, 0x18, 0x18, 0x08, 0x18, 0x08, 0x18, 0x08, 0x3C, 0x00, 0x00, 0x00, 0x00 },  /* 0x31 1 */
    { 0x00, 0x00, 0x1C, 0x24, 0x26, 0x04, 0x06, 0x0C, 0x08, 0x10, 0x10, 0x3E, 0x00, 0x00, 0x00, 0x00 },  /* 0x32 2 */
    { 0x00, 0x00, 0x1C, 0x24, 0x26, 0x04, 0x06, 0x1C, 0x06, 0x26, 0x24, 0x1C, 0x00, 0x00, 0x00, 0x00 },  /* 0x33 3 */
    { 0x00, 0x00, 0x0C, 0x04, 0x14, 0x24, 0x24, 0x24, 0x3E, 0x04, 0x04, 0x04, 0x00, 0x00, 0x00, 0x00 },  /* 0x34 4 */
    { 0x00, 0x00, 0x3C, 0x20, 0x20, 0x2C, 0x24, 0x34, 0x06, 0x24, 0x24, 0x1C, 0x00, 0x00, 0x00, 0x00 },  /* 0x35 5 */
    { 0x00, 0x00, 0x0C, 0x00, 0x30, 0x20, 0x20, 0x2C, 0x36, 0x36, 0x36, 0x0C, 0x00, 0x00, 0x00, 0x00 },  /* 0x36 6 */
    { 0x00, 0x00, 0x3E, 0x04, 0x06, 0x04, 0x0C, 0x0C, 0x08, 0x18, 0x18, 0x10, 0x00, 0x00, 0x00, 0x00 },  /* 0x37 7 */
    { 0x00, 0x00, 0x1C, 0x14, 0x24, 0x24, 0x24, 0x1C, 0x24, 0x24, 0x24, 0x1C, 0x00, 0x00, 0x00, 0x00 },  /* 0x38 8 */
    { 0x00, 0x00, 0x18, 0x20, 0x24, 0x26, 0x26, 0x3E, 0x06, 0x04, 0x00, 0x38, 0x00, 0x00, 0x00, 0x00 },  /* 0x39 9 */
    { 0x00, 0x00, 0x00, 0x00, 0x18, 0x18, 0x18, 0x00, 0x00, 0x18, 0x18, 0x18, 0x00, 0x00, 0x00, 0x00 },  /* 0x3A : */
    { 0x00, 0x00, 0x00, 0x00, 0x18, 0x18, 0x18, 0x00, 0x00, 0x18, 0x18, 0x18, 0x08, 0x08, 0x10, 0x00 },  /* 0x3B ; */
    { 0x00, 0x00, 0x04, 0x08, 0x08, 0x18, 0x10, 0x30, 0x18, 0x08, 0x08, 0x04, 0x00, 0x00, 0x00, 0x00 },  /* 0x3C < */
    { 0x00, 0x00, 0x00, 0x00, 0x00, 0x3C, 0x00, 0x00, 0x3C, 0x00, 0x00, 0x00, 0x00, 0x00, 0x00, 0x00 },  /* 0x3D = */
    { 0x00, 0x00, 0x30, 0x10, 0x18, 0x08, 0x04, 0x04, 0x08, 0x18, 0x10, 0x30, 0x00, 0x00, 0x00, 0x00 },  /* 0x3E > */
    { 0x00, 0x00, 0x1C, 0x24, 0x26, 0x04, 0x06, 0x0C, 0x18, 0x00, 0x00, 0x18, 0x00, 0x00, 0x00, 0x00 },  /* 0x3F ? */
    { 0x1C, 0x24, 0x24, 0x2E, 0x2A, 0x2A, 0x2A, 0x2E, 0x20, 0x10, 0x1C, 0x00, 0x00, 0x00, 0x00, 0x00 },  /* 0x40 @ */
    { 0x00, 0x00, 0x18, 0x18, 0x1C, 0x34, 0x24, 0x24, 0x3C, 0x26, 0x26, 0x26, 0x00, 0x00, 0x00, 0x00 },  /* 0x41 A */
    { 0x00, 0x00, 0x3C, 0x24, 0x26, 0x26, 0x26, 0x3C, 0x26, 0x26, 0x26, 0x3C, 0x00, 0x00, 0x00, 0x00 },  /* 0x42 B */
    { 0x00, 0x00, 0x1C, 0x14, 0x36, 0x20, 0x20, 0x20, 0x20, 0x36, 0x14, 0x1C, 0x00, 0x00, 0x00, 0x00 },  /* 0x43 C */
    { 0x00, 0x00, 0x3C, 0x24, 0x24, 0x26, 0x26, 0x26, 0x26, 0x24, 0x24, 0x3C, 0x00, 0x00, 0x00, 0x00 },  /* 0x44 D */
    { 0x00, 0x00, 0x3C, 0x30, 0x30, 0x30, 0x30, 0x3C, 0x30, 0x30, 0x30, 0x3C, 0x00, 0x00, 0x00, 0x00 },  /* 0x45 E */
    { 0x00, 0x00, 0x3C, 0x30, 0x30, 0x30, 0x30, 0x3C, 0x30, 0x30, 0x30, 0x30, 0x00, 0x00, 0x00, 0x00 },  /* 0x46 F */
    { 0x00, 0x00, 0x1C, 0x14, 0x36, 0x20, 0x20, 0x2E, 0x26, 0x36, 0x36, 0x1C, 0x00, 0x00, 0x00, 0x00 },  /* 0x47 G */
    { 0x00, 0x00, 0x26, 0x26, 0x26, 0x26, 0x26, 0x3E, 0x26, 0x26, 0x26, 0x26, 0x00, 0x00, 0x00, 0x00 },  /* 0x48 H */
    { 0x00, 0x00, 0x1C, 0x08, 0x18, 0x18, 0x08, 0x18, 0x18, 0x18, 0x08, 0x1C, 0x00, 0x00, 0x00, 0x00 },  /* 0x49 I */
    { 0x00, 0x00, 0x1E, 0x0C, 0x0C, 0x0C, 0x0C, 0x08, 0x0C, 0x2C, 0x28, 0x38, 0x00, 0x00, 0x00, 0x00 },  /* 0x4A J */
    { 0x00, 0x00, 0x26, 0x24, 0x24, 0x28, 0x28, 0x38, 0x28, 0x24, 0x24, 0x26, 0x00, 0x00, 0x00, 0x00 },  /* 0x4B K */
    { 0x00, 0x00, 0x30, 0x30, 0x30, 0x30, 0x30, 0x30, 0x30, 0x30, 0x30, 0x3E, 0x00, 0x00, 0x00, 0x00 },  /* 0x4C L */
    { 0x00, 0x00, 0x26, 0x26, 0x36, 0x3E, 0x3E, 0x3E, 0x2E, 0x2E, 0x2E, 0x26, 0x00, 0x00, 0x00, 0x00 },  /* 0x4D M */
    { 0x00, 0x00, 0x26, 0x26, 0x36, 0x36, 0x2E, 0x3E, 0x2E, 0x26, 0x26, 0x26, 0x00, 0x00, 0x00, 0x00 },  /* 0x4E N */
    { 0x00, 0x00, 0x1C, 0x14, 0x24, 0x26, 0x26, 0x26, 0x26, 0x24, 0x24, 0x1C, 0x00, 0x00, 0x00, 0x00 },  /* 0x4F O */
    { 0x00, 0x00, 0x3C, 0x24, 0x26, 0x26, 0x26, 0x3C, 0x20, 0x20, 0x20, 0x20, 0x00, 0x00, 0x00, 0x00 },  /* 0x50 P */
    { 0x00, 0x00, 0x1C, 0x14, 0x24, 0x26, 0x26, 0x26, 0x26, 0x24, 0x24, 0x1C, 0x04, 0x04, 0x06, 0x00 },  /* 0x51 Q */
    { 0x00, 0x00, 0x3C, 0x24, 0x26, 0x24, 0x26, 0x3C, 0x2C, 0x24, 0x24, 0x26, 0x00, 0x00, 0x00, 0x00 },  /* 0x52 R */
    { 0x00, 0x00, 0x3C, 0x24, 0x26, 0x20, 0x20, 0x1E, 0x06, 0x26, 0x24, 0x3C, 0x00, 0x00, 0x00, 0x00 },  /* 0x53 S */
    { 0x00, 0x00, 0x3E, 0x08, 0x18, 0x18, 0x08, 0x18, 0x18, 0x18, 0x08, 0x18, 0x00, 0x00, 0x00, 0x00 },  /* 0x54 T */
    { 0x00, 0x00, 0x26, 0x26, 0x26, 0x26, 0x26, 0x26, 0x26, 0x26, 0x26, 0x3C, 0x00, 0x00, 0x00, 0x00 },  /* 0x55 U */
    { 0x00, 0x00, 0x26, 0x26, 0x26, 0x26, 0x24, 0x24, 0x1C, 0x1C, 0x1C, 0x08, 0x00, 0x00, 0x00, 0x00 },  /* 0x56 V */
    { 0x00, 0x00, 0x2E, 0x2E, 0x2E, 0x2E, 0x2E, 0x2E, 0x3C, 0x34, 0x34, 0x24, 0x00, 0x00, 0x00, 0x00 },  /* 0x57 W */
    { 0x00, 0x00, 0x26, 0x24, 0x24, 0x14, 0x14, 0x18, 0x14, 0x24, 0x24, 0x26, 0x00, 0x00, 0x00, 0x00 },  /* 0x58 X */
    { 0x00, 0x00, 0x26, 0x26, 0x26, 0x34, 0x1C, 0x1C, 0x08, 0x18, 0x08, 0x18, 0x00, 0x00, 0x00, 0x00 },  /* 0x59 Y */
    { 0x00, 0x00, 0x3E, 0x04, 0x06, 0x04, 0x08, 0x08, 0x10, 0x20, 0x20, 0x3E, 0x00, 0x00, 0x00, 0x00 },  /* 0x5A Z */
    { 0x1C, 0x18, 0x18, 0x18, 0x18, 0x18, 0x18, 0x18, 0x18, 0x18, 0x18, 0x1C, 0x00, 0x00, 0x00, 0x00 },  /* 0x5B [ */
    { 0x20, 0x20, 0x20, 0x10, 0x10, 0x08, 0x18, 0x08, 0x0C, 0x0C, 0x04, 0x06, 0x00, 0x00, 0x00, 0x00 },  /* 0x5C \ */
    { 0x18, 0x08, 0x08, 0x08, 0x08, 0x08, 0x08, 0x08, 0x08, 0x08, 0x08, 0x18, 0x00, 0x00, 0x00, 0x00 },  /* 0x5D ] */
    { 0x00, 0x00, 0x00, 0x18, 0x1C, 0x34, 0x34, 0x26, 0x00, 0x00, 0x00, 0x00, 0x00, 0x00, 0x00, 0x00 },  /* 0x5E ^ */
    { 0x00, 0x00, 0x00, 0x00, 0x00, 0x00, 0x00, 0x00, 0x00, 0x00, 0x3E, 0x00, 0x00, 0x00, 0x00, 0x00 },  /* 0x5F _ */
    { 0x10, 0x18, 0x00, 0x00, 0x00, 0x00, 0x00, 0x00, 0x00, 0x00, 0x00, 0x00, 0x00, 0x00, 0x00, 0x00 },  /* 0x60 ` */
    { 0x00, 0x00, 0x00, 0x00, 0x00, 0x1C, 0x04, 0x04, 0x3C, 0x24, 0x24, 0x3E, 0x00, 0x00, 0x00, 0x00 },  /* 0x61 a */
    { 0x00, 0x00, 0x20, 0x20, 0x20, 0x3C, 0x24, 0x34, 0x26, 0x24, 0x20, 0x38, 0x00, 0x00, 0x00, 0x00 },  /* 0x62 b */
    { 0x00, 0x00, 0x00, 0x00, 0x00, 0x1C, 0x14, 0x36, 0x20, 0x36, 0x14, 0x1C, 0x00, 0x00, 0x00, 0x00 },  /* 0x63 c */
    { 0x00, 0x00, 0x06, 0x06, 0x06, 0x1E, 0x26, 0x26, 0x26, 0x26, 0x26, 0x1E, 0x00, 0x00, 0x00, 0x00 },  /* 0x64 d */
    { 0x00, 0x00, 0x00, 0x00, 0x00, 0x1C, 0x14, 0x26, 0x3E, 0x20, 0x20, 0x1C, 0x00, 0x00, 0x00, 0x00 },  /* 0x65 e */
    { 0x00, 0x00, 0x0C, 0x10, 0x10, 0x3C, 0x10, 0x10, 0x10, 0x10, 0x10, 0x3C, 0x00, 0x00, 0x00, 0x00 },  /* 0x66 f */
    { 0x00, 0x00, 0x00, 0x00, 0x00, 0x1E, 0x16, 0x26, 0x26, 0x26, 0x26, 0x1E, 0x04, 0x04, 0x1C, 0x00 },  /* 0x67 g */
    { 0x00, 0x00, 0x20, 0x20, 0x20, 0x3C, 0x26, 0x26, 0x26, 0x26, 0x26, 0x26, 0x00, 0x00, 0x00, 0x00 },  /* 0x68 h */
    { 0x00, 0x00, 0x18, 0x00, 0x00, 0x18, 0x08, 0x18, 0x18, 0x18, 0x08, 0x3C, 0x00, 0x00, 0x00, 0x00 },  /* 0x69 i */
    { 0x00, 0x00, 0x0C, 0x00, 0x00, 0x1C, 0x0C, 0x0C, 0x0C, 0x0C, 0x0C, 0x0C, 0x18, 0x08, 0x30, 0x00 },  /* 0x6A j */
    { 0x00, 0x00, 0x20, 0x20, 0x20, 0x2E, 0x28, 0x28, 0x38, 0x28, 0x28, 0x2E, 0x00, 0x00, 0x00, 0x00 },  /* 0x6B k */
    { 0x00, 0x00, 0x18, 0x08, 0x18, 0x18, 0x08, 0x18, 0x18, 0x18, 0x08, 0x3C, 0x00, 0x00, 0x00, 0x00 },  /* 0x6C l */
    { 0x00, 0x00, 0x00, 0x00, 0x00, 0x34, 0x2E, 0x2E, 0x2E, 0x2E, 0x2E, 0x2E, 0x00, 0x00, 0x00, 0x00 },  /* 0x6D m */
    { 0x00, 0x00, 0x00, 0x00, 0x00, 0x3C, 0x26, 0x26, 0x26, 0x26, 0x26, 0x26, 0x00, 0x00, 0x00, 0x00 },  /* 0x6E n */
    { 0x00, 0x00, 0x00, 0x00, 0x00, 0x1C, 0x14, 0x24, 0x26, 0x24, 0x24, 0x1C, 0x00, 0x00, 0x00, 0x00 },  /* 0x6F o */
    { 0x00, 0x00, 0x00, 0x00, 0x00, 0x3C, 0x24, 0x34, 0x26, 0x24, 0x24, 0x3C, 0x20, 0x20, 0x20, 0x00 },  /* 0x70 p */
    { 0x00, 0x00, 0x00, 0x00, 0x00, 0x1E, 0x16, 0x36, 0x26, 0x26, 0x36, 0x1E, 0x06, 0x06, 0x06, 0x00 },  /* 0x71 q */
    { 0x00, 0x00, 0x00, 0x00, 0x00, 0x2C, 0x2C, 0x16, 0x10, 0x10, 0x10, 0x38, 0x00, 0x00, 0x00, 0x00 },  /* 0x72 r */
    { 0x00, 0x00, 0x00, 0x00, 0x00, 0x1C, 0x20, 0x20, 0x1C, 0x06, 0x04, 0x3C, 0x00, 0x00, 0x00, 0x00 },  /* 0x73 s */
    { 0x00, 0x00, 0x10, 0x10, 0x10, 0x3C, 0x10, 0x10, 0x10, 0x10, 0x10, 0x0C, 0x00, 0x00, 0x00, 0x00 },  /* 0x74 t */
    { 0x00, 0x00, 0x00, 0x00, 0x00, 0x26, 0x26, 0x26, 0x26, 0x26, 0x26, 0x3E, 0x00, 0x00, 0x00, 0x00 },  /* 0x75 u */
    { 0x00, 0x00, 0x00, 0x00, 0x00, 0x26, 0x24, 0x24, 0x1C, 0x1C, 0x1C, 0x08, 0x00, 0x00, 0x00, 0x00 },  /* 0x76 v */
    { 0x00, 0x00, 0x00, 0x00, 0x00, 0x2E, 0x2E, 0x2E, 0x3C, 0x34, 0x34, 0x24, 0x00, 0x00, 0x00, 0x00 },  /* 0x77 w */
    { 0x00, 0x00, 0x00, 0x00, 0x00, 0x26, 0x24, 0x14, 0x18, 0x14, 0x14, 0x26, 0x00, 0x00, 0x00, 0x00 },  /* 0x78 x */
    { 0x00, 0x00, 0x00, 0x00, 0x00, 0x66, 0x24, 0x24, 0x3C, 0x1C, 0x1C, 0x18, 0x18, 0x18, 0x30, 0x00 },  /* 0x79 y */
    { 0x00, 0x00, 0x00, 0x00, 0x00, 0x3E, 0x0C, 0x0C, 0x18, 0x20, 0x20, 0x3E, 0x00, 0x00, 0x00, 0x00 },  /* 0x7A z */
    { 0x0C, 0x18, 0x08, 0x18, 0x08, 0x18, 0x30, 0x18, 0x18, 0x08, 0x18, 0x0C, 0x00, 0x00, 0x00, 0x00 },  /* 0x7B { */
    { 0x08, 0x18, 0x18, 0x08, 0x18, 0x18, 0x18, 0x08, 0x18, 0x08, 0x18, 0x08, 0x18, 0x00, 0x00, 0x00 },  /* 0x7C | */
    { 0x30, 0x18, 0x08, 0x18, 0x08, 0x18, 0x0C, 0x18, 0x18, 0x08, 0x18, 0x30, 0x00, 0x00, 0x00, 0x00 },  /* 0x7D } */
    { 0x00, 0x00, 0x00, 0x12, 0x12, 0x3E, 0x2C, 0x2C, 0x2C, 0x00, 0x00, 0x00, 0x00, 0x00, 0x00, 0x00 },  /* 0x7E ~ */
    { 0x00, 0x00, 0x00, 0x00, 0x00, 0x00, 0x00, 0x00, 0x00, 0x00, 0x00, 0x00, 0x00, 0x00, 0x00, 0x00 },  /* 0x7F   */
    { 0x00, 0x00, 0x00, 0x00, 0x00, 0x00, 0x00, 0x00, 0x00, 0x00, 0x00, 0x00, 0x00, 0x00, 0x00, 0x00 },  /* 0x80   */
    { 0x00, 0x00, 0x00, 0x00, 0x00, 0x00, 0x00, 0x00, 0x00, 0x00, 0x00, 0x00, 0x00, 0x00, 0x00, 0x00 },  /* 0x81   */
    { 0x00, 0x00, 0x00, 0x00, 0x00, 0x00, 0x00, 0x00, 0x00, 0x00, 0x00, 0x00, 0x00, 0x00, 0x00, 0x00 },  /* 0x82   */
    { 0x00, 0x00, 0x00, 0x00, 0x00, 0x00, 0x00, 0x00, 0x00, 0x00, 0x00, 0x00, 0x00, 0x00, 0x00, 0x00 },  /* 0x83   */
    { 0x00, 0x00, 0x00, 0x00, 0x00, 0x00, 0x00, 0x00, 0x00, 0x00, 0x00, 0x00, 0x00, 0x00, 0x00, 0x00 },  /* 0x84   */
    { 0x00, 0x00, 0x00, 0x00, 0x00, 0x00, 0x00, 0x00, 0x00, 0x00, 0x00, 0x00, 0x00, 0x00, 0x00, 0x00 },  /* 0x85   */
    { 0x00, 0x00, 0x00, 0x00, 0x00, 0x00, 0x00, 0x00, 0x00, 0x00, 0x00, 0x00, 0x00, 0x00, 0x00, 0x00 },  /* 0x86   */
    { 0x00, 0x00, 0x00, 0x00, 0x00, 0x00, 0x00, 0x00, 0x00, 0x00, 0x00, 0x00, 0x00, 0x00, 0x00, 0x00 },  /* 0x87   */
    { 0x00, 0x00, 0x00, 0x00, 0x00, 0x00, 0x00, 0x00, 0x00, 0x00, 0x00, 0x00, 0x00, 0x00, 0x00, 0x00 },  /* 0x88   */
    { 0x00, 0x00, 0x00, 0x00, 0x00, 0x00, 0x00, 0x00, 0x00, 0x00, 0x00, 0x00, 0x00, 0x00, 0x00, 0x00 },  /* 0x89   */
    { 0x00, 0x00, 0x00, 0x00, 0x00, 0x00, 0x00, 0x00, 0x00, 0x00, 0x00, 0x00, 0x00, 0x00, 0x00, 0x00 },  /* 0x8A   */
    { 0x00, 0x00, 0x00, 0x00, 0x00, 0x00, 0x00, 0x00, 0x00, 0x00, 0x00, 0x00, 0x00, 0x00, 0x00, 0x00 },  /* 0x8B   */
    { 0x00, 0x00, 0x00, 0x00, 0x00, 0x00, 0x00, 0x00, 0x00, 0x00, 0x00, 0x00, 0x00, 0x00, 0x00, 0x00 },  /* 0x8C   */
    { 0x00, 0x00, 0x00, 0x00, 0x00, 0x00, 0x00, 0x00, 0x00, 0x00, 0x00, 0x00, 0x00, 0x00, 0x00, 0x00 },  /* 0x8D   */
    { 0x00, 0x00, 0x00, 0x00, 0x00, 0x00, 0x00, 0x00, 0x00, 0x00, 0x00, 0x00, 0x00, 0x00, 0x00, 0x00 },  /* 0x8E   */
    { 0x00, 0x00, 0x00, 0x00, 0x00, 0x00, 0x00, 0x00, 0x00, 0x00, 0x00, 0x00, 0x00, 0x00, 0x00, 0x00 },  /* 0x8F   */
    { 0x00, 0x00, 0x00, 0x00, 0x00, 0x00, 0x00, 0x00, 0x00, 0x00, 0x00, 0x00, 0x00, 0x00, 0x00, 0x00 },  /* 0x90   */
    { 0x00, 0x00, 0x00, 0x00, 0x00, 0x00, 0x00, 0x00, 0x00, 0x00, 0x00, 0x00, 0x00, 0x00, 0x00, 0x00 },  /* 0x91   */
    { 0x00, 0x00, 0x00, 0x00, 0x00, 0x00, 0x00, 0x00, 0x00, 0x00, 0x00, 0x00, 0x00, 0x00, 0x00, 0x00 },  /* 0x92   */
    { 0x00, 0x00, 0x00, 0x00, 0x00, 0x00, 0x00, 0x00, 0x00, 0x00, 0x00, 0x00, 0x00, 0x00, 0x00, 0x00 },  /* 0x93   */
    { 0x00, 0x00, 0x00, 0x00, 0x00, 0x00, 0x00, 0x00, 0x00, 0x00, 0x00, 0x00, 0x00, 0x00, 0x00, 0x00 },  /* 0x94   */
    { 0x00, 0x00, 0x00, 0x00, 0x00, 0x00, 0x00, 0x00, 0x00, 0x00, 0x00, 0x00, 0x00, 0x00, 0x00, 0x00 },  /* 0x95   */
    { 0x00, 0x00, 0x00, 0x00, 0x00, 0x00, 0x00, 0x00, 0x00, 0x00, 0x00, 0x00, 0x00, 0x00, 0x00, 0x00 },  /* 0x96   */
    { 0x00, 0x00, 0x00, 0x00, 0x00, 0x00, 0x00, 0x00, 0x00, 0x00, 0x00, 0x00, 0x00, 0x00, 0x00, 0x00 },  /* 0x97   */
    { 0x00, 0x00, 0x00, 0x00, 0x00, 0x00, 0x00, 0x00, 0x00, 0x00, 0x00, 0x00, 0x00, 0x00, 0x00, 0x00 },  /* 0x98   */
    { 0x00, 0x00, 0x00, 0x00, 0x00, 0x00, 0x00, 0x00, 0x00, 0x00, 0x00, 0x00, 0x00, 0x00, 0x00, 0x00 },  /* 0x99   */
    { 0x00, 0x00, 0x00, 0x00, 0x00, 0x00, 0x00, 0x00, 0x00, 0x00, 0x00, 0x00, 0x00, 0x00, 0x00, 0x00 },  /* 0x9A   */
    { 0x00, 0x00, 0x00, 0x00, 0x00, 0x00, 0x00, 0x00, 0x00, 0x00, 0x00, 0x00, 0x00, 0x00, 0x00, 0x00 },  /* 0x9B   */
    { 0x00, 0x00, 0x00, 0x00, 0x00, 0x00, 0x00, 0x00, 0x00, 0x00, 0x00, 0x00, 0x00, 0x00, 0x00, 0x00 },  /* 0x9C   */
    { 0x00, 0x00, 0x00, 0x00, 0x00, 0x00, 0x00, 0x00, 0x00, 0x00, 0x00, 0x00, 0x00, 0x00, 0x00, 0x00 },  /* 0x9D   */
    { 0x00, 0x00, 0x00, 0x00, 0x00, 0x00, 0x00, 0x00, 0x00, 0x00, 0x00, 0x00, 0x00, 0x00, 0x00, 0x00 },  /* 0x9E   */
    { 0x00, 0x00, 0x00, 0x00, 0x00, 0x00, 0x00, 0x00, 0x00, 0x00, 0x00, 0x00, 0x00, 0x00, 0x00, 0x00 },  /* 0x9F   */
    { 0x00, 0x00, 0x00, 0x00, 0x00, 0x00, 0x00, 0x00, 0x00, 0x00, 0x00, 0x00, 0x00, 0x00, 0x00, 0x00 },  /* 0xA0   */
    { 0x00, 0x00, 0x18, 0x00, 0x00, 0x18, 0x08, 0x18, 0x08, 0x18, 0x08, 0x18, 0x00, 0x00, 0x00, 0x00 },  /* 0xA1   */
    { 0x08, 0x08, 0x08, 0x3C, 0x26, 0x20, 0x20, 0x26, 0x3C, 0x08, 0x08, 0x08, 0x00, 0x00, 0x00, 0x00 },  /* 0xA2   */
    { 0x00, 0x00, 0x1C, 0x14, 0x16, 0x10, 0x10, 0x38, 0x10, 0x12, 0x22, 0x2C, 0x00, 0x00, 0x00, 0x00 },  /* 0xA3   */
    { 0x00, 0x00, 0x00, 0x00, 0x00, 0x3A, 0x3C, 0x34, 0x26, 0x34, 0x3C, 0x3A, 0x00, 0x00, 0x00, 0x00 },  /* 0xA4   */
    { 0x00, 0x00, 0x26, 0x24, 0x26, 0x1C, 0x3E, 0x08, 0x18, 0x3E, 0x08, 0x18, 0x00, 0x00, 0x00, 0x00 },  /* 0xA5   */
    { 0x18, 0x08, 0x18, 0x18, 0x08, 0x18, 0x00, 0x18, 0x08, 0x18, 0x18, 0x08, 0x18, 0x00, 0x00, 0x00 },  /* 0xA6   */
    { 0x00, 0x00, 0x1C, 0x20, 0x20, 0x18, 0x28, 0x24, 0x34, 0x1C, 0x04, 0x06, 0x3C, 0x00, 0x00, 0x00 },  /* 0xA7   */
    { 0x00, 0x34, 0x00, 0x00, 0x00, 0x00, 0x00, 0x00, 0x00, 0x00, 0x00, 0x00, 0x00, 0x00, 0x00, 0x00 },  /* 0xA8   */
    { 0x1C, 0x24, 0x22, 0x3A, 0x32, 0x32, 0x32, 0x32, 0x3A, 0x22, 0x24, 0x1C, 0x00, 0x00, 0x00, 0x00 },  /* 0xA9   */
    { 0x00, 0x00, 0x1C, 0x04, 0x04, 0x1C, 0x14, 0x24, 0x1C, 0x00, 0x00, 0x3C, 0x00, 0x00, 0x00, 0x00 },  /* 0xAA   */
    { 0x00, 0x00, 0x00, 0x00, 0x00, 0x12, 0x14, 0x24, 0x2C, 0x24, 0x14, 0x12, 0x00, 0x00, 0x00, 0x00 },  /* 0xAB   */
    { 0x00, 0x00, 0x00, 0x00, 0x00, 0x00, 0x3E, 0x06, 0x06, 0x06, 0x00, 0x00, 0x00, 0x00, 0x00, 0x00 },  /* 0xAC   */
    { 0x00, 0x00, 0x00, 0x00, 0x00, 0x00, 0x00, 0x00, 0x00, 0x00, 0x00, 0x00, 0x00, 0x00, 0x00, 0x00 },  /* 0xAD   */
    { 0x1C, 0x24, 0x22, 0x3A, 0x3A, 0x3A, 0x3A, 0x3A, 0x3A, 0x3A, 0x24, 0x1C, 0x00, 0x00, 0x00, 0x00 },  /* 0xAE   */
    { 0x00, 0x3C, 0x00, 0x00, 0x00, 0x00, 0x00, 0x00, 0x00, 0x00, 0x00, 0x00, 0x00, 0x00, 0x00, 0x00 },  /* 0xAF   */
    { 0x1C, 0x24, 0x24, 0x24, 0x1C, 0x00, 0x00, 0x00, 0x00, 0x00, 0x00, 0x00, 0x00, 0x00, 0x00, 0x00 },  /* 0xB0   */
    { 0x00, 0x00, 0x18, 0x08, 0x18, 0x3E, 0x08, 0x18, 0x18, 0x00, 0x00, 0x3E, 0x00, 0x00, 0x00, 0x00 },  /* 0xB1   */
    { 0x18, 0x0C, 0x08, 0x08, 0x18, 0x08, 0x1C, 0x00, 0x00, 0x00, 0x00, 0x00, 0x00, 0x00, 0x00, 0x00 },  /* 0xB2   */
    { 0x18, 0x0C, 0x08, 0x18, 0x0C, 0x18, 0x00, 0x00, 0x00, 0x00, 0x00, 0x00, 0x00, 0x00, 0x00, 0x00 },  /* 0xB3   */
    { 0x0C, 0x18, 0x00, 0x00, 0x00, 0x00, 0x00, 0x00, 0x00, 0x00, 0x00, 0x00, 0x00, 0x00, 0x00, 0x00 },  /* 0xB4   */
    { 0x00, 0x00, 0x00, 0x00, 0x00, 0x2C, 0x2C, 0x2C, 0x48, 0x48, 0x48, 0x7C, 0x40, 0x40, 0x80, 0x00 },  /* 0xB5   */
    { 0x1E, 0x34, 0x34, 0x34, 0x34, 0x34, 0x34, 0x14, 0x14, 0x14, 0x14, 0x14, 0x00, 0x00, 0x00, 0x00 },  /* 0xB6   */
    { 0x00, 0x00, 0x00, 0x00, 0x00, 0x00, 0x18, 0x18, 0x18, 0x00, 0x00, 0x00, 0x00, 0x00, 0x00, 0x00 },  /* 0xB7   */
    { 0x00, 0x00, 0x00, 0x00, 0x00, 0x00, 0x00, 0x00, 0x00, 0x00, 0x00, 0x08, 0x18, 0x00, 0x00, 0x00 },  /* 0xB8   */
    { 0x00, 0x08, 0x18, 0x08, 0x08, 0x08, 0x08, 0x08, 0x00, 0x00, 0x00, 0x00, 0x00, 0x00, 0x00, 0x00 },  /* 0xB9   */
    { 0x00, 0x00, 0x1C, 0x14, 0x24, 0x24, 0x24, 0x24, 0x1C, 0x00, 0x00, 0x3C, 0x00, 0x00, 0x00, 0x00 },  /* 0xBA   */
    { 0x00, 0x00, 0x00, 0x00, 0x00, 0x2C, 0x24, 0x24, 0x12, 0x24, 0x24, 0x2C, 0x00, 0x00, 0x00, 0x00 },  /* 0xBB   */
    { 0x20, 0x20, 0x64, 0x28, 0x28, 0x28, 0x36, 0x16, 0x16, 0x3A, 0x0E, 0x02, 0x02, 0x00, 0x00, 0x00 },  /* 0xBC   */
    { 0x20, 0x20, 0x64, 0x28, 0x2C, 0x2A, 0x32, 0x14, 0x14, 0x34, 0x0E, 0x00, 0x00, 0x00, 0x00, 0x00 },  /* 0xBD   */
    { 0x30, 0x10, 0x14, 0x38, 0x18, 0x18, 0x36, 0x16, 0x16, 0x3A, 0x0E, 0x02, 0x02, 0x00, 0x00, 0x00 },  /* 0xBE   */
    { 0x00, 0x00, 0x00, 0x18, 0x00, 0x00, 0x18, 0x30, 0x20, 0x20, 0x26, 0x3C, 0x00, 0x00, 0x00, 0x00 },  /* 0xBF   */
    { 0x00, 0x18, 0x18, 0x1C, 0x34, 0x24, 0x24, 0x3C, 0x26, 0x26, 0x26, 0x00, 0x00, 0x00, 0x00, 0x00 },  /* 0xC0   */
    { 0x00, 0x18, 0x18, 0x1C, 0x34, 0x24, 0x24, 0x3C, 0x26, 0x26, 0x26, 0x00, 0x00, 0x00, 0x00, 0x00 },  /* 0xC1   */
    { 0x00, 0x18, 0x18, 0x1C, 0x34, 0x24, 0x24, 0x3C, 0x26, 0x26, 0x26, 0x00, 0x00, 0x00, 0x00, 0x00 },  /* 0xC2   */
    { 0x00, 0x18, 0x18, 0x1C, 0x34, 0x24, 0x24, 0x3C, 0x26, 0x26, 0x26, 0x00, 0x00, 0x00, 0x00, 0x00 },  /* 0xC3   */
    { 0x00, 0x18, 0x18, 0x1C, 0x34, 0x24, 0x24, 0x3C, 0x26, 0x26, 0x26, 0x00, 0x00, 0x00, 0x00, 0x00 },  /* 0xC4   */
    { 0x00, 0x18, 0x18, 0x1C, 0x34, 0x24, 0x24, 0x3C, 0x26, 0x26, 0x26, 0x00, 0x00, 0x00, 0x00, 0x00 },  /* 0xC5   */
    { 0x00, 0x00, 0x1E, 0x2C, 0x2C, 0x2C, 0x2C, 0x2E, 0x3C, 0x2C, 0x2C, 0x2E, 0x00, 0x00, 0x00, 0x00 },  /* 0xC6   */
    { 0x00, 0x00, 0x1C, 0x14, 0x36, 0x20, 0x20, 0x20, 0x20, 0x36, 0x14, 0x1C, 0x08, 0x18, 0x00, 0x00 },  /* 0xC7   */
    { 0x00, 0x3C, 0x30, 0x30, 0x30, 0x30, 0x3C, 0x30, 0x30, 0x30, 0x3C, 0x00, 0x00, 0x00, 0x00, 0x00 },  /* 0xC8   */
    { 0x00, 0x3C, 0x30, 0x30, 0x30, 0x30, 0x3C, 0x30, 0x30, 0x30, 0x3C, 0x00, 0x00, 0x00, 0x00, 0x00 },  /* 0xC9   */
    { 0x00, 0x3C, 0x30, 0x30, 0x30, 0x30, 0x3C, 0x30, 0x30, 0x30, 0x3C, 0x00, 0x00, 0x00, 0x00, 0x00 },  /* 0xCA   */
    { 0x00, 0x3C, 0x30, 0x30, 0x30, 0x30, 0x3C, 0x30, 0x30, 0x30, 0x3C, 0x00, 0x00, 0x00, 0x00, 0x00 },  /* 0xCB   */
    { 0x00, 0x1C, 0x08, 0x18, 0x18, 0x08, 0x18, 0x18, 0x18, 0x08, 0x1C, 0x00, 0x00, 0x00, 0x00, 0x00 },  /* 0xCC   */
    { 0x00, 0x1C, 0x08, 0x18, 0x18, 0x08, 0x18, 0x18, 0x18, 0x08, 0x1C, 0x00, 0x00, 0x00, 0x00, 0x00 },  /* 0xCD   */
    { 0x00, 0x1C, 0x08, 0x18, 0x18, 0x08, 0x18, 0x18, 0x18, 0x08, 0x1C, 0x00, 0x00, 0x00, 0x00, 0x00 },  /* 0xCE   */
    { 0x00, 0x1C, 0x08, 0x18, 0x18, 0x08, 0x18, 0x18, 0x18, 0x08, 0x1C, 0x00, 0x00, 0x00, 0x00, 0x00 },  /* 0xCF   */
    { 0x00, 0x00, 0x3C, 0x34, 0x34, 0x36, 0x36, 0x36, 0x36, 0x34, 0x34, 0x3C, 0x00, 0x00, 0x00, 0x00 },  /* 0xD0   */
    { 0x00, 0x26, 0x26, 0x36, 0x36, 0x2E, 0x3E, 0x2E, 0x26, 0x26, 0x26, 0x00, 0x00, 0x00, 0x00, 0x00 },  /* 0xD1   */
    { 0x00, 0x1C, 0x14, 0x24, 0x26, 0x26, 0x26, 0x26, 0x24, 0x24, 0x1C, 0x00, 0x00, 0x00, 0x00, 0x00 },  /* 0xD2   */
    { 0x00, 0x1C, 0x14, 0x24, 0x26, 0x26, 0x26, 0x26, 0x24, 0x24, 0x1C, 0x00, 0x00, 0x00, 0x00, 0x00 },  /* 0xD3   */
    { 0x00, 0x1C, 0x14, 0x24, 0x26, 0x26, 0x26, 0x26, 0x24, 0x24, 0x1C, 0x00, 0x00, 0x00, 0x00, 0x00 },  /* 0xD4   */
    { 0x00, 0x1C, 0x14, 0x24, 0x26, 0x26, 0x26, 0x26, 0x24, 0x24, 0x1C, 0x00, 0x00, 0x00, 0x00, 0x00 },  /* 0xD5   */
    { 0x00, 0x1C, 0x14, 0x24, 0x26, 0x26, 0x26, 0x26, 0x24, 0x24, 0x1C, 0x00, 0x00, 0x00, 0x00, 0x00 },  /* 0xD6   */
    { 0x00, 0x00, 0x24, 0x14, 0x14, 0x18, 0x18, 0x18, 0x14, 0x24, 0x00, 0x00, 0x00, 0x00, 0x00, 0x00 },  /* 0xD7   */
    { 0x06, 0x1C, 0x26, 0x26, 0x2E, 0x2E, 0x2E, 0x36, 0x34, 0x34, 0x3C, 0x20, 0x00, 0x00, 0x00, 0x00 },  /* 0xD8   */
    { 0x00, 0x26, 0x26, 0x26, 0x26, 0x26, 0x26, 0x26, 0x26, 0x26, 0x3C, 0x00, 0x00, 0x00, 0x00, 0x00 },  /* 0xD9   */
    { 0x00, 0x26, 0x26, 0x26, 0x26, 0x26, 0x26, 0x26, 0x26, 0x26, 0x3C, 0x00, 0x00, 0x00, 0x00, 0x00 },  /* 0xDA   */
    { 0x00, 0x26, 0x26, 0x26, 0x26, 0x26, 0x26, 0x26, 0x26, 0x26, 0x3C, 0x00, 0x00, 0x00, 0x00, 0x00 },  /* 0xDB   */
    { 0x00, 0x26, 0x26, 0x26, 0x26, 0x26, 0x26, 0x26, 0x26, 0x26, 0x3C, 0x00, 0x00, 0x00, 0x00, 0x00 },  /* 0xDC   */
    { 0x00, 0x26, 0x26, 0x26, 0x34, 0x1C, 0x1C, 0x08, 0x18, 0x08, 0x18, 0x00, 0x00, 0x00, 0x00, 0x00 },  /* 0xDD   */
    { 0x00, 0x00, 0x30, 0x30, 0x3C, 0x34, 0x34, 0x36, 0x34, 0x3C, 0x30, 0x30, 0x00, 0x00, 0x00, 0x00 },  /* 0xDE   */
    { 0x00, 0x00, 0x1C, 0x14, 0x36, 0x36, 0x34, 0x3C, 0x36, 0x36, 0x36, 0x3C, 0x00, 0x00, 0x00, 0x00 },  /* 0xDF   */
    { 0x10, 0x18, 0x00, 0x00, 0x1C, 0x04, 0x04, 0x3C, 0x24, 0x24, 0x3E, 0x00, 0x00, 0x00, 0x00, 0x00 },  /* 0xE0   */
    { 0x0C, 0x18, 0x00, 0x00, 0x1C, 0x04, 0x04, 0x3C, 0x24, 0x24, 0x3E, 0x00, 0x00, 0x00, 0x00, 0x00 },  /* 0xE1   */
    { 0x18, 0x34, 0x00, 0x00, 0x1C, 0x04, 0x04, 0x3C, 0x24, 0x24, 0x3E, 0x00, 0x00, 0x00, 0x00, 0x00 },  /* 0xE2   */
    { 0x1A, 0x2C, 0x00, 0x00, 0x1C, 0x04, 0x04, 0x3C, 0x24, 0x24, 0x3E, 0x00, 0x00, 0x00, 0x00, 0x00 },  /* 0xE3   */
    { 0x00, 0x00, 0x34, 0x00, 0x00, 0x1C, 0x04, 0x04, 0x3C, 0x24, 0x24, 0x3E, 0x00, 0x00, 0x00, 0x00 },  /* 0xE4   */
    { 0x24, 0x1C, 0x00, 0x00, 0x1C, 0x04, 0x04, 0x3C, 0x24, 0x24, 0x3E, 0x00, 0x00, 0x00, 0x00, 0x00 },  /* 0xE5   */
    { 0x00, 0x00, 0x00, 0x00, 0x00, 0x14, 0x0A, 0x0A, 0x3E, 0x28, 0x28, 0x36, 0x00, 0x00, 0x00, 0x00 },  /* 0xE6   */
    { 0x00, 0x00, 0x00, 0x00, 0x00, 0x1C, 0x14, 0x36, 0x20, 0x36, 0x14, 0x1C, 0x08, 0x18, 0x00, 0x00 },  /* 0xE7   */
    { 0x18, 0x08, 0x00, 0x00, 0x1C, 0x14, 0x26, 0x3E, 0x20, 0x20, 0x1C, 0x00, 0x00, 0x00, 0x00, 0x00 },  /* 0xE8   */
    { 0x0C, 0x08, 0x00, 0x00, 0x1C, 0x14, 0x26, 0x3E, 0x20, 0x20, 0x1C, 0x00, 0x00, 0x00, 0x00, 0x00 },  /* 0xE9   */
    { 0x1C, 0x14, 0x00, 0x00, 0x1C, 0x14, 0x26, 0x3E, 0x20, 0x20, 0x1C, 0x00, 0x00, 0x00, 0x00, 0x00 },  /* 0xEA   */
    { 0x00, 0x00, 0x16, 0x00, 0x00, 0x1C, 0x14, 0x26, 0x3E, 0x20, 0x20, 0x1C, 0x00, 0x00, 0x00, 0x00 },  /* 0xEB   */
    { 0x10, 0x18, 0x00, 0x00, 0x18, 0x08, 0x18, 0x18, 0x18, 0x08, 0x3C, 0x00, 0x00, 0x00, 0x00, 0x00 },  /* 0xEC   */
    { 0x0C, 0x18, 0x00, 0x00, 0x18, 0x08, 0x18, 0x18, 0x18, 0x08, 0x3C, 0x00, 0x00, 0x00, 0x00, 0x00 },  /* 0xED   */
    { 0x18, 0x34, 0x00, 0x00, 0x18, 0x08, 0x18, 0x18, 0x18, 0x08, 0x3C, 0x00, 0x00, 0x00, 0x00, 0x00 },  /* 0xEE   */
    { 0x00, 0x00, 0x34, 0x00, 0x00, 0x18, 0x08, 0x18, 0x18, 0x18, 0x08, 0x3C, 0x00, 0x00, 0x00, 0x00 },  /* 0xEF   */
    { 0x1C, 0x0C, 0x0C, 0x16, 0x1E, 0x16, 0x26, 0x26, 0x26, 0x26, 0x1C, 0x00, 0x00, 0x00, 0x00, 0x00 },  /* 0xF0   */
    { 0x1A, 0x2C, 0x00, 0x00, 0x3C, 0x26, 0x26, 0x26, 0x26, 0x26, 0x26, 0x00, 0x00, 0x00, 0x00, 0x00 },  /* 0xF1   */
    { 0x10, 0x18, 0x00, 0x00, 0x1C, 0x14, 0x24, 0x26, 0x24, 0x24, 0x1C, 0x00, 0x00, 0x00, 0x00, 0x00 },  /* 0xF2   */
    { 0x0C, 0x18, 0x00, 0x00, 0x1C, 0x14, 0x24, 0x26, 0x24, 0x24, 0x1C, 0x00, 0x00, 0x00, 0x00, 0x00 },  /* 0xF3   */
    { 0x18, 0x34, 0x00, 0x00, 0x1C, 0x14, 0x24, 0x26, 0x24, 0x24, 0x1C, 0x00, 0x00, 0x00, 0x00, 0x00 },  /* 0xF4   */
    { 0x1A, 0x2C, 0x00, 0x00, 0x1C, 0x14, 0x24, 0x26, 0x24, 0x24, 0x1C, 0x00, 0x00, 0x00, 0x00, 0x00 },  /* 0xF5   */
    { 0x00, 0x00, 0x34, 0x00, 0x00, 0x1C, 0x14, 0x24, 0x26, 0x24, 0x24, 0x1C, 0x00, 0x00, 0x00, 0x00 },  /* 0xF6   */
    { 0x00, 0x00, 0x18, 0x08, 0x18, 0x00, 0x00, 0x3C, 0x00, 0x18, 0x08, 0x18, 0x00, 0x00, 0x00, 0x00 },  /* 0xF7   */
    { 0x00, 0x00, 0x00, 0x06, 0x1C, 0x14, 0x24, 0x2E, 0x34, 0x34, 0x1C, 0x20, 0x00, 0x00, 0x00, 0x00 },  /* 0xF8   */
    { 0x10, 0x18, 0x00, 0x00, 0x26, 0x26, 0x26, 0x26, 0x26, 0x26, 0x3E, 0x00, 0x00, 0x00, 0x00, 0x00 },  /* 0xF9   */
    { 0x0C, 0x18, 0x00, 0x00, 0x26, 0x26, 0x26, 0x26, 0x26, 0x26, 0x3E, 0x00, 0x00, 0x00, 0x00, 0x00 },  /* 0xFA   */
    { 0x18, 0x34, 0x00, 0x00, 0x26, 0x26, 0x26, 0x26, 0x26, 0x26, 0x3E, 0x00, 0x00, 0x00, 0x00, 0x00 },  /* 0xFB   */
    { 0x00, 0x00, 0x34, 0x00, 0x00, 0x26, 0x26, 0x26, 0x26, 0x26, 0x26, 0x3E, 0x00, 0x00, 0x00, 0x00 },  /* 0xFC   */
    { 0x0C, 0x18, 0x00, 0x00, 0x66, 0x24, 0x24, 0x3C, 0x1C, 0x1C, 0x18, 0x18, 0x18, 0x30, 0x00, 0x00 },  /* 0xFD   */
    { 0x00, 0x00, 0x20, 0x20, 0x20, 0x3C, 0x24, 0x24, 0x26, 0x24, 0x24, 0x3C, 0x20, 0x20, 0x20, 0x00 },  /* 0xFE   */
    { 0x00, 0x00, 0x34, 0x00, 0x00, 0x66, 0x24, 0x24, 0x3C, 0x1C, 0x1C, 0x18, 0x18, 0x18, 0x30, 0x00 },  /* 0xFF   */
};

const struct font_face font_faces[FONT_FACES] = {
    { "DejaVu Sans Mono", "Bitstream Vera", glyphs_dejavu },
    { "Liberation Mono", "OFL 1.1", glyphs_liberation },
    { "JetBrains Mono", "OFL 1.1", glyphs_jetbrains },
    { "IBM Plex Mono", "OFL 1.1", glyphs_plex },
    { "Fira Mono", "OFL 1.1", glyphs_fira },
    { "Source Code Pro", "OFL 1.1", glyphs_source },
    { "Inconsolata", "OFL 1.1", glyphs_inconsolata },
    { "Ubuntu Mono", "Ubuntu 1.0", glyphs_ubuntu },
    { "Unifont", "OFL 1.1", glyphs_unifont },
    { "VT323", "OFL 1.1", glyphs_vt323 },
};

/* Bis config_apply() etwas anderes sagt, gilt die erste Schrift.
 * Statisch gesetzt, damit auch der Bildschirmtext vor dem Laden
 * der Einstellungen schon Punkte findet. */
const uint8_t (*font_active)[FONT_HEIGHT] = glyphs_dejavu;
