/* icon_data.c - die Bilder der Symbole.
 *
 * ERZEUGT von scripts/gen_icons.py - nicht von Hand aendern.
 * Vorlagen: Lucide (ISC), siehe third_party/lucide/LICENSE.
 *
 * Jedes Symbol liegt in zwei Groessen bereit, damit es weder
 * in der Werkzeugleiste noch auf dem Desktop gedehnt werden
 * muss. Ein Wort je Punkt: 0xAARRGGBB.
 */

#include "icons.h"

static const uint32_t bits16_folder[256] = {
    0x00000000,0x08000000,0x37000000,0x3B000004,0x3B000004,0x36000000,0x05000000,0x00010100,0x04000000,0x03000000,0x03000000,0x03000000,0x03000000,0x03000000,0x01000000,0x00000000,
    0x2C000005,0xD06E5A2C,0xFDBD9940,0xFFBF9941,0xFEBF9941,0xFBBC9740,0xCC67552A,0x1F000000,0x00030200,0x00010100,0x00010100,0x00010100,0x00010100,0x00020100,0x00020201,0x02000000,
    0xC3574925,0xFFFCCA52,0xFFD6AB47,0xFFC09A41,0xFFBF9941,0xFFDBAF48,0xFFFFD054,0xC4544624,0x38000000,0x39000008,0x38000004,0x37000004,0x38000004,0x34000000,0x07000000,0x00000000,
    0xE2856C31,0xFDF8C750,0xA12D271A,0x37000000,0x37000000,0x81151513,0xFFD2AA47,0xFFF8C650,0xFFBC9740,0xFFC39C42,0xFFC29C42,0xFFC29B42,0xFFC39C42,0xFFBF9A41,0xD36D5A2B,0x2C000005,
    0xDE826B31,0xFFF5C450,0x80413721,0x00020100,0x00050401,0x00000000,0x9C3E341F,0xFAAA893C,0xFFC59E42,0xFFC19B41,0xFFC29C42,0xFFC39C42,0xFFBE9841,0xFFD6AB47,0xFFFBC952,0xC2564824,
    0xDF836B31,0xFFF6C550,0x873E3420,0x03000000,0x07482424,0x01FFFF00,0x00000000,0x28000000,0x39000004,0x37000004,0x37000004,0x3A000008,0x37000000,0xA12D271A,0xFDF8C750,0xE2856C31,
    0xDF836B31,0xFFF6C550,0x863E3520,0x00000000,0x047F3F3F,0x00000000,0x01FFFFFF,0x00020200,0x00010100,0x00010100,0x00010100,0x00030201,0x00020100,0x80413721,0xFFF5C450,0xDE826B31,
    0xDF836B31,0xFFF6C550,0x863E3520,0x00000000,0x047F3F3F,0x00000000,0x00000000,0x02000000,0x03000000,0x03000000,0x03000000,0x07482424,0x03000000,0x873E3420,0xFFF6C550,0xDF836B31,
    0xDF836B31,0xFFF6C550,0x863E3520,0x00000000,0x047F3F3F,0x00000000,0x00000000,0x00000000,0x00000000,0x00000000,0x00000000,0x047F3F3F,0x00000000,0x863E3520,0xFFF6C550,0xDF836B31,
    0xDF836B31,0xFFF6C550,0x863E3520,0x01000000,0x05663333,0x01000000,0x01000000,0x01000000,0x01000000,0x01000000,0x01000000,0x05663333,0x01000000,0x863E3520,0xFFF6C550,0xDF836B31,
    0xDE826A31,0xFFF6C550,0x86443922,0x00040301,0x03FFFFAA,0x00030301,0x00030301,0x00030301,0x00030301,0x00030301,0x00030301,0x03FFFFAA,0x00040301,0x86443922,0xFFF6C550,0xDE826A31,
    0xE0866D32,0xFEF4C34F,0x87232018,0x01000000,0x06000000,0x02000000,0x02000000,0x02000000,0x02000000,0x02000000,0x02000000,0x06000000,0x01000000,0x8723201A,0xFEF4C34F,0xE0866D32,
    0xDA6D5A2B,0xFFFFD053,0xE6997B36,0xCF7D6630,0xD1846C32,0xD0846B31,0xD0846B31,0xD0846B31,0xD0846B31,0xD0846B31,0xD0846B31,0xD1846C32,0xCF7D6630,0xE6997B37,0xFFFFD053,0xDA6C5A2B,
    0x611F1C15,0xFFA1823A,0xFFFECB53,0xFFFBC852,0xFFFBC952,0xFFFCC952,0xFFFCC952,0xFFFCC952,0xFFFCC952,0xFFFCC952,0xFFFCC952,0xFFFBC952,0xFFFBC852,0xFFFECB53,0xFFA1823A,0x601F1D15,
    0x00000000,0x3D00000C,0x8139311F,0x8340361F,0x8340361F,0x8340361F,0x8340361F,0x8340361F,0x8340361F,0x8340361F,0x8340361F,0x833E361F,0x8340361F,0x8139311F,0x3C00000C,0x00000000,
    0x027F7F00,0x00000000,0x00000000,0x00000000,0x00000000,0x00000000,0x00000000,0x00000000,0x00000000,0x00000000,0x00000000,0x00000000,0x00000000,0x00000000,0x00010000,0x027F7F00,
};

static const uint32_t bits16_folder_open[256] = {
    0x00000000,0x08000000,0x37000000,0x3B000004,0x3B000004,0x36000000,0x05000000,0x00010100,0x04000000,0x03000000,0x03000000,0x03000000,0x02000000,0x00000000,0x00000000,0x00000000,
    0x2C000005,0xD06E5A2C,0xFDBD9940,0xFFBF9941,0xFEBF9941,0xFBBC9740,0xCB675429,0x1E000000,0x00030200,0x00010100,0x00010100,0x00010100,0x00020200,0x01FFFFFF,0x00000000,0x00000000,
    0xC3584925,0xFFFCCA52,0xFFD6AB47,0xFFC09A41,0xFFBF9941,0xFFDBAF49,0xFFFFD054,0xC3524524,0x38000000,0x39000008,0x37000004,0x39000004,0x2A000000,0x00000000,0x00000000,0x00000000,
    0xE2856C31,0xFDF8C750,0xA12D271A,0x37000000,0x38000004,0x86181614,0xFFD5AC48,0xFFF9C751,0xFFBE9941,0xFFC59E43,0xFFC39C42,0xFFC69F43,0xFEAD8C3D,0xA6463B20,0x07000000,0x027F7F00,
    0xDE826B31,0xFFF5C450,0x80413721,0x00020100,0x00070501,0x00000000,0x8B382F1D,0xE8AF8D3D,0xF1C7A042,0xF2C39D41,0xF2C69E42,0xF2BE9840,0xFBF0C04D,0xFFD5AB48,0x5B241E16,0x01FFFF00,
    0xDF836B31,0xFFF6C550,0x893D341F,0x03555500,0x12000000,0x6C232117,0x7E3A321E,0xAD1E1C17,0xBF211E18,0xBD201D16,0xBC242118,0xBE111112,0xEE806930,0xFCFDCA51,0x952E291B,0x00000000,
    0xDF836B31,0xFFF6C551,0x86443920,0x00000000,0xC7594925,0xFFE3B64B,0xFFFECB53,0xFFFCC952,0xFFFCC951,0xFFFCC952,0xFFFCC952,0xFFFBC851,0xFFFBC851,0xFFFFD154,0xF8A7863A,0x601F1A15,
    0xDF836B31,0xFFF7C651,0x73443921,0x520C0C0F,0xFFDCB14A,0xFADEB149,0xD57A632E,0xD1846C32,0xD3826A30,0xD3826A30,0xD3826A30,0xD4836B31,0xD37B642F,0xE8927634,0xFFFFCE53,0xDC6F5B2C,
    0xE0826B30,0xFFF9C751,0x93241F18,0xC9826A31,0xFAFFDC58,0xC3574725,0x06000000,0x03000000,0x02000000,0x02000000,0x02000000,0x05000000,0x00000000,0xA43E341F,0xFEFBC952,0xD478612D,
    0xE2826A30,0xFFF8C650,0xB4201D16,0xFBA58639,0xFFBB9641,0x4403070B,0x00050401,0x03FFFF55,0x00030301,0x00030301,0x01FFFFFF,0x00070502,0x07916D24,0xDB896E32,0xFFF9C751,0x983F351F,
    0xDF826A31,0xFFF6C551,0x81433921,0x582B281A,0x682C271A,0x00030300,0x01FFFFFF,0x00030301,0x00030301,0x00030301,0x02FFFF7F,0x00050401,0x30050505,0xFDB6933E,0xFFD2A846,0x5509090F,
    0xE0866D32,0xFEF4C34F,0x8725221A,0x00000000,0x00000000,0x02000000,0x02000000,0x02000000,0x02000000,0x02000000,0x05000000,0x01000000,0x6F040610,0xFFEBBC4D,0xEDA08139,0x1C000000,
    0xDA6D5A2B,0xFFFFD053,0xE6977B36,0xD27D662F,0xD4846C31,0xD0846B31,0xD0846B31,0xD0846B31,0xD0846B31,0xD0846B31,0xD1846C32,0xCF7D662E,0xE89A7D36,0xFFFFD556,0xC668562A,0x00000000,
    0x611F1C15,0xFFA1823A,0xFFFECB53,0xFFFBC852,0xFFFBC952,0xFFFCC952,0xFFFCC952,0xFFFCC952,0xFFFCC952,0xFFFCC952,0xFFFBC952,0xFFFBC852,0xFFFCCA52,0xFF9F8139,0x531B1815,0x01FF0000,
    0x00000000,0x3C00000C,0x8139311F,0x8340361F,0x833E361F,0x8340361F,0x8340361F,0x8340361F,0x8340361F,0x8340361F,0x833E361F,0x8340361F,0x8039311D,0x3B00000C,0x00000000,0x01000000,
    0x027F7F00,0x00010000,0x00000000,0x00000000,0x00000000,0x00000000,0x00000000,0x00000000,0x00000000,0x00000000,0x00000000,0x00000000,0x00000000,0x00010000,0x01FF0000,0x00000000,
};

static const uint32_t bits16_file[256] = {
    0x027F7F7F,0x00000000,0x62171717,0xD46D6F72,0xDE818587,0xDE7D8082,0xDF7D8183,0xDE7E8184,0xE47C7F82,0xE67E8285,0x9F3E3E40,0x10000000,0x00020203,0x03000000,0x00000000,0x00000000,
    0x00010101,0x3D0C0C0C,0xFF9A9FA2,0xFFF8FFFF,0xFFE7EEF3,0xFFEAF1F6,0xFFEAF1F6,0xFFE9EFF5,0xFFEBF2F7,0xFFF4FBFF,0xFFE1E9ED,0xC356585A,0x11000000,0x00030304,0x02000000,0x00000000,
    0x00000000,0x84363638,0xFFF2F9FF,0xE6919497,0x88303032,0x86424444,0x86424244,0x87313133,0xEA7F8386,0xFEE4EBF0,0xFECFD6DA,0xFFF4FBFE,0xC8575A5D,0x11000000,0x00020202,0x01000000,
    0x00000000,0x833E4042,0xFFEEF5FB,0xCD787C7E,0x00000000,0x00000000,0x00000000,0x00000000,0xD07A7E80,0xFFE7EEF4,0xE4262627,0xF4B1B6B8,0xFFEDF1F3,0xC6555758,0x0B000000,0x02FFFFFF,
    0x00000000,0x833C3E40,0xFFEFF6FC,0xD17E8284,0x06555555,0x04FFFFFF,0x04FFFFFF,0x06555555,0xDA7B7F81,0xFBFBFFFF,0xE5787B7D,0xF476797B,0xFAEEF4F7,0xFFCFD5DA,0x65232323,0x00010101,
    0x00000000,0x833C3E40,0xFFEFF6FC,0xD07E8184,0x02000000,0x00030303,0x03AAAAAA,0x00000000,0x9F464849,0xFFD0D7DB,0xFFF0F8FD,0xFFE8EFF4,0xFEE1E8ED,0xFDE5EDF2,0x8B454749,0x00000000,
    0x00000000,0x833C3E40,0xFFEFF6FC,0xD07E8184,0x02000000,0x00030303,0x02000000,0x00000000,0x0B000000,0x70262626,0x87454749,0x87313333,0xE7848789,0xFFECF3F9,0x843B3D3F,0x00000000,
    0x00000000,0x833C3E40,0xFFEFF6FC,0xD07E8184,0x02000000,0x00030303,0x01000000,0x00000000,0x00010101,0x00000000,0x00000000,0x00000000,0xCD7B7E81,0xFFEFF6FC,0x833C3E40,0x00000000,
    0x00000000,0x833C3E40,0xFFEFF6FC,0xD07E8184,0x02000000,0x00030303,0x01000000,0x00000000,0x01000000,0x05333333,0x04FFFFFF,0x06555555,0xD17E8284,0xFFEFF6FC,0x833C3E40,0x00000000,
    0x00000000,0x833C3E40,0xFFEFF6FC,0xD07E8184,0x02000000,0x00030303,0x01000000,0x00000000,0x00000000,0x01000000,0x00030303,0x02000000,0xD07E8184,0xFFEFF6FC,0x833C3E40,0x00000000,
    0x00000000,0x833C3E40,0xFFEFF6FC,0xD07E8184,0x02000000,0x00030303,0x01000000,0x00000000,0x00000000,0x01000000,0x00030303,0x02000000,0xD07E8184,0xFFEFF6FC,0x833C3E40,0x00000000,
    0x00000000,0x833C3E40,0xFFEFF6FC,0xD17E8284,0x06555555,0x04FFFFFF,0x05666666,0x047F7F7F,0x047F7F7F,0x05666666,0x04FFFFFF,0x06555555,0xD17E8284,0xFFEFF6FC,0x833C3E40,0x00000000,
    0x00000000,0x833E4042,0xFFEEF5FB,0xCD787C7E,0x00000000,0x00000000,0x00000000,0x00000000,0x00000000,0x00000000,0x00000000,0x00000000,0xCD787C7E,0xFFEEF5FB,0x833E4042,0x00000000,
    0x00000000,0x84363638,0xFFF2F9FF,0xE6919599,0x88303032,0x86424444,0x873C3E3E,0x863C3E3E,0x863C3E3E,0x873C3E3E,0x86424444,0x88303032,0xE6919599,0xFFF2F9FE,0x84343638,0x00000000,
    0x00010101,0x3C0C0C0C,0xFF9A9EA1,0xFFF8FFFF,0xFFE7EEF3,0xFFEAF1F6,0xFFEAF1F6,0xFFEAF1F6,0xFFEAF1F6,0xFFEAF1F6,0xFFEAF1F6,0xFFE7EEF3,0xFFF8FFFF,0xFF999EA1,0x3C0C0C0C,0x00010101,
    0x027F7F7F,0x00000000,0x62171717,0xD36C6F71,0xDE818587,0xDE7D8084,0xDF7D8183,0xDF7D8183,0xDF7D8183,0xDF7D8183,0xDE7D8084,0xDE818587,0xD36C6F71,0x61151717,0x00000000,0x027F7F7F,
};

static const uint32_t bits16_file_text[256] = {
    0x027F7F7F,0x00000000,0x62171717,0xD46D6F72,0xDE818587,0xDE7D8082,0xDF7D8183,0xDE7E8184,0xE47C7F82,0xE67E8285,0x9F3E3E40,0x10000000,0x00020203,0x03000000,0x00000000,0x00000000,
    0x00010101,0x3D0C0C0C,0xFF9A9FA2,0xFFF8FFFF,0xFFE7EEF3,0xFFEAF1F6,0xFFEAF1F6,0xFFE9EFF5,0xFFEBF2F7,0xFFF4FBFF,0xFFE1E9ED,0xC356585A,0x11000000,0x00030304,0x02000000,0x00000000,
    0x00000000,0x84363638,0xFFF2F9FF,0xE6919497,0x88303032,0x89414344,0x89414344,0x88303032,0xEA7F8386,0xFEE4EBF0,0xFECFD6DA,0xFFF4FBFE,0xC8575A5D,0x11000000,0x00020202,0x01000000,
    0x00000000,0x833E4042,0xFFEEF5FB,0xCE787B7E,0x00000000,0x00000000,0x00000000,0x00000000,0xD17A7D80,0xFFE7EFF4,0xE4262627,0xF4B1B6B8,0xFFEDF1F3,0xC6555758,0x0B000000,0x02FFFFFF,
    0x00000000,0x833C3E40,0xFFEEF6FC,0xCD828688,0x0D000000,0x3A000000,0x3A000000,0x0D000000,0xD67E8184,0xFBFBFFFF,0xE5787B7D,0xF476797B,0xFAEEF4F7,0xFFCFD5DA,0x65232323,0x00010101,
    0x00000000,0x843B3D3F,0xFFF1F8FE,0xC977797C,0xB6404143,0xFFC1C7CA,0xFFC0C5CA,0xAA525455,0x9B434546,0xFFD4DBDF,0xFFF2F9FF,0xFFE8EFF4,0xFEE1E8ED,0xFDE5EDF2,0x8B454749,0x00000000,
    0x00000000,0x843B3D3F,0xFFF1F8FE,0xCA767A7B,0xAA454646,0xF1C3C9CD,0xF2BEC3C8,0x9C565859,0x00000000,0x601F1F1F,0x74444446,0x7E343436,0xE8838789,0xFFECF3F9,0x843B3D3F,0x00000000,
    0x00000000,0x833C3E40,0xFFEFF6FC,0xC585898B,0x3D000000,0xBB202022,0xBC1F2020,0x8E2E3030,0x843F4141,0x763E3E40,0x72373A3C,0x23000000,0xC67E8284,0xFFEFF7FD,0x833C3E40,0x00000000,
    0x00000000,0x843B3D3F,0xFFF2F9FF,0xCB717477,0xDB4F5152,0xFFFEFFFF,0xFFF1F8FD,0xFFF2F9FF,0xFFF1F8FE,0xFFF0F8FD,0xFFFEFFFF,0xE14D4F50,0xCB727678,0xFFF2F9FF,0x843B3D3F,0x00000000,
    0x00000000,0x833C3E40,0xFFF0F7FD,0xC77E8285,0x6B232326,0xD16F7273,0xD46B6D6F,0xD26A6E6F,0xD26A6D6F,0xD16B6F71,0xCF707375,0x6A242426,0xC77E8285,0xFFF0F7FD,0x833C3E40,0x00000000,
    0x00000000,0x833C3E40,0xFFF0F7FD,0xC77E8285,0x6A242426,0xCF707375,0xD16B6F71,0xD26A6D6F,0xD26A6D6F,0xD16B6F71,0xCF707375,0x6A242426,0xC77E8285,0xFFF0F7FD,0x833C3E40,0x00000000,
    0x00000000,0x843B3D3F,0xFFF2F9FE,0xCB737678,0xE14D4F50,0xFFFEFFFF,0xFFF1F8FE,0xFFF3FAFF,0xFFF3FAFF,0xFFF1F8FE,0xFFFEFFFF,0xE14D4F50,0xCB737678,0xFFF2F9FE,0x843B3D3F,0x00000000,
    0x00000000,0x833E4042,0xFFEEF6FB,0xC67B7F82,0x23000000,0x723A3C3C,0x74363939,0x74363639,0x74363639,0x74363939,0x723A3C3C,0x23000000,0xC67B7F82,0xFFEEF6FC,0x833E4042,0x00000000,
    0x00000000,0x84363638,0xFFF2F9FF,0xE7909598,0x7E323434,0x743D3F3F,0x75363638,0x74363939,0x74363939,0x75363638,0x743D3F3F,0x7E323434,0xE7909598,0xFFF2F9FE,0x84343638,0x00000000,
    0x00010101,0x3C0C0C0C,0xFF9A9EA1,0xFFF7FFFF,0xFFE7EEF4,0xFFEBF3F8,0xFFECF3F8,0xFFECF3F8,0xFFECF3F8,0xFFECF3F8,0xFFEBF3F8,0xFFE7EEF4,0xFFF8FFFF,0xFF999EA1,0x3C0C0C0C,0x00010101,
    0x027F7F7F,0x00000000,0x62171717,0xD36C6F71,0xDE818587,0xDE7D8084,0xDF7D8183,0xDF7D8183,0xDF7D8183,0xDF7D8183,0xDE7D8084,0xDE818587,0xD36C6F71,0x61151717,0x00000000,0x027F7F7F,
};

static const uint32_t bits16_disk[256] = {
    0x00000000,0x00000000,0x02000000,0x00010101,0x00000000,0x00000000,0x00000000,0x00000000,0x00000000,0x00000000,0x00000000,0x00000000,0x00010101,0x02000000,0x00000000,0x00000000,
    0x00000000,0x01000000,0x00000000,0x2D000000,0x7C2D2F2F,0x83363A3C,0x83343638,0x8336383A,0x8336383A,0x83343638,0x83363A3C,0x7C2D2F2F,0x2D000000,0x00000000,0x01000000,0x00000000,
    0x03000000,0x01FFFFFF,0x38040404,0xF770767A,0xFFC6D2DC,0xFFC7D3DC,0xFFC6D3DC,0xFFC7D3DD,0xFFC7D3DD,0xFFC6D3DC,0xFFC7D3DC,0xFFC6D2DC,0xF76F757A,0x37040404,0x01FFFFFF,0x03000000,
    0x02FFFFFF,0x00000000,0xC1474B4D,0xFFD2DFE9,0xEF868D94,0xCF63686D,0xD16B7176,0xD06A7074,0xD06A7074,0xD16B7176,0xCF63686D,0xEF868E94,0xFFD2DFE9,0xC1474B4D,0x00000000,0x02FFFFFF,
    0x00010101,0x41030303,0xFF969FA6,0xFFB3BEC7,0x730D0B0B,0x03000000,0x08000000,0x04000000,0x04000000,0x08000000,0x03000000,0x730B0B0B,0xFFB3BEC6,0xFF96A0A6,0x41030303,0x00010101,
    0x00000000,0xBA484B4E,0xFFD5E2EC,0xD6676D71,0x00000101,0x00060607,0x00030404,0x00030404,0x00030404,0x00030404,0x00060607,0x00000101,0xD6666C71,0xFFD5E2EC,0xBA484B4E,0x00000000,
    0x48030300,0xFD969EA5,0xFEAAB5BD,0x93030100,0x32000000,0x38000000,0x35000000,0x35000000,0x35000000,0x35000000,0x38000000,0x32000000,0x92030100,0xFEAAB4BC,0xFD969FA6,0x48030300,
    0xC94E5255,0xFFC6D3DC,0xFDB1BCC4,0xFF939CA3,0xFF98A2A9,0xFF97A0A7,0xFF98A1A8,0xFF98A1A8,0xFF97A0A7,0xFF97A0A7,0xFF97A0A7,0xFF98A1A8,0xFC949DA3,0xFCB2BDC5,0xFFC6D3DC,0xC94D5255,
    0xE96A7075,0xFFC5D2DB,0xFF9BA4AC,0xF99EA7AF,0xF7A0A9B0,0xFF9DA7AE,0xF49FAAB1,0xFC9DA7AF,0xFF9DA7AE,0xFF9DA7AE,0xFF9DA7AE,0xFF9EA7AE,0xFF9DA7AE,0xFF9AA4AB,0xFFC5D2DB,0xE86A7175,
    0xDF696E73,0xFFC2CED7,0x9E212323,0x91050303,0x9C0E0E0E,0x4B000000,0xB3121212,0x72020000,0x3B000000,0x3D000000,0x3B000000,0x3E000000,0x3B000000,0xA2242425,0xFFC2CED7,0xDF696E73,
    0xE1686D72,0xFFC4D0D9,0xAC222223,0xFD8C949A,0xFD8F989F,0x9E161618,0xFFBFCBD4,0xCC62676B,0x00030304,0x00050606,0x00030304,0x00040406,0x00040404,0x803D3F43,0xFFC3CFD8,0xDE696F74,
    0xE16B7175,0xFEC2CED7,0x93181818,0xA4393C3F,0xB03F4244,0x46000000,0xCC4E5256,0x7A212323,0x04000000,0x06000000,0x05000000,0x08000000,0x03000000,0x89212121,0xFEC1CDD6,0xE06C7176,
    0xDA585D61,0xFFCDDAE4,0xE27D8489,0xC55F6468,0xCA646A6D,0xC56F757A,0xCD5E6367,0xC7696F73,0xD06A7074,0xD06A7074,0xD06A7074,0xD16B7175,0xCF656B70,0xE6798186,0xFFCDDAE4,0xDA575D61,
    0x611C1C1C,0xFF81898E,0xFFC9D6DF,0xFFC8D4DE,0xFFC8D5DE,0xFFC7D3DD,0xFFC9D6DF,0xFFC8D4DE,0xFFC7D3DD,0xFFC7D3DD,0xFFC7D3DD,0xFFC7D3DC,0xFFC6D2DC,0xFFC9D6DF,0xFF81888E,0x601D1D1D,
    0x00000000,0x3D000000,0x81313335,0x8336383A,0x8334383A,0x8336383A,0x84363839,0x84363839,0x8336383A,0x8336383A,0x8336383A,0x8334383A,0x8336383A,0x81313335,0x3C000000,0x00000000,
    0x027F7F7F,0x00000000,0x00000000,0x00000000,0x00000000,0x00000000,0x00000000,0x00000000,0x00000000,0x00000000,0x00000000,0x00000000,0x00000000,0x00000000,0x00000000,0x027F7F7F,
};

static const uint32_t bits16_computer[256] = {
    0x00000000,0x07000000,0x36000000,0x3C000000,0x3B000000,0x3B000000,0x3B000000,0x3B000000,0x3B000000,0x3B000000,0x3B000000,0x3B000000,0x3C000000,0x35000000,0x04000000,0x00000101,
    0x2A000000,0xCE4A6069,0xFC7BA4B6,0xFF7CA6B8,0xFF7CA5B7,0xFF7CA5B7,0xFF7CA5B7,0xFF7CA5B7,0xFF7CA5B7,0xFF7CA5B7,0xFF7CA5B7,0xFF7CA5B7,0xFF7CA6B8,0xFC7AA3B5,0xC8475B64,0x23000000,
    0xC03D4D53,0xFFA2DAF3,0xFF8ABACE,0xFF7CA5B7,0xFF7FAABC,0xFF7FA9BB,0xFF7FA9BB,0xFF7FA9BB,0xFF7FA9BB,0xFF7FA9BB,0xFF7FA9BB,0xFF7FAABC,0xFF7CA5B7,0xFF8DBDD2,0xFFA0D8F0,0xBB39484F,
    0xE1587480,0xFDA0D7EF,0xA124292D,0x37000000,0x3A000000,0x37000000,0x37000000,0x37000000,0x37000000,0x37000000,0x37000000,0x3A000000,0x37000000,0xA2252C2F,0xFDA1D8F0,0xE258737F,
    0xDE58747F,0xFF9DD4EB,0x80313B41,0x00010102,0x00010303,0x00000101,0x00000101,0x00000101,0x00000101,0x00000101,0x00000101,0x00010303,0x00010202,0x802F3B3F,0xFF9DD4EB,0xDE58747F,
    0xDF58737E,0xFF9ED5EC,0x872F383E,0x03000000,0x07244848,0x03000000,0x03000000,0x03000000,0x03000000,0x03000000,0x03000000,0x07244848,0x03000000,0x872D383C,0xFF9ED5EC,0xDF58737E,
    0xDF58737E,0xFF9ED5EC,0x862F393E,0x00000000,0x043F7F7F,0x00000000,0x00000000,0x00000000,0x00000000,0x00000000,0x00000000,0x043F7F7F,0x00000000,0x862D393C,0xFF9ED5EC,0xDF58737E,
    0xDF58737E,0xFF9ED5EC,0x862F393E,0x01000000,0x05336666,0x01000000,0x01000000,0x01000000,0x01000000,0x01000000,0x01000000,0x05336666,0x01000000,0x862D393C,0xFF9ED5EC,0xDF58737E,
    0xDE58727E,0xFF9ED5EC,0x85333D45,0x00020303,0x03FFFFFF,0x00020303,0x00020303,0x00020303,0x00020303,0x00020303,0x00020303,0x03FFFFFF,0x00020303,0x86313C42,0xFF9ED5EC,0xDE58727E,
    0xE0597581,0xFE9DD4EB,0x881F2325,0x01000000,0x06000000,0x02000000,0x01000000,0x04000000,0x04000000,0x01000000,0x02000000,0x06000000,0x01000000,0x871E2223,0xFE9DD3EA,0xE0597580,
    0xD6475B65,0xFFA7E1FA,0xE7668897,0xCF536D78,0xD258747F,0xD357727D,0xD257727D,0xD956717D,0xD956717D,0xD257727D,0xD357727D,0xD258737F,0xCF556D78,0xE6648593,0xFFA7E1FA,0xD8495F67,
    0x55151818,0xFC658592,0xFFA2DAF2,0xFFA1D8F0,0xFFA1D9F1,0xFFA2DAF2,0xFFA1D9F1,0xFFA4DDF5,0xFFA4DDF5,0xFFA1D9F1,0xFFA2DAF2,0xFFA1D9F1,0xFFA1D8EF,0xFFA2DBF3,0xFF688A99,0x5E181D1D,
    0x00000000,0x37000000,0x81293135,0x852F3B3F,0x8E252C2E,0xB91C1F21,0xCB121212,0xFD7CA7B8,0xFD7CA7B8,0xCB121212,0xB91C1F21,0x8E252C2E,0x852F393F,0x832A3236,0x3C000000,0x00000000,
    0x0200007F,0x00000101,0x00000000,0x00000000,0xA03C4E54,0xF283AFC2,0xF37CA5B8,0xFF9AD0E6,0xFF9AD0E6,0xF37CA5B8,0xF283AFC2,0xA03C4E54,0x00000000,0x00000000,0x00000001,0x0100FFFF,
    0x00000000,0x03000000,0x06557F7F,0x043F7F7F,0xB33E4F56,0xFF80ABBD,0xFF7DA7B9,0xFF779FB0,0xFF779FB0,0xFF7DA7B9,0xFF80ABBD,0xB33E4F56,0x043F7F7F,0x06557F7F,0x03000000,0x00000000,
    0x00000000,0x00000000,0x01000000,0x00000000,0x08000000,0x3A000000,0x3B000000,0x40000000,0x40000000,0x3B000000,0x3A000000,0x08000000,0x00000000,0x01000000,0x00000000,0x00000000,
};

static const uint32_t bits16_terminal[256] = {
    0x01000000,0x00000000,0x1B000000,0x3C000000,0x3B000000,0x3B000000,0x3B000000,0x3B000000,0x3B000000,0x3B000000,0x3B000000,0x3B000000,0x3B000000,0x18000000,0x00000000,0x01000000,
    0x00000000,0x5F182018,0xEA4F8959,0xFF64B372,0xFF64B171,0xFF64B171,0xFF63B170,0xFF63B170,0xFF63B170,0xFF63B170,0xFF63B170,0xFF63B070,0xFE64B372,0xE84C8355,0x55151815,0x00000000,
    0x1B000000,0xF54B8355,0xFF86F599,0xFF65B572,0xF267B874,0xFB66B774,0xFF66B573,0xFF65B573,0xFF65B573,0xFF65B573,0xFF66B573,0xFF65B472,0xFF66B774,0xFF87F699,0xF14A7D52,0x18000000,
    0x3C000000,0xFF65B372,0xFC66B774,0x73000000,0xAA151515,0x72000000,0x2E000000,0x39000000,0x37000000,0x37000000,0x3A000000,0x37000000,0x64000000,0xFE66B774,0xFF64B371,0x3C000000,
    0x3B000000,0xFE64B271,0xF267B874,0xAF121412,0xFF78DA89,0xE853925E,0x35040004,0x00010201,0x00000201,0x00000100,0x00000100,0x00000200,0x2D000500,0xFF64B472,0xFE63B070,0x3B000000,
    0x3B000000,0xFF63B171,0xFA67B975,0x6B070707,0xE44F8859,0xFF88F99B,0xF9487B50,0x27060D06,0x07489148,0x081F3F1F,0x091C1C1C,0x03005500,0x39000000,0xFF65B573,0xFF63B170,0x3B000000,
    0x3B000000,0xFF63B171,0xFA67B875,0x68070407,0xE24E8959,0xFF88F99B,0xEB4B8254,0x0E000000,0x00000000,0x00000000,0x00000000,0x00000100,0x37000000,0xFF65B573,0xFF63B170,0x3B000000,
    0x3B000000,0xFF64B271,0xF267B974,0xB8121212,0xFF78D989,0xEC518C5A,0x72060004,0x7C293F2D,0x86293C2B,0x852A3F2E,0x5E1B231B,0x00000100,0x38000000,0xFF65B573,0xFF63B170,0x3B000000,
    0x3B000000,0xFF63B170,0xFD65B673,0x48000000,0x74253427,0x35000000,0xC93B6241,0xFF85F097,0xFF7EE38F,0xFF86F499,0xFF579762,0x20000000,0x2E000000,0xFF66B573,0xFF63B170,0x3B000000,
    0x3B000000,0xFF63B170,0xFF65B573,0x33000000,0x00000000,0x00000100,0x76293E2D,0xCE497B51,0xCD487B50,0xD14B8054,0xAC355439,0x09000000,0x35000000,0xFF66B573,0xFF63B170,0x3B000000,
    0x3B000000,0xFF63B170,0xFF65B573,0x3A000000,0x07244824,0x08001F1F,0x00000000,0x03000000,0x04000000,0x05000000,0x00000000,0x0100FF00,0x3A000000,0xFF65B573,0xFF63B170,0x3B000000,
    0x3B000000,0xFE63B070,0xFF64B472,0x2D000500,0x00000200,0x00000100,0x00010201,0x00020402,0x00020402,0x00020402,0x00010301,0x00000200,0x2D000500,0xFF65B473,0xFE63B070,0x3B000000,
    0x3C000000,0xFF64B371,0xFE66B774,0x64000000,0x37000000,0x3A000000,0x37000000,0x38000000,0x38000000,0x38000000,0x3A000000,0x37000000,0x63000000,0xFE65B673,0xFF64B371,0x3C000000,
    0x18000000,0xF14A7D52,0xFF87F699,0xFF66B774,0xFF65B472,0xFF66B573,0xFF65B573,0xFF65B573,0xFF65B573,0xFF65B573,0xFF65B573,0xFF65B473,0xFF65B573,0xFF86F599,0xF54A8254,0x1B000000,
    0x00000000,0x55151815,0xE74D8456,0xFD64B472,0xFF63B070,0xFF63B170,0xFF63B170,0xFF63B170,0xFF63B170,0xFF63B170,0xFF63B170,0xFF63B070,0xFE64B372,0xEA4E8858,0x5E181D18,0x00000000,
    0x01000000,0x00000000,0x18000000,0x3B000000,0x3B000000,0x3B000000,0x3B000000,0x3B000000,0x3B000000,0x3B000000,0x3B000000,0x3B000000,0x3C000000,0x1A000000,0x00000000,0x01000000,
};

static const uint32_t bits16_editor[256] = {
    0x027F0000,0x00000000,0x62171714,0xD4715133,0xDE865F3A,0xDE825D39,0xDF825C39,0xDE825D39,0xE4815C39,0xE6835E39,0x9F403123,0x10000000,0x00020201,0x03000000,0x00000000,0x00000000,
    0x00010100,0x3D0C0C0C,0xFFA07144,0xFFFFB165,0xFFF1A65F,0xFFF4A861,0xFFF4A861,0xFFF2A760,0xFFF5A960,0xFFFFAF63,0xFFEBA25D,0xC35A412B,0x11000000,0x00030201,0x02000000,0x00000000,
    0x00000000,0x84362C20,0xFFFCAE64,0xE6966A40,0x8830271C,0x86443324,0x86443324,0x8733271E,0xEA845E39,0xFEEEA35E,0xFED89556,0xFFFDAF64,0xC85B422B,0x11000000,0x00020101,0x01000000,
    0x00000000,0x83403023,0xFFF8AC63,0xCD7D5937,0x00000000,0x00000000,0x00000000,0x00000000,0xD07F5A38,0xFFF2A65F,0xE426201A,0xF4B7814B,0xFFF2AB62,0xC657402A,0x0B000000,0x02FF7F00,
    0x00000000,0x833E3023,0xFFF9AC63,0xD1835D39,0x06552A2A,0x04FFBF7F,0x04FFBF7F,0x083F1F1F,0xDC7F5B38,0xFCFFB466,0xE57C5937,0xF47A5736,0xFAF6AB60,0xFFD89657,0x65231B16,0x00010000,
    0x00000000,0x833E3023,0xFFF9AC63,0xD0835D39,0x02000000,0x01FFFFFF,0x04FFBF3F,0x00020100,0x96513B28,0xFFDB9859,0xFFFBAD63,0xFFF2A760,0xFEEBA15C,0xFDF0A65F,0x8B473726,0x00000000,
    0x00000000,0x833E3023,0xFFF9AC63,0xD0835D39,0x04000000,0x00050302,0x00000000,0x2F000000,0x34000000,0x681A1816,0x864A3726,0x8832271E,0xE788613B,0xFFF6AA62,0x843D3022,0x00000000,
    0x00000000,0x823E3123,0xFEF6AA62,0xD2805B39,0x00020201,0x11000000,0xB7503B28,0xFDB67E4A,0xFAAD7948,0x8B403122,0x00000000,0x00000000,0xCE7F5A38,0xFFF9AC63,0x833E3023,0x00000000,
    0x00000000,0x893D3023,0xFFFFB668,0xD08E643D,0x12000000,0xC65C422B,0xFFF8AD63,0xFFE09C5A,0xFDEBA25C,0xFFCD8F54,0x5D261E18,0x047F3F3F,0xD5825C38,0xFFF9AC63,0x833E3023,0x00000000,
    0x00000000,0x501F1C19,0xEC986C41,0xA5392C20,0xBF523C28,0xFFFAB064,0xFDCC9053,0x9D06080B,0xE3835D39,0xFBFFB265,0x893D3021,0x00000000,0xD5825C38,0xFFF9AC63,0x833E3023,0x00000000,
    0x01000000,0x00000000,0x28000000,0xCB4F3926,0xFFF9AE64,0xFECB8F53,0x90110E0E,0xB7573D28,0xFDF7AE62,0xFFB47E4B,0x47151511,0x00000000,0xD3815B38,0xFFF9AC63,0x833E3023,0x00000000,
    0x02FFFF7F,0x00010100,0xA7503D27,0xFFF5AC63,0xF8D19355,0x91110E0E,0xB9563E29,0xFFFBB064,0xFFCA8F53,0x8A2E241B,0x02FFFF00,0x083F1F1F,0xD1835D39,0xFFF9AC63,0x833E3023,0x00000000,
    0x00030201,0x1A000000,0xF99D6E42,0xFDECA55E,0xA804070D,0xB8543C28,0xFFFBB065,0xFEC88C52,0x741E1815,0x00000000,0x00000000,0x00000000,0xCD7D5937,0xFFF8AC63,0x83403023,0x00000000,
    0x00000000,0x5E1B1815,0xFDDA9757,0xFAC78950,0xF0835D39,0xFFFFB265,0xFFC78C52,0xAF1D1817,0x75362B1E,0x88453425,0x86443324,0x8830271C,0xE6976A40,0xFFFCAE63,0x84362A1E,0x00000000,
    0x00000000,0x7F342A20,0xFFE7A05D,0xFFFEAE63,0xFFF0A55F,0xFBA87546,0x74231C15,0xAE503A29,0xFFF9AD64,0xFFF4A860,0xFFF4A860,0xFFF1A65F,0xFFFFB265,0xFFA07043,0x3C0C0C0C,0x00010100,
    0x00000000,0x20000007,0xC85F442D,0xD2705133,0x852C241C,0x38000000,0x00000000,0x683D2E22,0xDC805B38,0xDD845E39,0xDE815D38,0xDE865F3A,0xD3705033,0x61171515,0x00000000,0x027F0000,
};

static const uint32_t bits16_info[256] = {
    0x00000000,0x00000000,0x027F7FFF,0x00000000,0x1C000000,0x771E2426,0xBC3A585E,0xD948717B,0xD948717B,0xBC3A585E,0x791D2325,0x1D000000,0x00000000,0x027F7FFF,0x00000000,0x00000000,
    0x01000000,0x027F7FFF,0x00000000,0x6E14191B,0xE74F7D88,0xFF7BCDE0,0xFF88E2F7,0xFF83D9EE,0xFF83D9EE,0xFF88E2F7,0xFF7BCCDF,0xE74F7E89,0x6F16191B,0x00000000,0x027F7FFF,0x01000000,
    0x0355AAAA,0x00000000,0x96233133,0xFF70B7C7,0xFF8BE9FF,0xFA5A92A0,0xBC38585E,0x8F2C4045,0x8F2C4045,0xBC38585E,0xFA5A93A1,0xFF8BE9FF,0xFF6FB6C7,0x96232F33,0x00000000,0x035555AA,
    0x00010101,0x6D191E20,0xFF6FB6C6,0xFF82D9EC,0xC3344F55,0x32000000,0x00000000,0x00000000,0x00000000,0x00000000,0x32000000,0xC3344E55,0xFF82D9ED,0xFF6FB6C6,0x6C171E1E,0x00010101,
    0x1B000000,0xEE4D7A84,0xFE8BEAFF,0xC5324C51,0x09000000,0x00020405,0x111E2D2D,0xB539555C,0xB539575E,0x111E2D2D,0x00020405,0x09000000,0xC6334B52,0xFE8BE9FF,0xED4D7A84,0x1B000000,
    0x7B1A2325,0xFF7BCDE0,0xF75B94A2,0x2B000000,0x00020404,0x027FFFFF,0x2D000000,0xFF609CAA,0xFF629EAC,0x2E000000,0x027FFFFF,0x00020404,0x2C000000,0xF75C95A3,0xFF7BCDDF,0x7B1A2123,
    0xBF39565E,0xFE87E2F7,0xBA39575E,0x00010101,0x03AAFFFF,0x02000000,0x00000000,0x800F0D0D,0x81110F0D,0x00000000,0x02000000,0x03AAFFFF,0x00010101,0xBB39585F,0xFE87E2F7,0xBF39565D,
    0xDB47707A,0xFF83D9ED,0x8C2B3D43,0x01000000,0x062A5555,0x00000101,0x1C000000,0xDF4B7681,0xDE4B7781,0x1C000000,0x00000101,0x062A5555,0x01000000,0x8C2B3D43,0xFF83D9EE,0xDA48717A,
    0xDB47707A,0xFF83D9ED,0x8C2B3D43,0x01000000,0x07244848,0x00000101,0x3A000000,0xFF6EB5C5,0xFF6EB5C5,0x3A000000,0x00000101,0x07244848,0x01000000,0x8C2B3D43,0xFF83D9EE,0xDA48717A,
    0xBF39565D,0xFE87E2F7,0xBA39575F,0x00010101,0x05669999,0x00000101,0x36000000,0xFB67AAB9,0xFB67AAB9,0x36000000,0x00000101,0x05669999,0x00000101,0xBB39585F,0xFE87E2F7,0xBE39575D,
    0x7B1A2323,0xFF7BCDE0,0xF75C94A3,0x2B000000,0x00020404,0x027FFFFF,0x37000000,0xFF6BAFBF,0xFF6BAFBF,0x37000000,0x027FFFFF,0x00020404,0x2C000000,0xF75C96A4,0xFF7BCCDF,0x7A1B2123,
    0x1B000000,0xED4D7A85,0xFE8BE9FF,0xC6334B52,0x09000000,0x00020405,0x0F223333,0xB5355057,0xB5355057,0x0F223333,0x00020405,0x09000000,0xC6334B52,0xFE8CEAFF,0xED4C7984,0x1B000000,
    0x00010101,0x6C191E1E,0xFF6FB6C6,0xFF83D9ED,0xC3354F56,0x33000000,0x00000000,0x00000000,0x00000000,0x00000000,0x33000000,0xC4354F55,0xFF82D9ED,0xFF6FB5C5,0x6C171C1E,0x00010101,
    0x035555AA,0x00000000,0x95232F33,0xFF6FB6C6,0xFF8BE9FF,0xFA5A93A1,0xBD3A575E,0x8F2C4145,0x8F2C4145,0xBD3A575E,0xFA5B93A2,0xFF8CE9FF,0xFF6FB6C6,0x95232F33,0x00000000,0x035555AA,
    0x01000000,0x027F7FFF,0x00000000,0x6D151919,0xE74F7D88,0xFF7BCCDF,0xFF87E2F7,0xFF83D9EE,0xFF83D9EE,0xFF87E2F7,0xFF7BCCDF,0xE74F7D88,0x6E141919,0x00000000,0x027F7FFF,0x01000000,
    0x00000000,0x00000000,0x027F7FFF,0x00000000,0x1C000000,0x771B2224,0xBB39585F,0xD947717B,0xD947707B,0xBB39585F,0x791B2123,0x1D000000,0x00000000,0x027F7FFF,0x00000000,0x00000000,
};

static const uint32_t bits16_trash[256] = {
    0x00000000,0x02000000,0x04000000,0x04003F3F,0x09000000,0x962F3133,0xDE5F6368,0xE161666A,0xE161666A,0xDD5F6469,0x962F3133,0x09000000,0x04003F3F,0x04000000,0x02000000,0x00000000,
    0x01000000,0x00010101,0x00020202,0x00010102,0x89323435,0xFF9FA8AF,0xFFB8C3CB,0xFFB1BBC3,0xFFB1BBC3,0xFFB8C3CB,0xFF9FA8AF,0x88323436,0x00010102,0x00020202,0x00010101,0x01000000,
    0x00000000,0x1A000000,0x3C000000,0x3D000000,0xDF53565A,0xFDBAC5CD,0xDF343638,0xBA181818,0xBA181818,0xDF343638,0xFDBAC5CD,0xDF52565A,0x3D000000,0x3C000000,0x1A000000,0x00000000,
    0x23000000,0xEB5F6469,0xFF929BA1,0xFF81888D,0xFE9DA6AD,0xFDB7C2CA,0xF88E979D,0xF18D969C,0xF18D969C,0xF88E979D,0xFDB7C2CA,0xFE9DA6AD,0xFF81888D,0xFF929BA1,0xEB5F6469,0x23000000,
    0x23000000,0xEB5C6064,0xFFA6AFB7,0xFCB8C3CB,0xFF8E969C,0xFF858C92,0xFF8D959C,0xFF8E969D,0xFF8E969D,0xFF8D959C,0xFF858C92,0xFF8E969C,0xFCB8C3CB,0xFFA6AFB7,0xEB5C6064,0x23000000,
    0x00020303,0x1B000000,0xDD555A5E,0xFEB2BDC5,0xA2212122,0x3D000000,0x3B000000,0x37000000,0x37000000,0x3B000000,0x3D000000,0xA2212122,0xFEB2BDC5,0xDD555A5E,0x1B000000,0x00020303,
    0x01FFFFFF,0x00010202,0xCF63686D,0xFFB4BFC7,0x80353739,0x00010101,0x00020202,0x00010101,0x00010101,0x00020202,0x00010101,0x80353739,0xFFB4BFC7,0xCF63686D,0x00010202,0x01FFFFFF,
    0x00020303,0x04000000,0xD261666A,0xFFB4BFC7,0x87313334,0x03000000,0x07242424,0x03000000,0x03000000,0x07242424,0x03000000,0x87313334,0xFFB4BFC7,0xD261666A,0x04000000,0x00020303,
    0x00020303,0x02000000,0xD161666B,0xFFB4BFC7,0x86313335,0x00000000,0x043F3F3F,0x00000000,0x00000000,0x043F3F3F,0x00000000,0x86313335,0xFFB4BFC7,0xD161666B,0x02000000,0x00020303,
    0x00020303,0x02000000,0xD161666B,0xFFB4BFC7,0x86313335,0x00000000,0x043F3F3F,0x00000000,0x00000000,0x043F3F3F,0x00000000,0x86313335,0xFFB4BFC7,0xD161666B,0x02000000,0x00020303,
    0x00020303,0x02000000,0xD161666B,0xFFB4BFC7,0x86313335,0x00000000,0x043F3F3F,0x00000000,0x00000000,0x043F3F3F,0x00000000,0x86313335,0xFFB4BFC7,0xD161666B,0x02000000,0x00020303,
    0x00020303,0x02000000,0xD161666B,0xFFB4BFC7,0x88323436,0x043F3F3F,0x083F3F3F,0x043F3F3F,0x043F3F3F,0x083F3F3F,0x043F3F3F,0x88323436,0xFFB4BFC7,0xD161666B,0x02000000,0x00020303,
    0x00020303,0x02000000,0xD062666B,0xFFB3BEC5,0x7E282A2C,0x00000000,0x00000000,0x00000000,0x00000000,0x00000000,0x00000000,0x7E282A2C,0xFFB3BEC5,0xD062666B,0x02000000,0x00020303,
    0x00020303,0x01000000,0xD65C6165,0xFDBCC7D0,0xC443474A,0x832C2E2E,0x88323638,0x86313335,0x86313335,0x88323638,0x832C2E2E,0xC5444749,0xFDBCC7D0,0xD55D6265,0x01000000,0x00020303,
    0x03555555,0x00000000,0x8B2F3133,0xFF9FA7AF,0xFFB7C2CA,0xFFB0BAC2,0xFFB2BCC4,0xFFB1BCC4,0xFFB1BCC4,0xFFB2BCC4,0xFFB0BAC2,0xFFB7C2CA,0xFF9FA7AF,0x8B2F3133,0x00000000,0x03555555,
    0x01000000,0x01000000,0x08000000,0x952E2F31,0xDC606468,0xDE62676B,0xDF61656A,0xDF61666A,0xDF61666A,0xDF61656A,0xDE62676B,0xDC606468,0x952E2F31,0x08000000,0x01000000,0x01000000,
};

static const uint32_t bits16_trash_full[256] = {
    0x00000000,0x02000000,0x04000000,0x043F0000,0x09000000,0x96382823,0xDE774E3E,0xE17A4F3F,0xE17A4F3F,0xDD784E3E,0x96382823,0x09000000,0x043F0000,0x04000000,0x02000000,0x00000000,
    0x01000000,0x00010100,0x00030101,0x00020100,0x893D2A25,0xFFCC7F62,0xFFED9270,0xFFE38D6C,0xFFE38C6C,0xFFED9270,0xFFCC7F62,0x883D2B23,0x00020100,0x00030101,0x00010100,0x01000000,
    0x00000000,0x1A000000,0x3C000004,0x3D000000,0xDF664438,0xFDEF9370,0xDF3E2C25,0xBA1A1715,0xBA1A1715,0xDF402C25,0xFDEF9471,0xDF664436,0x3D000000,0x3C000004,0x1A000000,0x00000000,
    0x23000000,0xEB784E3E,0xFFBB755B,0xFFA46851,0xFECA7D61,0xFDEC916E,0xF9B67158,0xF1B57257,0xF1B57257,0xF9B67158,0xFDEC916F,0xFECA7D61,0xFFA46851,0xFFBB755B,0xEB784E3E,0x23000000,
    0x23070000,0xEB734A3C,0xFFD58466,0xFCED9170,0xFFB57158,0xFFA96B53,0xFFB77359,0xFFB77259,0xFFB77259,0xFFB77359,0xFFA96B53,0xFFB57158,0xFCED9170,0xFFD58466,0xEB734A3C,0x23070000,
    0x00030201,0x1B000000,0xDD6B4638,0xFEE58E6D,0xA3231D1A,0x36000000,0x37000000,0x2E000000,0x2E000000,0x37000000,0x36000000,0xA3231D1A,0xFEE58E6D,0xDD6B4638,0x1B000000,0x00030201,
    0x01FFFFFF,0x00020101,0xCF7D5140,0xFFE8906F,0x76452F29,0x1A1D1313,0xC06E493B,0x5C422F26,0x5C422F26,0xC06E493B,0x1A1D1313,0x76452F29,0xFFE8906F,0xCF7D5140,0x00020101,0x01FFFFFF,
    0x00030201,0x04000000,0xD27A4E3F,0xFFEA916F,0x73372723,0x792E231F,0xFFF59875,0xDB644235,0xDB644235,0xFFF59875,0x792E231F,0x73372723,0xFFEA916F,0xD27A4E3F,0x04000000,0x00030201,
    0x00030201,0x02000000,0xD17B4F3F,0xFFEA916F,0x73352723,0x73392723,0xFDEC9270,0xD1684538,0xD1684538,0xFDEC9270,0x73392723,0x73352723,0xFFEA916F,0xD17B4F3F,0x02000000,0x00030201,
    0x00030201,0x02000000,0xD17B4F3F,0xFFEA916F,0x73352723,0x73372723,0xFFEB9170,0xD1674438,0xD1674438,0xFFEB9170,0x73372723,0x73352723,0xFFEA916F,0xD17B4F3F,0x02000000,0x00030201,
    0x00030201,0x02000000,0xD17B4F3F,0xFFEA916F,0x73352723,0x763A2924,0xFBF59774,0xD46B4638,0xD46B4638,0xFBF59774,0x763A2924,0x73352723,0xFFEA916F,0xD17B4F3F,0x02000000,0x00030201,
    0x00030201,0x02000000,0xD17B4F3F,0xFFE9916F,0x753D2B25,0x6B281E1C,0xFFD88769,0xCC5B3D32,0xCC5B3D32,0xFFD88769,0x6B281E1C,0x753D2B25,0xFFE9916F,0xD17B4F3F,0x02000000,0x00030201,
    0x00030201,0x02000000,0xD07D4F3F,0xFFE68F6E,0x7932251F,0x00000000,0x6C251E1C,0x1D000000,0x1D000000,0x6C251E1C,0x00000000,0x7932251F,0xFFE68F6E,0xD07D4F3F,0x02000000,0x00030201,
    0x00030201,0x01000000,0xD6744C3C,0xFDF29572,0xC554382E,0x80372721,0x763E2B26,0x7E3E2C26,0x7E3E2C26,0x763E2B26,0x80372721,0xC554382E,0xFDF29572,0xD5744C3D,0x01000000,0x00030201,
    0x03555555,0x00000000,0x8B3A2A22,0xFFCB7F62,0xFFEC9170,0xFFE28C6C,0xFFE58E6E,0xFFE48D6D,0xFFE48D6D,0xFFE58E6E,0xFFE28C6C,0xFFEC9170,0xFFCB7F62,0x8B3A2A22,0x00000000,0x03555555,
    0x01000000,0x01FF0000,0x08000000,0x95382923,0xDC774D3E,0xDE7C5040,0xDF7A4E3E,0xDF7A4E3E,0xDF7A4E3E,0xDF7A4E3E,0xDE7C5040,0xDC774D3E,0x95382922,0x08000000,0x01FF0000,0x01000000,
};

static const uint32_t bits16_up[256] = {
    0x00000000,0x00000000,0x00000000,0x00000000,0x00000000,0x00000000,0x01000000,0x01FFFFFF,0x01FFFFFF,0x01000000,0x00000000,0x00000000,0x00000000,0x00000000,0x00000000,0x00000000,
    0x00000000,0x00000000,0x00000000,0x00000000,0x00000000,0x01000000,0x00010102,0x00000000,0x00000000,0x00010102,0x01000000,0x00000000,0x00000000,0x00000000,0x00000000,0x00000000,
    0x00000000,0x00000000,0x00000000,0x00000000,0x02000000,0x00020203,0x12000000,0xBF3D4C5C,0xBF3D4C5C,0x13000000,0x00020203,0x02000000,0x00000000,0x00000000,0x00000000,0x00000000,
    0x00000000,0x00000000,0x00000000,0x02000000,0x00020304,0x11000000,0xC73A4757,0xFF91BBEB,0xFF92BBEB,0xC83A4756,0x11000000,0x00020304,0x02000000,0x00000000,0x00000000,0x00000000,
    0x00000000,0x00000000,0x02000000,0x00020304,0x11000000,0xC6394656,0xFF93BDEE,0xFA93BEF0,0xFA93BEF0,0xFF94BEEF,0xC73A4757,0x11000000,0x00020304,0x02000000,0x00000000,0x00000000,
    0x00000000,0x01000000,0x00010203,0x10000000,0xC6384555,0xFF98C4F5,0xFF7291B5,0xFF7899C0,0xFF7799C0,0xFF7291B5,0xFF99C5F6,0xC7394655,0x11000000,0x00010203,0x01000000,0x00000000,
    0x01000000,0x027F7FFF,0x12000000,0xC5374452,0xFF97C3F4,0xFF7B9DC4,0xB6121315,0xFB7293B7,0xFA7393B8,0xB4121315,0xFF7A9DC3,0xFF97C3F4,0xC7384553,0x12000000,0x027F7FFF,0x01000000,
    0x02FFFFFF,0x00000000,0xB7374452,0xFF9BC7FA,0xFF7A9CC3,0x7A21252B,0x28000000,0xFF7697BD,0xFF7697BD,0x28000000,0x7A212529,0xFF7A9CC3,0xFF9BC8FB,0xB7374452,0x00000000,0x02FFFFFF,
    0x027FFFFF,0x00000000,0xB13C4A5A,0xFC6A85A5,0x851E2226,0x00000000,0x39040404,0xFF7495BA,0xFF7495BA,0x39040404,0x00000000,0x851E2226,0xFC6A85A5,0xB03C4B5B,0x00000000,0x027FFFFF,
    0x01000000,0x00000000,0x0A000000,0x2C000000,0x00000000,0x027FFFFF,0x38000000,0xFF7495BA,0xFF7495BA,0x38000000,0x027FFFFF,0x00000000,0x2C000000,0x0A000000,0x00000000,0x01000000,
    0x00000000,0x00000000,0x00000101,0x00010102,0x05333333,0x00000101,0x37000000,0xFF7495BA,0xFF7495BA,0x37000000,0x00000101,0x05333333,0x00010102,0x00000101,0x00000000,0x00000000,
    0x00000000,0x00000000,0x01000000,0x02000000,0x03000000,0x00000101,0x37000000,0xFC7495BB,0xFC7495BB,0x37000000,0x00000101,0x03000000,0x02000000,0x01000000,0x00000000,0x00000000,
    0x00000000,0x00000000,0x00000000,0x00000000,0x03000000,0x00000101,0x37000000,0xFF7799BF,0xFF7799BF,0x37000000,0x00000101,0x03000000,0x00000000,0x00000000,0x00000000,0x00000000,
    0x00000000,0x00000000,0x00000000,0x00000000,0x01000000,0x01FFFFFF,0x0D000000,0xB23A4755,0xB23A4755,0x0D000000,0x01FFFFFF,0x01000000,0x00000000,0x00000000,0x00000000,0x00000000,
    0x00000000,0x00000000,0x00000000,0x00000000,0x00000000,0x00000000,0x00000000,0x00000000,0x00000000,0x00000000,0x00000000,0x00000000,0x00000000,0x00000000,0x00000000,0x00000000,
    0x00000000,0x00000000,0x00000000,0x00000000,0x00000000,0x00000000,0x01000000,0x027FFFFF,0x027FFFFF,0x01000000,0x00000000,0x00000000,0x00000000,0x00000000,0x00000000,0x00000000,
};

static const uint32_t bits16_back[256] = {
    0x00000000,0x00000000,0x00000000,0x00000000,0x00000000,0x00000000,0x01000000,0x027FFFFF,0x027FFFFF,0x01000000,0x00000000,0x00000000,0x00000000,0x00000000,0x00000000,0x00000000,
    0x00000000,0x00000000,0x00000000,0x00000000,0x00000000,0x01000000,0x00010102,0x00000000,0x00000000,0x00000000,0x00000000,0x00000000,0x00000000,0x00000000,0x00000000,0x00000000,
    0x00000000,0x00000000,0x00000000,0x00000000,0x02000000,0x00020202,0x11000000,0xB4384452,0xB03E4B5C,0x0F000000,0x0100FFFF,0x01000000,0x00000000,0x00000000,0x00000000,0x00000000,
    0x00000000,0x00000000,0x00000000,0x02000000,0x00020304,0x11000000,0xC7384353,0xFF9BC8FA,0xFF6884A4,0x2D000000,0x00010202,0x02000000,0x00000000,0x00000000,0x00000000,0x00000000,
    0x00000000,0x00000000,0x03000000,0x00020304,0x10000000,0xC7384553,0xFF97C2F4,0xFF7A9CC3,0x8522282E,0x043F3F3F,0x05333333,0x03000000,0x03000000,0x01000000,0x00000000,0x00000000,
    0x00000000,0x01000000,0x00020203,0x10000000,0xC6394656,0xFF98C4F6,0xFB7CA0C9,0x7A21252B,0x00000000,0x00010202,0x00000101,0x00000101,0x00000102,0x00000101,0x00000000,0x00000000,
    0x01000000,0x01FFFFFF,0x14000000,0xC6394656,0xFF93BDED,0xFD7393B8,0xB60E0C0B,0x30000000,0x3A000000,0x38000000,0x37000000,0x37000000,0x36000000,0x08000000,0x00000000,0x01000000,
    0x02FFFFFF,0x02000000,0xC13C4B5C,0xFF91BBEB,0xFA93BEF0,0xFF7899C1,0xFB7292B7,0xFF7696BC,0xFF7495BA,0xFF7495BA,0xFF7495BA,0xFF7494BA,0xFF7899BF,0xB33A4755,0x00000000,0x027FFFFF,
    0x02FFFFFF,0x02000000,0xC13C4B5C,0xFF91BBEB,0xFA93BEF0,0xFF789AC1,0xFB7292B7,0xFF7696BC,0xFF7495BA,0xFF7495BA,0xFF7495BA,0xFF7494BA,0xFF7899BF,0xB33A4755,0x00000000,0x027FFFFF,
    0x01000000,0x01FFFFFF,0x13000000,0xC6394656,0xFF93BDED,0xFD7393B8,0xB60F0C0B,0x30000000,0x3A000000,0x38000000,0x37000000,0x37000000,0x36000000,0x08000000,0x00000000,0x01000000,
    0x00000000,0x01000000,0x00020203,0x10000000,0xC6394656,0xFF98C4F6,0xFB7DA0C9,0x7A21252B,0x00000000,0x00010202,0x00000101,0x00000101,0x00000102,0x00000101,0x00000000,0x00000000,
    0x00000000,0x00000000,0x03000000,0x00020304,0x10000000,0xC7384553,0xFF97C2F4,0xFF7B9CC3,0x8522282E,0x043F3F3F,0x05333333,0x03000000,0x03000000,0x01000000,0x00000000,0x00000000,
    0x00000000,0x00000000,0x00000000,0x02000000,0x00020304,0x11000000,0xC7384353,0xFF9BC8FA,0xFF6884A4,0x2D000000,0x00010202,0x02000000,0x00000000,0x00000000,0x00000000,0x00000000,
    0x00000000,0x00000000,0x00000000,0x00000000,0x02000000,0x00020202,0x11000000,0xB4384452,0xB03E4B5C,0x0F000000,0x0100FFFF,0x01000000,0x00000000,0x00000000,0x00000000,0x00000000,
    0x00000000,0x00000000,0x00000000,0x00000000,0x00000000,0x01000000,0x00010102,0x00000000,0x00000000,0x00000000,0x00000000,0x00000000,0x00000000,0x00000000,0x00000000,0x00000000,
    0x00000000,0x00000000,0x00000000,0x00000000,0x00000000,0x00000000,0x01000000,0x027FFFFF,0x027FFFFF,0x01000000,0x00000000,0x00000000,0x00000000,0x00000000,0x00000000,0x00000000,
};

static const uint32_t bits16_home[256] = {
    0x00000000,0x00000000,0x00000000,0x01000000,0x02FFFFFF,0x00000000,0x630F0C0C,0xD5495A6F,0xD4495B6E,0x630F0C0C,0x00000000,0x02FFFFFF,0x01000000,0x00000000,0x00000000,0x00000000,
    0x00000000,0x00000000,0x02000000,0x01FFFFFF,0x00000000,0x821D2127,0xFF6F8EB0,0xFF9AC6FA,0xFF9AC6FA,0xFF6F8EB1,0x841C2026,0x00000000,0x00020203,0x02000000,0x00000000,0x00000000,
    0x00000000,0x03000000,0x00020203,0x06000000,0xA629323B,0xFF82A6D0,0xFF99C4F7,0xD0425063,0xCF415061,0xFF98C4F6,0xFF83A7D1,0xA72A333D,0x07000000,0x00020203,0x03000000,0x00000000,
    0x02000000,0x00010102,0x18000000,0xC0364251,0xFF8FB7E6,0xFF8DB4E2,0xBB35404D,0x0F000000,0x0E000000,0xB9343F4B,0xFF8CB3E1,0xFF8FB8E7,0xC2374452,0x19000000,0x00010102,0x02000000,
    0x00010101,0x2A000000,0xDA455669,0xFF99C5F8,0xFF7EA1C9,0x9E282E38,0x07000000,0x02FFFFFF,0x02FFFFFF,0x06000000,0x9E262D35,0xFF7DA0C8,0xFF9AC6F9,0xDC45566A,0x2A000000,0x00010101,
    0x0C000000,0xD6435467,0xFF9DCAFD,0xFD6D8BAD,0x7E1A1C20,0x00000000,0x00020405,0x00000101,0x00000101,0x00020405,0x00000000,0x7E1A1C20,0xFD6D8BAD,0xFF9DCAFD,0xD5445366,0x0C000000,
    0x38000000,0xFF7190B4,0xFD81A5CE,0x6F090906,0x00000000,0x04000000,0x32000000,0x38000000,0x38000000,0x32000000,0x04000000,0x00000000,0x6F090906,0xFD81A5CF,0xFF7190B4,0x38000000,
    0x3C000000,0xFE7392B7,0xFF7392B7,0x2E000000,0x05333333,0xB435414F,0xFF6F8CAF,0xFF7595BB,0xFF7595BB,0xFF6E8CAF,0xB336414E,0x05333333,0x2E000000,0xFF7392B7,0xFE7392B7,0x3C000000,
    0x3B000000,0xFF7392B7,0xFF7597BC,0x2E050505,0x26000000,0xFF6F8DB0,0xFE95C0F2,0xFF7191B5,0xFF7191B5,0xFE95C0F2,0xFF6F8CAF,0x26000000,0x2E050505,0xFF7597BC,0xFF7392B7,0x3B000000,
    0x3B000000,0xFF7392B7,0xFF7596BB,0x2B000000,0x2C000000,0xFD7597BD,0xFE7190B5,0x59000000,0x59000000,0xFE7190B5,0xFD7597BD,0x2C000000,0x2B000000,0xFF7596BB,0xFF7392B7,0x3B000000,
    0x3B000000,0xFF7392B7,0xFF7596BB,0x2D000000,0x2D000000,0xFF7595BA,0xFF7596BC,0x2307070E,0x2307070E,0xFF7596BC,0xFF7595BA,0x2D000000,0x2D000000,0xFF7596BB,0xFF7392B7,0x3B000000,
    0x3B000000,0xFE7391B6,0xFF7595BA,0x21000707,0x2107070F,0xFF7595BB,0xFF7595BC,0x2307070E,0x2307070E,0xFF7595BC,0xFF7595BB,0x2107070F,0x21000707,0xFF7595BA,0xFE7391B6,0x3B000000,
    0x3D000000,0xFF7594BA,0xFE7596BB,0x5A000000,0x59000000,0xFF7291B6,0xFF7291B6,0x59000000,0x59000000,0xFF7291B6,0xFF7291B6,0x59000000,0x5A000000,0xFE7596BB,0xFF7494BA,0x3D000000,
    0x1D000000,0xF6576D88,0xFF9CC9FE,0xFF7596BC,0xFF7292B6,0xFF8FB8E8,0xFF8FB8E8,0xFF7393B8,0xFF7393B8,0xFF8FB8E8,0xFF8FB8E8,0xFF7292B6,0xFF7596BB,0xFF9CC9FE,0xF6576C87,0x1C000000,
    0x00000000,0x601A1D1F,0xEB5B738E,0xFE7494BA,0xFF7392B7,0xFF6E8CB0,0xFF6F8DB0,0xFF7393B8,0xFF7393B8,0xFF6F8DB0,0xFF6E8CB0,0xFF7392B7,0xFE7494BA,0xEB5B718E,0x601A1D1F,0x00000000,
    0x01000000,0x00000000,0x1C000000,0x3C000000,0x3A000000,0x40000000,0x40000000,0x3B000000,0x3B000000,0x40000000,0x40000000,0x3A000000,0x3C000000,0x1C000000,0x00000000,0x01000000,
};

static const uint32_t bits16_new_folder[256] = {
    0x00000000,0x08000000,0x37000000,0x3B000004,0x3B000004,0x36000000,0x05000000,0x00010100,0x04000000,0x03000000,0x03000000,0x03000000,0x03000000,0x03000000,0x01000000,0x00000000,
    0x2C000005,0xD06E5A2C,0xFDBD9940,0xFFBF9941,0xFEBF9941,0xFBBC9740,0xCC67552A,0x1F000000,0x00030200,0x00010100,0x00010100,0x00010100,0x00010100,0x00020100,0x00020201,0x02000000,
    0xC3574925,0xFFFCCA52,0xFFD6AB47,0xFFC09A41,0xFFBF9941,0xFFDBAF48,0xFFFFD054,0xC4544624,0x38000000,0x39000008,0x38000004,0x37000004,0x38000004,0x34000000,0x07000000,0x00000000,
    0xE2856C31,0xFDF8C750,0xA12D271A,0x37000000,0x37000000,0x81151513,0xFFD2AA47,0xFFF9C751,0xFFBD9841,0xFFC39C42,0xFFC29C42,0xFFC29B42,0xFFC39C42,0xFFBF9A41,0xD36D5A2B,0x2C000005,
    0xDE826B31,0xFFF5C450,0x80413721,0x00020100,0x00050401,0x00000000,0x9C3E341F,0xEAB18F3E,0xF3CBA244,0xFFC19B41,0xFFC29C42,0xFFC39C42,0xFFBE9841,0xFFD6AB47,0xFFFBC952,0xC2564824,
    0xDF836B31,0xFFF6C550,0x873E3420,0x03000000,0x083F1F1F,0x05666633,0x00000000,0x8B070910,0x9D0B0C11,0x3B000004,0x3B000004,0x3B000008,0x37000000,0xA12D271A,0xFDF8C750,0xE2856C31,
    0xDF836B31,0xFFF6C550,0x863E3520,0x00000000,0x0655552A,0x00000000,0x20000000,0xFFAC8B3C,0xFFAB8A3C,0x12000000,0x00000000,0x00030301,0x00020100,0x80413721,0xFFF5C450,0xDE826B31,
    0xDF836B31,0xFFF6C550,0x863E3520,0x00000000,0x062A2A00,0x59282519,0xA22D2719,0xFDCCA444,0xFECBA344,0xA52C261A,0x5C262418,0x083F1F1F,0x03000000,0x883F341F,0xFFF6C550,0xDF836B31,
    0xDF836B31,0xFFF6C550,0x893F351F,0x00000000,0x31000005,0xFFA2833B,0xFFFFD255,0xFEEFBF4D,0xFEEFBF4D,0xFFFFD255,0xFFA2833B,0x31000005,0x00000000,0x893F351F,0xFFF6C550,0xDF836B31,
    0xDF836B31,0xFFF6C550,0x87403420,0x01000000,0x120E0E00,0xA95D4C27,0xDC7C662F,0xFCD5AB46,0xFCD5AB46,0xDC7C662F,0xA95D4C27,0x120E0E00,0x01000000,0x87403420,0xFFF6C550,0xDF836B31,
    0xDE826A31,0xFFF6C550,0x85453922,0x00040301,0x03FFFFAA,0x00000000,0x38000000,0xFFC7A044,0xFFC7A044,0x38000000,0x00000000,0x03FFFFAA,0x00040301,0x85453922,0xFFF6C550,0xDE826A31,
    0xE0866D32,0xFEF4C34F,0x87232018,0x01000000,0x07000000,0x04000000,0x0D000000,0xB3423820,0xB3423820,0x0D000000,0x04000000,0x07000000,0x01000000,0x8723201A,0xFEF4C34F,0xE0866D32,
    0xDA6D5A2B,0xFFFFD053,0xE6997B36,0xCF7D6630,0xD1846C32,0xD1836B30,0xCE856C31,0xC87C662F,0xC87C662F,0xCE856C31,0xD1836B30,0xD1846C32,0xCF7D6630,0xE6997B37,0xFFFFD053,0xDA6C5A2B,
    0x611F1C15,0xFFA1823A,0xFFFECB53,0xFFFBC852,0xFFFBC952,0xFFFCC952,0xFFFCC952,0xFFFECB53,0xFFFECB53,0xFFFCC952,0xFFFCC952,0xFFFBC952,0xFFFBC852,0xFFFECB53,0xFFA1823A,0x601F1D15,
    0x00000000,0x3D00000C,0x8139311F,0x8340361F,0x8340361F,0x8340361F,0x8340361F,0x843F361E,0x843F361E,0x8340361F,0x8340361F,0x833E361F,0x8340361F,0x8139311F,0x3C00000C,0x00000000,
    0x027F7F00,0x00000000,0x00000000,0x00000000,0x00000000,0x00000000,0x00000000,0x00000000,0x00000000,0x00000000,0x00000000,0x00000000,0x00000000,0x00000000,0x00010000,0x027F7F00,
};

static const uint32_t bits16_new_file[256] = {
    0x027F7F7F,0x00000000,0x62171717,0xD46D6F72,0xDE818587,0xDE7D8082,0xDF7D8183,0xDE7E8184,0xE47C7F82,0xE67E8285,0x9F3E3E40,0x10000000,0x00020203,0x03000000,0x00000000,0x00000000,
    0x00010101,0x3D0C0C0C,0xFF9A9FA2,0xFFF8FFFF,0xFFE7EEF3,0xFFEAF1F6,0xFFEAF1F6,0xFFE9EFF5,0xFFEBF2F7,0xFFF4FBFF,0xFFE1E9ED,0xC356585A,0x11000000,0x00030304,0x02000000,0x00000000,
    0x00000000,0x84363638,0xFFF2F9FF,0xE6919497,0x88303032,0x86424444,0x86424244,0x87313133,0xEA7F8386,0xFEE4EBF0,0xFECFD6DA,0xFFF4FBFE,0xC8575A5D,0x11000000,0x00020202,0x01000000,
    0x00000000,0x833E4042,0xFFEEF5FB,0xCD787C7E,0x00000000,0x00000000,0x00000000,0x00000000,0xD07A7E80,0xFFE7EEF4,0xE4262627,0xF4B1B6B8,0xFFEDF1F3,0xC6555758,0x0B000000,0x02FFFFFF,
    0x00000000,0x833C3E40,0xFFEFF6FC,0xD17E8284,0x06555555,0x04FFFFFF,0x04FFFFFF,0x07484848,0xDB7B7E81,0xFBFBFFFF,0xE5787B7D,0xF476797B,0xFAEEF4F7,0xFFCFD5DA,0x65232323,0x00010101,
    0x00000000,0x833C3E40,0xFFEFF6FC,0xD07E8184,0x02000000,0x00030303,0x047F7F7F,0x00020202,0x994C4E50,0xFFD0D7DB,0xFFF0F8FD,0xFFE8EFF4,0xFEE1E8ED,0xFDE5EDF2,0x8B454749,0x00000000,
    0x00000000,0x833C3E40,0xFFEFF6FC,0xD07E8184,0x02000000,0x02FFFFFF,0x01000000,0x1F000000,0x2A000000,0x6E272929,0x89444648,0x87313333,0xE7848789,0xFFECF3F9,0x843B3D3F,0x00000000,
    0x00000000,0x833C3E40,0xFFEFF6FC,0xD07E8184,0x04000000,0x00060607,0x131A1A1A,0xEE7C7F81,0xEC7E8183,0x02000000,0x00000000,0x00000000,0xCD7B7E81,0xFFEFF6FC,0x833C3E40,0x00000000,
    0x00000000,0x833C3E40,0xFFEFF6FC,0xD17D8183,0x00000000,0x19000000,0x69000000,0xFFC0C6CA,0xFFC0C6CA,0x6C000000,0x1D000000,0x03AAAAAA,0xD27E8184,0xFFEFF6FC,0x833C3E40,0x00000000,
    0x00000000,0x833C3E40,0xFFEFF6FC,0xCA838789,0x21000000,0xED808385,0xFFC0C5C9,0xFDD9DFE4,0xFDD9DFE4,0xFFC0C5C9,0xED808385,0x21000000,0xCA838789,0xFFEFF6FC,0x833C3E40,0x00000000,
    0x00000000,0x833C3E40,0xFFEFF6FC,0xCA838789,0x21000000,0xED808385,0xFFC0C5C9,0xFDD9DFE4,0xFDD9DFE4,0xFFC0C5C9,0xED808385,0x21000000,0xCA838789,0xFFEFF6FC,0x833C3E40,0x00000000,
    0x00000000,0x833C3E40,0xFFEFF6FC,0xD27E8184,0x03AAAAAA,0x1D000000,0x6D000000,0xFFC2C7CB,0xFFC2C7CB,0x6D000000,0x1D000000,0x03AAAAAA,0xD27E8184,0xFFEFF6FC,0x833C3E40,0x00000000,
    0x00000000,0x833E4042,0xFFEEF5FB,0xCD787C7E,0x00000000,0x00000000,0x01000000,0xDC7E8184,0xDC7E8184,0x01000000,0x00000000,0x00000000,0xCD787C7E,0xFFEEF5FB,0x833E4042,0x00000000,
    0x00000000,0x84363638,0xFFF2F9FF,0xE6919599,0x88303032,0x88414343,0x853D3F41,0xA5262828,0xA5262828,0x853D3F41,0x88414343,0x88303032,0xE6919599,0xFFF2F9FE,0x84343638,0x00000000,
    0x00010101,0x3C0C0C0C,0xFF9A9EA1,0xFFF8FFFF,0xFFE7EEF3,0xFFEAF1F6,0xFFEAF1F6,0xFFEBF3F8,0xFFEBF3F8,0xFFEAF1F6,0xFFEAF1F6,0xFFE7EEF3,0xFFF8FFFF,0xFF999EA1,0x3C0C0C0C,0x00010101,
    0x027F7F7F,0x00000000,0x62171717,0xD36C6F71,0xDE818587,0xDE7D8084,0xDF7D8183,0xE07D8082,0xE07D8082,0xDF7D8183,0xDE7D8084,0xDE818587,0xD36C6F71,0x61151717,0x00000000,0x027F7F7F,
};

static const uint32_t bits16_settings[256] = {
    0x00000000,0x00000000,0x02000000,0x0400003F,0x043F3F3F,0x00000000,0x6B1A1A1A,0xD45F6266,0xD35F6366,0x6B171A1A,0x00000000,0x043F3F3F,0x0400003F,0x02000000,0x00000000,0x00000000,
    0x00000000,0x027F7F7F,0x00020202,0x00000000,0x00030303,0x581F1F1F,0xFF92979D,0xFFD0D9E1,0xFFD1D9E1,0xFF91979D,0x57202020,0x00030303,0x00000000,0x00020202,0x027F7F7F,0x00000000,
    0x01000000,0x00000000,0x1F000000,0x4D0D0909,0x2C000000,0xC046494B,0xFCDDE6EF,0xD55D6064,0xD65C6064,0xFCDCE6EF,0xBF46484A,0x2C000000,0x4D0D0909,0x1F000000,0x00000000,0x01000000,
    0x00000000,0x5817171A,0xF2787D81,0xFFB1B9C0,0xFB888E93,0xF8AFB7BE,0xFFC1C9D1,0x5D1E1E20,0x5E202020,0xFFC2CAD1,0xF8AFB7BE,0xFB898E93,0xFFB1B8C0,0xF1787C81,0x57171717,0x00000000,
    0x14000000,0xEB6C7074,0xFFD4DCE5,0xF7969BA2,0xFFAFB7BE,0xFFACB3B9,0xC2434546,0x38000000,0x39000000,0xC3424546,0xFFACB3B9,0xFFAFB6BD,0xF6979DA3,0xFFD4DCE5,0xEB6C6F74,0x14000000,
    0x35000000,0xFB999FA5,0xFDACB3BA,0x7A000000,0x4D131313,0x70000000,0xC6454649,0xF7969CA3,0xF7969CA3,0xC5454749,0x6F000000,0x4D131313,0x7A000000,0xFDACB3BA,0xFB989EA4,0x35000000,
    0x10000000,0xE463686B,0xFFD9E2EB,0xE6717579,0x17000000,0xB1595C5F,0xFFD3DCE5,0xFFB1B8BF,0xFFB1B8C0,0xFFD4DCE5,0xB0585B5F,0x17000000,0xE7717679,0xFFD9E2EC,0xE462666A,0x10000000,
    0x00020202,0x40070707,0xF2868B91,0xFFC9D1D9,0xAE151515,0xF0969CA2,0xFDB4BBC2,0x690C0C0C,0x6A0C0C0C,0xFDB4BBC2,0xF0959CA1,0xAF151515,0xFFC9D1D9,0xF2858B90,0x3F080808,0x00020202,
    0x00020202,0x400B070B,0xF2868C91,0xFFC9D1D9,0xAE151515,0xF0969CA2,0xFDB4BBC2,0x6A0C0C0C,0x6A0C0C0C,0xFDB4BBC3,0xF0959CA1,0xAF151515,0xFFC8D1D9,0xF2858C90,0x40070707,0x00020202,
    0x10000000,0xE564676A,0xFFD9E2EB,0xE6717478,0x16000000,0xB1575A5D,0xFFD3DCE4,0xFFB1B9C0,0xFFB1B9C0,0xFFD3DCE4,0xB0585B5E,0x17000000,0xE6717579,0xFFD9E2EB,0xE463686A,0x10000000,
    0x35000000,0xFC989EA4,0xFDACB3B9,0x7A000000,0x4E131313,0x70000000,0xC5444548,0xF7969CA3,0xF7969CA3,0xC5444548,0x70000000,0x4D131313,0x7A000000,0xFDACB3BA,0xFC979DA3,0x35000000,
    0x14000000,0xEB6C7074,0xFFD4DCE5,0xF7969CA3,0xFFB0B7BE,0xFFADB4BA,0xC3444547,0x38000000,0x39000000,0xC3444647,0xFFADB4BA,0xFFB0B7BE,0xF7969CA3,0xFFD4DCE5,0xEB6B6F74,0x14000000,
    0x00000000,0x57171717,0xF1777C81,0xFFB1B8BF,0xFB888D92,0xF8AEB5BD,0xFFC2C9D1,0x5E1D2020,0x5E202020,0xFFC2CAD2,0xF8AEB5BD,0xFB888E93,0xFFB1B8C0,0xF1777B81,0x56171717,0x00000000,
    0x01000000,0x00000000,0x1E000000,0x4C0A0A0A,0x2B000000,0xBF46494A,0xFCDDE6EF,0xD65C6064,0xD65E6165,0xFCDCE6EF,0xBF45484A,0x2B000000,0x4C0A0A0A,0x1E000000,0x00000000,0x01000000,
    0x00000000,0x027F7F7F,0x00020202,0x00000000,0x00030303,0x57202020,0xFF92979D,0xFFD1D9E2,0xFFD0D9E1,0xFF91979C,0x571D1D20,0x00030303,0x00000000,0x00020202,0x027F7F7F,0x00000000,
    0x00000000,0x00000000,0x02000000,0x04000000,0x043F3F3F,0x00000000,0x6A18181A,0xD35E6165,0xD35E6165,0x6A181818,0x00000000,0x043F3F3F,0x04000000,0x02000000,0x00000000,0x00000000,
};

static const uint32_t bits16_browser[256] = {
    0x00000000,0x00000000,0x027F7FFF,0x00000000,0x1C000000,0x781D2228,0xBE3B4D63,0xE3465F7C,0xE3465F7C,0xBE3B4D63,0x7A1D2127,0x1D000000,0x00000000,0x027F7FFF,0x00000000,0x00000000,
    0x01000000,0x027F7FFF,0x00000000,0x6E14191B,0xE74F6C8E,0xFF7BABE6,0xFF82B5F4,0xFF86BDFF,0xFF86BDFF,0xFF82B5F5,0xFF7BABE6,0xE84F6C8E,0x6E17191B,0x00000000,0x027F7FFF,0x01000000,
    0x035555AA,0x00000000,0x96232C36,0xFF709ACC,0xFF8AC2FF,0xFE597AA2,0xFD78A9E1,0xFF729FD6,0xFF729FD6,0xFD78A9E1,0xFE597AA2,0xFF8BC2FF,0xFF709BCC,0x96232A34,0x00000000,0x035555AA,
    0x00010101,0x6D191C20,0xFF6F9ACC,0xFF83B9F3,0xCA2A3847,0xE9354458,0xFF8CC4FF,0xC8334254,0xC9344355,0xFF8BC3FF,0xE8344457,0xCA2C3847,0xFF83B9F3,0xFF709ACB,0x6C171C1E,0x00010101,
    0x1B000000,0xEE4D6789,0xFF8CC5FF,0xBA354459,0x4C000000,0xF8739FD6,0xFF6D97CA,0x3E040400,0x3F080400,0xFF6E98CB,0xF8729ED5,0x4B000000,0xBA35455A,0xFF8CC5FF,0xED4D6888,0x1B000000,
    0x7B1A2125,0xFF7CACE8,0xF55E81AC,0x0F000000,0x83324051,0xFF87BDFD,0xD64B6585,0x00000102,0x00000102,0xD74A6686,0xFF87BCFC,0x81334151,0x10000000,0xF55E82AD,0xFF7BACE7,0x7B1A1F25,
    0xBF394A60,0xFE87BDFF,0xCF303E4E,0x33000000,0xCC384B60,0xFF88BFFF,0xBB283340,0x37000000,0x37000000,0xBC2A3341,0xFF89BFFF,0xCB384A5F,0x33000000,0xD0313F4F,0xFE87BDFF,0xBF39495E,
    0xE447607E,0xFF84B9F9,0xFD6B94C7,0xFF658CBC,0xFF719DD3,0xFF80B3F2,0xFF6B94C6,0xFF678FBF,0xFF678FBF,0xFF6B94C7,0xFF80B3F2,0xFF719DD3,0xFF658CBC,0xFD6A94C7,0xFF84B9F9,0xE447607E,
    0xE447607E,0xFF84B9F9,0xFD6B94C7,0xFF658CBC,0xFF719DD3,0xFF80B3F2,0xFF6B94C7,0xFF678FBF,0xFF678FBF,0xFF6B94C7,0xFF80B3F2,0xFF719DD3,0xFF658CBC,0xFD6B94C7,0xFF84B9F9,0xE447607E,
    0xBF394A60,0xFE87BDFF,0xD02F3E4E,0x33000000,0xCC384B60,0xFF88BFFF,0xBC28333F,0x37000000,0x37000000,0xBC2A3441,0xFF89BFFF,0xCB384A5F,0x33000000,0xD0313F4F,0xFE87BDFF,0xBE38495F,
    0x7B1A2125,0xFF7CACE7,0xF55E82AD,0x0F000000,0x82334052,0xFF87BCFD,0xD74A6484,0x00000102,0x00000102,0xD84B6585,0xFF87BCFC,0x81313F51,0x10000000,0xF55E82AE,0xFF7BACE7,0x7A1B1F23,
    0x1B000000,0xED4D6889,0xFF8CC5FF,0xBB35455A,0x4C000000,0xF8729FD5,0xFF6D97CB,0x3E040400,0x3F080400,0xFF6E98CB,0xF8729ED4,0x4B000000,0xBB35455B,0xFF8CC5FF,0xED4C6888,0x1B000000,
    0x00010101,0x6C191C21,0xFF6F9ACB,0xFF84B9F3,0xCB2B3848,0xE9344457,0xFF8BC3FF,0xC9344155,0xC9344356,0xFF8BC4FF,0xE8344456,0xCB2B3848,0xFF84B9F3,0xFF6F99CB,0x6C171C1E,0x00010101,
    0x035555AA,0x00000000,0x95232A35,0xFF709ACC,0xFF8BC2FF,0xFE597BA3,0xFD78A9E1,0xFF729FD6,0xFF73A0D6,0xFD78A8E1,0xFE5A7BA3,0xFF8BC3FF,0xFF6F9ACB,0x95232A35,0x00000000,0x035555AA,
    0x01000000,0x027F7FFF,0x00000000,0x6D15171C,0xE74F6C8D,0xFF7AABE6,0xFF81B5F4,0xFF86BDFF,0xFF86BDFF,0xFF81B5F4,0xFF7AABE6,0xE74F6C8E,0x6E14171B,0x00000000,0x027F7FFF,0x01000000,
    0x00000000,0x00000000,0x027F7FFF,0x00000000,0x1C000000,0x781D2226,0xBD3A4C62,0xE3465F7C,0xE3465F7C,0xBD3A4C62,0x7A1D1F25,0x1D000000,0x00000000,0x027F7FFF,0x00000000,0x00000000,
};

static const uint32_t bits16_reload[256] = {
    0x00000000,0x00000000,0x01000000,0x027F7FFF,0x00000000,0x00000000,0x1B000000,0x38000000,0x38000000,0x1C000000,0x00000000,0x00000000,0x00010202,0x22000000,0x20000000,0x00000000,
    0x00000000,0x01000000,0x01FFFFFF,0x00000000,0x4B030000,0xB53F4D5E,0xE9627C9B,0xFD7090B4,0xFD7190B4,0xEB627D9C,0xBA435264,0x510C0C09,0x17000000,0xEA52677F,0xE750647B,0x1E000000,
    0x01000000,0x027F7F7F,0x02000000,0x98262D35,0xFF7291B5,0xFF9ECCFF,0xFF8DB5E3,0xFF7898BF,0xFF7798BF,0xFF8CB3E1,0xFFA0CEFF,0xFF7DA0C9,0xD5252C33,0xFF7697BD,0xFF7A9CC4,0x3F000000,
    0x035555AA,0x00000000,0x99262E37,0xFF87ADD8,0xFF91BBEC,0xD6495B71,0x721A1D1F,0x3D000000,0x3D000000,0x6619191B,0xC73C4959,0xFD81A4CF,0xFF87ADD9,0xFE85ABD7,0xFE6D8BAD,0x39000000,
    0x00000101,0x490A0D0A,0xFF7190B4,0xFF92BBEB,0xB02C353F,0x0D000000,0x00000000,0x00000101,0x00000001,0x28131319,0xC83D4B5B,0xF9526780,0xF88FB9E9,0xFC9BC9FF,0xFE6D8CAF,0x3F000000,
    0x00000000,0xB93C4A5A,0xFE9ECBFF,0xD848596E,0x09000000,0x00030405,0x05333333,0x07242448,0x03000000,0x8422262C,0xFF8AB0DC,0xFF95BFF1,0xFF89AFDC,0xFF94BFF0,0xFF6681A1,0x3B000000,
    0x1A000000,0xEC617B99,0xFF8DB5E3,0x6F191B1D,0x00010102,0x05333333,0x00000000,0x01000000,0x00000000,0x12000000,0x7824282E,0x882E3841,0x83303844,0xA9252A31,0x85131313,0x00000000,
    0x38000000,0xFD7090B4,0xFF7899BF,0x3C000000,0x0100FFFF,0x03000000,0x00000000,0x00000000,0x00000000,0x00000000,0x00000000,0x00000000,0x0B000000,0xDE51667D,0xDD536781,0x1F000000,
    0x38000000,0xFD7090B4,0xFF7899BF,0x3C000000,0x0100FFFF,0x03000000,0x00000000,0x00000000,0x00000000,0x01000000,0x07242424,0x05336666,0x44030303,0xFF7FA3CC,0xFF7697BD,0x3B000000,
    0x1A000000,0xEC617B99,0xFF8DB5E3,0x6F191B1D,0x00010102,0x05333333,0x00000000,0x00000000,0x00000000,0x00000000,0x05333333,0x00010102,0x6F191B1D,0xFE8CB4E2,0xEA5F7A96,0x18000000,
    0x00000000,0xB93C4A59,0xFE9ECBFF,0xD9485A6E,0x09000000,0x00030405,0x05333333,0x03000000,0x03000000,0x05333333,0x00030405,0x0A000000,0xD9485A6F,0xFE9ECBFF,0xB83B4958,0x00000000,
    0x00010101,0x490A0A0A,0xFF7190B4,0xFF92BCEB,0xB02C353F,0x0D000000,0x00000000,0x00000001,0x00000001,0x00000000,0x0D000000,0xB12C3640,0xFF92BCEC,0xFF718FB3,0x480A0A0A,0x00010101,
    0x035555AA,0x00000000,0x98262E37,0xFF87ACD8,0xFF92BCEC,0xD74A5C71,0x731A1C21,0x3D000000,0x3D000000,0x741A1E20,0xD74A5D71,0xFF92BCED,0xFF86ACD7,0x97262D36,0x00000000,0x035555AA,
    0x01000000,0x027F7F7F,0x02000000,0x97262D36,0xFF7190B4,0xFF9ECBFF,0xFF8DB5E4,0xFF7899C0,0xFF7899C0,0xFF8DB5E4,0xFF9ECBFF,0xFF7190B3,0x97262B34,0x02000000,0x027F7F7F,0x01000000,
    0x00000000,0x00000000,0x01FFFFFF,0x00000000,0x4A030000,0xB43F4C5D,0xE9617B99,0xFC718FB5,0xFC7190B5,0xE8617C99,0xB33E4C5E,0x4A030000,0x00000000,0x01FFFFFF,0x00000000,0x00000000,
    0x00000000,0x00000000,0x01000000,0x027F7FFF,0x00000000,0x00000000,0x1A000000,0x37000000,0x37000000,0x1A000000,0x00000000,0x00000000,0x027F7FFF,0x01000000,0x00000000,0x00000000,
};

static const uint32_t bits16_network[256] = {
    0x00000000,0x00000000,0x00000000,0x02007F00,0x00000000,0x6B1C2623,0xDA476C62,0xDE4C786B,0xDF4C796B,0xDA466B61,0x671D2222,0x00000000,0x02007F00,0x00000000,0x00000000,0x00000000,
    0x00000000,0x00000000,0x02000000,0x00010201,0x21000000,0xFB548576,0xFF8EEBD0,0xFF85D9C1,0xFF85D9C1,0xFF8EEBCF,0xFB538374,0x21000000,0x00010201,0x02000000,0x00000000,0x00000000,
    0x00000000,0x00000000,0x03000000,0x00000101,0x3A000000,0xFF6EB29D,0xFD6FB5A1,0x9A22302C,0x9923302D,0xFD6FB5A0,0xFF6EB29E,0x3A000000,0x00000101,0x03000000,0x00000000,0x00000000,
    0x00000000,0x00000000,0x03000000,0x00000101,0x36000000,0xFD6BAF9B,0xFF69A996,0x20000000,0x20000000,0xFF69A996,0xFD6BAF9B,0x37000000,0x00000101,0x03000000,0x00000000,0x00000000,
    0x00000000,0x00000000,0x03000000,0x02007F7F,0x3A000000,0xFF6CAF9B,0xFD7AC9B2,0xE4456B60,0xE4456B60,0xFD7AC9B2,0xFF6CAF9B,0x3A000000,0x02007F7F,0x03000000,0x00000000,0x00000000,
    0x00000000,0x00000000,0x02007F7F,0x00020403,0x05003333,0xD4466D62,0xFF85D9C0,0xFF8BE5CA,0xFF8BE5CA,0xFF85DBC1,0xD6487064,0x05003333,0x00020403,0x02007F7F,0x00000000,0x00000000,
    0x00000000,0x00000000,0x00000000,0x27000000,0x38000000,0x58000000,0xC10E0A0B,0xFC6CAF9B,0xFC6CAF9A,0xC10E0B0D,0x5A000000,0x38000000,0x26000000,0x00000000,0x00000000,0x00000000,
    0x043F3F3F,0x043F3F3F,0x6C212C28,0xF8598D7E,0xFF6EB29E,0xFF6DB09C,0xF46AAD9A,0xFE83D7BE,0xFE83D7BE,0xF46AAD99,0xFF6CB09C,0xFF6EB29E,0xF8598C7D,0x6B212A28,0x043F3F3F,0x043F3F3F,
    0x00030404,0x00000000,0xD544685D,0xFF91F0D4,0xF56EB49F,0xF96DB19C,0xFF6EB19D,0xFF68A895,0xFF68A895,0xFF6EB19D,0xF86CB19D,0xF56EB49F,0xFF91EFD4,0xD544665D,0x00000000,0x00030404,
    0x09000000,0x69151515,0xE8507D70,0xFA86DDC2,0xDE25332F,0x7F000000,0x34000000,0x3D000000,0x3C000000,0x35000000,0x80000000,0xDE253330,0xFA86DCC3,0xE94F7C6F,0x68131313,0x08000000,
    0xA42E413B,0xFF76BEA8,0xFF8AE3C9,0xFF8BE5CB,0xFF89E2C8,0xF85F9887,0x3D191D1D,0x00010201,0x00010201,0x3E18201C,0xF9619A8A,0xFF89E3C8,0xFF8BE5CB,0xFF8AE4C9,0xFF74BBA6,0xA12C3F3A,
    0xE64B7468,0xFC8CE6CC,0xED4E7A6D,0xDE466D61,0xF4629D8C,0xFF8AE2C8,0x8D273832,0x03000000,0x03000000,0x8C283833,0xFF8AE2C8,0xF4629D8C,0xDE466D61,0xED4E7A6D,0xFC8CE7CC,0xE7497367,
    0xDD4C766A,0xFF86DBC2,0x7E1C2220,0x00000000,0xD1446A5F,0xFF88E0C6,0x842A3B36,0x00000000,0x00000000,0x852A3B35,0xFF88E0C6,0xD1446A5F,0x00000000,0x7E1C2220,0xFF86DBC2,0xDD4C766A,
    0xE44D786C,0xFD88DFC5,0xC4344B44,0x8125332F,0xE74F7C6F,0xFD8BE3C9,0x8A2A3C37,0x00000000,0x00000000,0x8B2A3C37,0xFD8BE3C9,0xE74F7C6F,0x8125332F,0xC4344B44,0xFD88DFC5,0xE44D786C,
    0xC939564D,0xFF87DDC4,0xFF87DEC5,0xFF85D9C0,0xFF8BE4CA,0xFF76BFAA,0x691D2624,0x00000000,0x00000000,0x681D2422,0xFF75BDA8,0xFF8BE4CA,0xFF85D9C0,0xFF87DDC4,0xFF88DFC5,0xCA3A574F,
    0x31050000,0xC53A564E,0xE14E7A6D,0xDD4C786B,0xDF4C786B,0xA22D423B,0x0B000000,0x0100FFFF,0x0100FFFF,0x0A000000,0xA02C3E39,0xE04C776B,0xDD4C786B,0xE14E7A6C,0xC63B5A51,0x34090004,
};

static const uint32_t bits16_code[256] = {
    0x00000000,0x00000000,0x00000000,0x00000000,0x00000000,0x00000000,0x00000000,0x00000000,0x00000001,0x00000000,0x00000000,0x00000000,0x00000000,0x00000000,0x00000000,0x00000000,
    0x00000000,0x00000000,0x00000000,0x00000000,0x00000000,0x00000000,0x01000000,0x00000000,0x0F000000,0x7828242E,0x361C171C,0x00000000,0x02000000,0x00000000,0x00000000,0x00000000,
    0x00000000,0x00000000,0x01000000,0x02FF7FFF,0x02FF7FFF,0x01000000,0x043F3F7F,0x00000000,0x842E2834,0xFFBF96E4,0xCF5C4B6D,0x02FF7FFF,0x03FFFFFF,0x01000000,0x00000000,0x00000000,
    0x00000000,0x01000000,0x00020102,0x00000000,0x00000000,0x00000000,0x01FFFFFF,0x03000000,0xD0635076,0xFBDDACFF,0xA44D3F5B,0x00000000,0x00000000,0x00020102,0x01000000,0x00000000,
    0x03000000,0x00020203,0x11000000,0xB3483B56,0xAF51415E,0x10000000,0x00020103,0x30000000,0xFB9575B1,0xFFB58EDA,0x630A0A0A,0xA1554565,0xB6483C55,0x11000000,0x00020203,0x03000000,
    0x00020203,0x11000000,0xC7493C57,0xFFD8A8FF,0xFF8E70AA,0x31000000,0x00000000,0x7B252129,0xFFC79CEF,0xE6876BA1,0x45000000,0xFF9072AC,0xFFD8A9FF,0xC74A3C57,0x11000000,0x00020203,
    0x13000000,0xC44A3B57,0xFFD4A5FA,0xFFA985C9,0x832A232E,0x02FF7FFF,0x01000000,0xC35A4969,0xFED8A9FF,0xB651415F,0x00000000,0x842C2632,0xFFA984C8,0xFFD5A6FB,0xC54B3E59,0x14000000,
    0xC2493B55,0xFFCB9EF1,0xFDA27EC0,0x7E1E1A22,0x00000000,0x00030204,0x23000000,0xF68A6DA5,0xFFBF96E6,0x6A1A181A,0x00000000,0x00000000,0x7E1E1A22,0xFDA27EC0,0xFFCC9FF2,0xC2493B55,
    0xC2493B55,0xFFCB9EF1,0xFDA27EC0,0x7E1E1A22,0x00000000,0x00000000,0x6A1A181A,0xFFBF95E5,0xF68A6DA5,0x23000000,0x00030204,0x00000000,0x7E1E1A22,0xFDA27EC0,0xFFCC9FF2,0xC2493B55,
    0x13000000,0xC44A3B57,0xFFD4A5FA,0xFFA985C9,0x852C2633,0x00000000,0xB651415F,0xFED8A9FF,0xC25A496A,0x01000000,0x02FF7FFF,0x8229232F,0xFFA984C8,0xFFD5A6FB,0xC54B3E59,0x14000000,
    0x00020203,0x11000000,0xC7493C57,0xFFD8A9FF,0xFF9072AD,0x45000000,0xE6876AA1,0xFFC79CF0,0x7B252129,0x00000000,0x31000000,0xFF8E70A9,0xFFD8A8FF,0xC74A3C57,0x11000000,0x00020203,
    0x03000000,0x00020203,0x11000000,0xB6483C55,0xA1554565,0x630A0A07,0xFFB58EDA,0xFB9575B2,0x30000000,0x00020103,0x10000000,0xAF51415E,0xB3483B55,0x11000000,0x00020203,0x03000000,
    0x00000000,0x01000000,0x00020102,0x00000000,0x00000000,0xA44D3F5A,0xFBDDACFF,0xD0635076,0x03000000,0x01FFFFFF,0x00000000,0x00000000,0x00000000,0x00020102,0x01000000,0x00000000,
    0x00000000,0x00000000,0x01000000,0x03FFFFFF,0x02FF7FFF,0xCF5C4B6D,0xFFBF96E4,0x852E2835,0x00000000,0x043F3F7F,0x01000000,0x02FF7FFF,0x02FF7FFF,0x01000000,0x00000000,0x00000000,
    0x00000000,0x00000000,0x00000000,0x02000000,0x00000000,0x361C171C,0x7828242E,0x10000000,0x00000000,0x01000000,0x00000000,0x00000000,0x00000000,0x00000000,0x00000000,0x00000000,
    0x00000000,0x00000000,0x00000000,0x00000000,0x00000000,0x00000000,0x00000000,0x00000001,0x00000000,0x00000000,0x00000000,0x00000000,0x00000000,0x00000000,0x00000000,0x00000000,
};

static const uint32_t bits16_download[256] = {
    0x00000000,0x00000000,0x00000000,0x00000000,0x00000000,0x01000000,0x00000000,0x21000000,0x21000000,0x00000000,0x01000000,0x00000000,0x00000000,0x00000000,0x00000000,0x00000000,
    0x00000000,0x00000000,0x00000000,0x00000000,0x01000000,0x0100FFFF,0x1C000000,0xEA46785F,0xEA46785F,0x1C000000,0x0100FFFF,0x01000000,0x00000000,0x00000000,0x00000000,0x00000000,
    0x00000000,0x00000000,0x00000000,0x00000000,0x03000000,0x00000101,0x3A000000,0xFF6ABE95,0xFF6ABE95,0x3A000000,0x00000101,0x03000000,0x00000000,0x00000000,0x00000000,0x00000000,
    0x00000000,0x00000000,0x00000000,0x01000000,0x07242424,0x02007F7F,0x36000000,0xFE64B28B,0xFE64B28B,0x36000000,0x02007F7F,0x07242424,0x01000000,0x00000000,0x00000000,0x00000000,
    0x00000000,0x00000000,0x00000000,0x00000000,0x00000000,0x00000101,0x3A000000,0xFF65B48D,0xFF65B48D,0x3A000000,0x00000101,0x00000000,0x00000000,0x00000000,0x00000000,0x00000000,
    0x00000000,0x01000000,0x00000000,0x100F0000,0x7B1F2B25,0x310A0005,0x27000600,0xFF65B58E,0xFF65B58E,0x27000600,0x310A0005,0x7B212B25,0x100F0000,0x00000000,0x01000000,0x00000000,
    0x00000000,0x062A2A2A,0x02000000,0x7F1E2822,0xFF78D6A8,0xEA528E70,0x78000000,0xFB65B68E,0xFB65B68E,0x78000000,0xEA528E70,0xFF78D6A8,0x7F1E2822,0x02000000,0x062A2A2A,0x00000000,
    0x01000000,0x00010201,0x00010302,0x3B111515,0xF04F8A6D,0xFF8CFFC6,0xFF44725B,0xFE62AF89,0xFE62AF89,0xFF43715A,0xFF8CFFC6,0xF0508B6D,0x3B111515,0x00010302,0x00010201,0x01000000,
    0x00000000,0x1F000000,0x22000000,0x00000000,0x42000000,0xF34D8569,0xFF85F4BD,0xFD77D8A9,0xFD76D8A8,0xFF85F3BD,0xF34E876B,0x42000000,0x00000000,0x22000000,0x1F000000,0x00000000,
    0x1F000000,0xEC467760,0xF0477960,0x20000000,0x00010302,0x42000000,0xF44D8368,0xFF84F0BB,0xFF84F1BB,0xF44D8469,0x43030000,0x00010302,0x20000000,0xF0477960,0xEC467760,0x1F000000,
    0x3E000000,0xFF68BA91,0xFF6ABF95,0x3C000000,0x05336666,0x00010201,0x45000000,0xFA4D8469,0xFA4D856A,0x46000000,0x00000201,0x05336666,0x3C000000,0xFF6ABF95,0xFF68BA91,0x3E000000,
    0x3A000000,0xFD61AF89,0xFE63B28B,0x2D000505,0x00000202,0x00010201,0x00000201,0x1C000000,0x1C000000,0x00000201,0x00010201,0x00000202,0x2D000505,0xFE63B28B,0xFD61AF89,0x3A000000,
    0x3D000000,0xFF64B48C,0xFE65B58D,0x63000000,0x37000000,0x3A000000,0x39000000,0x2F000000,0x2F000000,0x39000000,0x3A000000,0x37000000,0x63000000,0xFE65B58D,0xFF64B48C,0x3D000000,
    0x1D000000,0xF64C8368,0xFF86F5BE,0xFF65B48D,0xFF65B48D,0xFF65B58E,0xFF65B58D,0xFF66B58E,0xFF66B58E,0xFF65B58D,0xFF65B58E,0xFF65B48D,0xFF65B58D,0xFF86F5BE,0xF64B8267,0x1C000000,
    0x00000000,0x601A1F1D,0xEB50896D,0xFE65B38C,0xFF63B08A,0xFF63B18A,0xFF63B18A,0xFF63B18A,0xFF63B18A,0xFF63B18A,0xFF63B18A,0xFF63B08A,0xFE65B48C,0xEB50896C,0x60171F1A,0x00000000,
    0x01000000,0x00000000,0x1C000000,0x3C000000,0x3B000000,0x3B000000,0x3B000000,0x3B000000,0x3B000000,0x3B000000,0x3B000000,0x3B000000,0x3C000000,0x1C000000,0x00000000,0x01000000,
};

static const uint32_t bits16_image[256] = {
    0x01000000,0x00000000,0x1B000000,0x3C000000,0x3B000000,0x3B000000,0x3B000000,0x3B000000,0x3B000000,0x3B000000,0x3B000000,0x3B000000,0x3B000000,0x18000000,0x00000000,0x01000000,
    0x00000000,0x5F201A1D,0xEA8D627C,0xFEBA7DA1,0xFFB77C9E,0xFFB87DA0,0xFFB97DA0,0xFFB77C9F,0xFFB77C9F,0xFFB77C9F,0xFFB77C9F,0xFFB77C9E,0xFEB97DA1,0xE8885E76,0x55181518,0x00000000,
    0x1B000000,0xF5875D75,0xFFFEA9DB,0xFFBB7EA2,0xFFBC7FA3,0xF3BE81A5,0xF3BE81A5,0xFFBD80A3,0xFFBB7FA2,0xFFBB7FA2,0xFFBB7FA2,0xFFBA7EA1,0xFFBD80A3,0xFFFFAADB,0xF1825971,0x18000000,
    0x3C000000,0xFFBA7DA1,0xFEBB7FA2,0x5A000000,0x4E000000,0xB0141414,0xAF121414,0x53000000,0x33000000,0x39000000,0x3A000000,0x37000000,0x64000000,0xFEBD80A4,0xFFB97DA0,0x3C000000,
    0x3B000000,0xFEB67C9E,0xFCBE80A4,0x4A000000,0xD07F586F,0xFFEC9ECC,0xFFEC9DCB,0xD9795469,0x13000000,0x00030102,0x00030203,0x00040204,0x30050005,0xFFBA7EA1,0xFEB67C9D,0x3B000000,
    0x3B000000,0xFFB87DA0,0xF2BF81A6,0xB4131313,0xFFEC9ECC,0xF6A46F8F,0xF4A57090,0xFFEB9ECB,0x802B2329,0x00020101,0x00000000,0x00000000,0x300A050A,0xFFBC80A3,0xFFB77C9E,0x3B000000,
    0x3B000000,0xFFB97DA0,0xF2BF81A6,0xB2141414,0xFFEC9ECB,0xF4A67090,0xF1A77292,0xFFEC9ECB,0x6C33282F,0x26000000,0x9A47343E,0x8F4A3743,0x66000000,0xFCBB7EA1,0xFFB77C9F,0x3B000000,
    0x3B000000,0xFFB77C9F,0xFCBF81A4,0x53000000,0xDC765267,0xFFEB9ECB,0xFFEB9ECB,0xD37B556B,0x5A000000,0xEA8A5F78,0xFFF7A5D5,0xFFF8A6D6,0xFF725064,0xFDB77B9E,0xFFB87D9F,0x3B000000,
    0x3B000000,0xFFB77C9F,0xFFBB7FA2,0x2E000000,0x17000000,0x7D2C242A,0x6A372B32,0x5B000000,0xEA8D607B,0xFFFFB0E4,0xEF8D617A,0xF08F627C,0xFFFBA7D8,0xFFEE9FCD,0xFFAC7495,0x3A000000,
    0x3B000000,0xFFB77C9F,0xFFBB7FA2,0x39000000,0x00040203,0x00000000,0x30000000,0xEE8C617B,0xFFFFAFE2,0xF3895E77,0x3A000000,0x3A000000,0xF1885F77,0xFDFDAADC,0xFFAB7494,0x40000000,
    0x3B000000,0xFFB77C9F,0xFFBB7FA2,0x3D040000,0x00030102,0x48000000,0xF8865D75,0xFFFFB0E3,0xF6865D76,0x45000000,0x00030202,0x00020102,0x59000000,0xFFC585AB,0xFFB77C9E,0x3F000000,
    0x3B000000,0xFEB67C9E,0xFFBB7FA2,0x23000000,0x37000000,0xF6885E77,0xFFFFB0E4,0xE892647E,0x36000000,0x00030102,0x00020102,0x00030102,0x280C0606,0xFFB87D9F,0xFEB67C9D,0x3A000000,
    0x3C000000,0xFFBA7EA1,0xFCC081A5,0x82000100,0xED8A5F78,0xFFF8A7D8,0xFA79546A,0x7A000000,0x2E000000,0x3B000000,0x3A000000,0x37000000,0x64000000,0xFEBC7FA3,0xFFB97DA0,0x3C000000,
    0x18000000,0xF1835A72,0xFFFCA8DA,0xFFC686AB,0xFFFDA8D9,0xFEEE9FCD,0xFEB57A9C,0xFCBC7FA2,0xFFBC7FA3,0xFFBB7FA2,0xFFBB7FA2,0xFFBA7EA1,0xFFBB7FA2,0xFFFEA9DB,0xF5865C74,0x1B000000,
    0x00000000,0x55181518,0xE7885E77,0xFEB97DA1,0xFFAB7494,0xFFAC7595,0xFFB97DA0,0xFFB87C9F,0xFFB77C9E,0xFFB77C9F,0xFFB77C9F,0xFFB77C9E,0xFEB97DA1,0xEA8C607A,0x5E201B1D,0x00000000,
    0x01000000,0x00000000,0x17000000,0x40000000,0x40000000,0x3B000000,0x3C000000,0x3B000000,0x3B000000,0x3B000000,0x3B000000,0x3B000000,0x3C000000,0x1A000000,0x00000000,0x01000000,
};

static const uint32_t bits16_restore[256] = {
    0x00000000,0x00000000,0x00000000,0x00000000,0x027F7F7F,0x00000000,0x00000000,0x00000000,0x00000000,0x00000000,0x00000000,0x00000000,0x00000000,0x00000000,0x00000000,0x00000000,
    0x00000000,0x00000000,0x01000000,0x027F7F7F,0x00000000,0x63171917,0x601D271F,0x01000000,0x01000000,0x00000000,0x00000000,0x00000000,0x00000000,0x00000000,0x00000000,0x00000000,
    0x00000000,0x01000000,0x043F7F3F,0x00000000,0x861A221C,0xFF6DC27C,0xFF5A9E66,0x2F000000,0x027FFF7F,0x05000000,0x02000000,0x01000000,0x00000000,0x00000000,0x00000000,0x00000000,
    0x00000000,0x027F7F7F,0x00000000,0x861C261E,0xFF6BBF79,0xFE83F096,0xB73B6442,0x03005500,0x00010301,0x00000100,0x00010201,0x00010302,0x03000000,0x00000000,0x00000000,0x00000000,
    0x027F7F7F,0x00000000,0x861C261E,0xFF69BB77,0xFD7BE18D,0xE4283C2B,0x48000000,0x35000000,0x38000000,0x38000000,0x28000000,0x00000000,0x00000000,0x02007F00,0x00000000,0x00000000,
    0x00000000,0x6C1E2A21,0xFF6ABD79,0xFA84F296,0xFF6FC97E,0xFC61AE6E,0xFF66B674,0xFF65B472,0xFF65B472,0xFF66B573,0xF75DA66A,0xCA3D6644,0x4C060006,0x00000000,0x02000000,0x00000000,
    0x00000000,0x6C1E2A21,0xFF6ABD79,0xFA84F296,0xFF6FC97E,0xFC61AE6E,0xFF66B674,0xFF65B472,0xFF65B473,0xFF64B271,0xFF71CB80,0xFF89F99C,0xFF589A63,0x5B131613,0x00000101,0x03555555,
    0x027F7F7F,0x00000000,0x861C261E,0xFF69BB77,0xFD7BE18D,0xE4283C2B,0x48000000,0x35000000,0x39000000,0x39000000,0x5F0D0A0D,0xDE44724B,0xFF89FA9C,0xF0487A50,0x17000000,0x01FFFFFF,
    0x00000000,0x027F7F7F,0x00000000,0x861C261E,0xFF6BBF79,0xFE83F096,0xB73B6442,0x03005500,0x00010301,0x00000201,0x00000000,0x37000000,0xF75CA469,0xFF76D586,0x61151715,0x00000000,
    0x00000000,0x01000000,0x043F7F3F,0x00000000,0x861A221C,0xFF6CC27B,0xFF5A9D65,0x30000000,0x0355AA55,0x06000000,0x0566CC99,0x00010302,0xD346784E,0xFE81E993,0x83263A2A,0x00000000,
    0x00000000,0x00000000,0x01000000,0x027F7F7F,0x00000000,0x65161916,0x641E281E,0x00020302,0x00020302,0x01FFFFFF,0x00020503,0x13000000,0xEB518D5B,0xFF7CE18E,0x731C251F,0x00000000,
    0x00000000,0x00000000,0x00000000,0x00000000,0x027F7F7F,0x00000000,0x00000000,0x00000000,0x03000000,0x04000000,0x1B000000,0xAD273A2A,0xFF7EE690,0xFF5A9D65,0x2E000000,0x00010201,
    0x00000000,0x00000000,0x00000000,0x00000000,0x027F7F7F,0x043F3F3F,0x772A3E2D,0xCF487C52,0xCF487C51,0xD047784F,0xEC518C5A,0xFF7EE590,0xFF76D486,0x97253728,0x00000100,0x0355AA55,
    0x00000000,0x00000000,0x00000000,0x00000000,0x01FFFFFF,0x00000000,0xDB3A5E40,0xFF86F198,0xFF7FE791,0xFF81E992,0xFF7DE18D,0xFD599E65,0x97253626,0x05000000,0x02007F00,0x01000000,
    0x00000000,0x00000000,0x00000000,0x00000000,0x02000000,0x00000000,0x33141414,0x82273829,0x82293C2D,0x82293C2D,0x701D281F,0x2F000000,0x00000000,0x00010101,0x00000000,0x00000000,
    0x00000000,0x00000000,0x00000000,0x00000000,0x00000000,0x00000000,0x00000000,0x00000000,0x00000000,0x00000000,0x00000000,0x00000201,0x027FFF7F,0x01000000,0x00000000,0x00000000,
};

static const uint32_t bits16_play[256] = {
    0x00000000,0x01000000,0x00000000,0x08000000,0x39000000,0x1D000000,0x00000000,0x00010302,0x043F3F3F,0x00000000,0x00000000,0x00000000,0x00000000,0x00000000,0x00000000,0x00000000,
    0x02000000,0x0100FF00,0x2A000000,0xD03E6845,0xFC64B471,0xE7518E5C,0x841E2A20,0x10000000,0x00000000,0x01FFFFFF,0x03000000,0x00000000,0x00000000,0x00000000,0x00000000,0x00000000,
    0x0355AA55,0x00000000,0xB8335138,0xFF83EF95,0xFF6EC67D,0xFF80E891,0xFF7CE08D,0xDD44734C,0x600D0A0D,0x00000000,0x00000200,0x0355AA55,0x01000000,0x00000000,0x00000000,0x00000000,
    0x00020302,0x02000000,0xD4487B51,0xFD82EB94,0xA31D281F,0x9728402B,0xFF5FA96B,0xFF88F89B,0xFF6BC07A,0xBE35583B,0x3D000000,0x00000000,0x00010301,0x043F3F3F,0x00000000,0x00000000,
    0x00020302,0x02000000,0xD0487A50,0xFF80E791,0x7F2A402E,0x00000000,0x47000000,0xC7385E3E,0xFF70C97F,0xFF88F79A,0xFB5A9F66,0x9B253B2A,0x1E000000,0x00000000,0x00010201,0x00000000,
    0x00020302,0x02000000,0xD1477B50,0xFF80E892,0x88273A2B,0x0355AA55,0x00010301,0x03000000,0x6A131313,0xE4477950,0xFF7EE48F,0xFF80E992,0xEA4B8255,0x74181E18,0x04000000,0x01000000,
    0x00020302,0x02000000,0xD1477B50,0xFF80E892,0x86273A2B,0x00000000,0x07244824,0x00010302,0x00000000,0x17000000,0x92223426,0xFA569761,0xFF88F79A,0xFF72CC81,0xA22A422D,0x01000000,
    0x00020302,0x02000000,0xD1477B50,0xFF80E892,0x86273A2B,0x00000000,0x043F7F3F,0x01000000,0x03555555,0x00010302,0x00000000,0x2B000000,0xB32C442F,0xFC7BE08C,0xFE5A9E65,0x2E000000,
    0x00020302,0x02000000,0xD1477B50,0xFF80E892,0x86273A2B,0x00000000,0x043F7F3F,0x01000000,0x03555555,0x00010302,0x00000000,0x2B000000,0xB32C442F,0xFC7BE08C,0xFE5A9E65,0x2E000000,
    0x00020302,0x02000000,0xD1477B50,0xFF80E892,0x86273A2B,0x00000000,0x07244824,0x00010302,0x00000000,0x17000000,0x92223426,0xFA569761,0xFF88F79A,0xFF72CC81,0xA12A422D,0x01000000,
    0x00020302,0x02000000,0xD1477B50,0xFF80E892,0x88273A2B,0x0355AA55,0x00010301,0x03000000,0x6A131313,0xE4477950,0xFF7EE48F,0xFF80E992,0xEA4B8255,0x74181E18,0x04000000,0x01000000,
    0x00020302,0x02000000,0xD0487A50,0xFF80E791,0x7F2A402E,0x00000000,0x47000000,0xC7385E3E,0xFF70C97F,0xFF88F79A,0xFB5A9F66,0x9B253B2A,0x1E000000,0x00000000,0x00010201,0x00000000,
    0x00020302,0x02000000,0xD4487B51,0xFD82EB94,0xA31D2820,0x9728402B,0xFF5FA96B,0xFF88F89B,0xFF6BC07A,0xBE35583B,0x3D000000,0x00000000,0x00010301,0x043F3F3F,0x00000000,0x00000000,
    0x0355AA55,0x00000000,0xB7335239,0xFF83EE95,0xFF6EC67D,0xFF7FE791,0xFF7CE08D,0xDD44734C,0x600D0A0D,0x00000000,0x00000200,0x0355AA55,0x01000000,0x00000000,0x00000000,0x00000000,
    0x02000000,0x0100FF00,0x29000000,0xD03E6644,0xFB64B271,0xE7518E5C,0x841E2A20,0x10000000,0x00000000,0x01FFFFFF,0x03000000,0x00000000,0x00000000,0x00000000,0x00000000,0x00000000,
    0x00000000,0x01000000,0x00000000,0x07000000,0x38000000,0x1C000000,0x00000000,0x00010302,0x043F3F3F,0x00000000,0x00000000,0x00000000,0x00000000,0x00000000,0x00000000,0x00000000,
};

static const uint32_t bits16_save[256] = {
    0x01000000,0x00000000,0x1C000000,0x3D000000,0x41000000,0x3D000000,0x3B000000,0x3B000000,0x3B000000,0x3C000000,0x31000000,0x00000000,0x00010202,0x02000000,0x00000000,0x00000000,
    0x00000000,0x611A1C22,0xEC5B738E,0xFF7493B9,0xFF6D8AAD,0xFF708FB3,0xFF7393B8,0xFF7292B7,0xFF7292B7,0xFF7493B9,0xF86E8CAE,0xB5364250,0x11000000,0x00020203,0x02000000,0x00000000,
    0x1D000000,0xF7576E88,0xFF9BC8FC,0xFF7899C0,0xFE97C2F5,0xFF84A9D5,0xFF7494BA,0xFF7798BF,0xFF7798BF,0xFF7494B9,0xFF8BB2E0,0xFF96C1F2,0xC8394655,0x11000000,0x00020203,0x02000000,
    0x3D000000,0xFF7596BC,0xF57495BB,0xCB141414,0xFE93BCED,0xDD425164,0x3A000000,0x39000000,0x3B000000,0x39000000,0x81131313,0xFF7A9BC2,0xFF97C2F4,0xC8394756,0x12000000,0x01FFFFFF,
    0x3B000000,0xFE7493B8,0xF17697BD,0xC01B1E22,0xFE95C0F2,0xF06B88AB,0xC5516680,0xC4596F8B,0xC4556B87,0xC55D7490,0x993C495A,0x921A1D21,0xFF7B9DC4,0xFF96C1F2,0xB7374250,0x04000000,
    0x3B000000,0xFF7393B8,0xF77799C0,0x870B0909,0xFF6985A6,0xFF96C1F3,0xFF95BFF1,0xFF96C0F2,0xFF94BEEF,0xFF9DCAFF,0xFF6782A2,0x20000000,0x811D2127,0xFD8BB2DF,0xFF6B88AA,0x31000000,
    0x3B000000,0xFF7392B7,0xFF7596BB,0x31000000,0x3C151515,0x762B313A,0x73272E37,0x73272E37,0x72282E37,0x7429323B,0x4D131313,0x00000001,0x2F000000,0xFF7291B6,0xFE7493B9,0x3D000000,
    0x3B000000,0xFF7392B7,0xFF7596BC,0x31000000,0x3D141914,0x762B313A,0x73272E37,0x73272E37,0x74273036,0x73272E37,0x792E3641,0x49141814,0x32000000,0xFF7697BC,0xFF7391B6,0x3B000000,
    0x3B000000,0xFF7393B8,0xF77798C0,0x87090909,0xFF6A86A7,0xFF96C1F4,0xFF95BFF0,0xFF96C0F2,0xFF96C0F2,0xFF95BFF1,0xFF96C1F3,0xFF6884A5,0x86090907,0xF77798C0,0xFF7393B8,0x3B000000,
    0x3B000000,0xFF7494B9,0xF27697BD,0xC31B1C20,0xFE95C0F3,0xF26A86A7,0xD14B5F76,0xD0536880,0xD0536880,0xD14B5F76,0xF26A86A8,0xFE95C0F2,0xC31B1C1F,0xF27697BD,0xFF7494B9,0x3B000000,
    0x3B000000,0xFF7494B9,0xF37597BC,0xBD1A1D20,0xFF95BEF0,0xD44A5C72,0x06000000,0x04000000,0x04000000,0x06000000,0xD44A5C72,0xFF95BEF0,0xBD1A1D20,0xF37597BC,0xFF7494B9,0x3B000000,
    0x3B000000,0xFE7493B8,0xF27696BC,0xBA1B1F22,0xFF95BFF1,0xD1546882,0x00030406,0x00040507,0x00040507,0x00030406,0xD1546882,0xFF95BFF1,0xBA1B1F22,0xF27696BC,0xFE7493B8,0x3B000000,
    0x3D000000,0xFF7596BC,0xF57495BB,0xCC141414,0xFF93BDEE,0xDC495A6F,0x39000000,0x38000000,0x38000000,0x39000000,0xDC495A6F,0xFF93BDEE,0xCC141414,0xF57495BB,0xFF7596BC,0x3D000000,
    0x1D000000,0xF6576D88,0xFF9BC8FC,0xFF789AC1,0xFE97C2F5,0xFF83A8D3,0xFF7292B6,0xFF7696BC,0xFF7696BC,0xFF7292B6,0xFF83A8D3,0xFE97C2F5,0xFF789AC1,0xFF9BC8FC,0xF6576D87,0x1C000000,
    0x00000000,0x601A1D1F,0xEB5B738F,0xFF7394B9,0xFF6D8AAD,0xFF708FB3,0xFF7393B8,0xFF7292B7,0xFF7292B7,0xFF7393B8,0xFF708FB3,0xFF6D8AAD,0xFE7394B9,0xEB5B738E,0x601A1D1F,0x00000000,
    0x01000000,0x00000000,0x1C000000,0x3D000000,0x41000000,0x3D000000,0x3B000000,0x3B000000,0x3B000000,0x3B000000,0x3D000000,0x41000000,0x3D000000,0x1C000000,0x00000000,0x01000000,
};

static const uint32_t bits16_clock[256] = {
    0x00000000,0x00000000,0x027F7FFF,0x00000000,0x1C000000,0x771E2426,0xBC3A585E,0xDB48707A,0xDB48707A,0xBC3A585E,0x791D2325,0x1D000000,0x00000000,0x027F7FFF,0x00000000,0x00000000,
    0x01000000,0x027F7FFF,0x00000000,0x6E14191B,0xE74F7D88,0xFF7BCDE0,0xFF88E2F7,0xFF83DBEF,0xFF83DBEF,0xFF88E2F7,0xFF7BCCDF,0xE74F7E89,0x6F16191B,0x00000000,0x027F7FFF,0x01000000,
    0x0355AAAA,0x00000000,0x96233133,0xFF70B7C7,0xFF8BE9FF,0xFA5A92A0,0xB53B5B62,0xAB202B2C,0xAB202B2C,0xB53B5B62,0xFA5A93A1,0xFF8BE9FF,0xFF6FB6C7,0x96232F33,0x00000000,0x035555AA,
    0x00010101,0x6D191E20,0xFF6FB6C6,0xFF82D9EC,0xC4344F54,0x31000000,0x13000000,0xDD48737C,0xDD48737C,0x13000000,0x32000000,0xC5354E54,0xFF82D9ED,0xFF6FB6C6,0x6C171E1E,0x00010101,
    0x1B000000,0xEE4D7A84,0xFE8BEAFF,0xC5324C51,0x0A000000,0x00020405,0x3E080C0C,0xFF6EB6C6,0xFF6EB6C6,0x3E080C0C,0x00020405,0x0A000000,0xC6334B52,0xFE8BE9FF,0xED4D7A84,0x1B000000,
    0x7B1A2325,0xFF7BCDE0,0xF75B94A2,0x2B000000,0x00020404,0x02007F7F,0x36000000,0xFE67A9B8,0xFE67AAB9,0x39040808,0x043F7F3F,0x00020404,0x2C000000,0xF75C95A3,0xFF7BCDDF,0x7B1A2123,
    0xBF39565E,0xFE87E2F7,0xBA39575E,0x00010101,0x05669999,0x00000101,0x36000000,0xFE67AAB9,0xFF65A6B5,0x2A000000,0x00010304,0x085F7F7F,0x00010101,0xBB3A585F,0xFE87E2F7,0xBF39565D,
    0xDB47707A,0xFF83D9ED,0x8C2B3D43,0x01000000,0x07244848,0x00000101,0x3B000000,0xFF6BAEBE,0xFB77C6D8,0xA0233134,0x26000000,0x00000000,0x01000000,0x8D2B3D42,0xFF83D9EE,0xDA48717A,
    0xDB47707A,0xFF83D9ED,0x8C2B3D43,0x01000000,0x062A5555,0x0100FFFF,0x1D000000,0xEC446A73,0xFF82D9ED,0xFF84DCF0,0xF1568C99,0x77263539,0x02000000,0x8F2C3E43,0xFF83D9EE,0xDA48717A,
    0xBF39565D,0xFE87E2F7,0xBA39575F,0x00010101,0x0355FFFF,0x01000000,0x00000000,0x23000000,0x9527383B,0xEF568A97,0xFF86DEF3,0xDB3C5D64,0x00000101,0xBC3B5C63,0xFE87E2F7,0xBE39575D,
    0x7B1A2323,0xFF7BCDE0,0xF75C94A3,0x2B000000,0x00020404,0x05000000,0x01000000,0x00010102,0x00000000,0x24000000,0x7F20282A,0x30252F35,0x26000000,0xF95C95A2,0xFF7BCCDF,0x7A1B2123,
    0x1B000000,0xED4D7A85,0xFE8BE9FF,0xC6334B52,0x09000000,0x00020304,0x03AAFFFF,0x05336666,0x07486D91,0x00020505,0x00000000,0x00000000,0xC7334B52,0xFE8CEAFF,0xED4C7984,0x1B000000,
    0x00010101,0x6C191E1E,0xFF6FB6C6,0xFF83D9ED,0xC3354F56,0x33000000,0x00000000,0x00000000,0x00000000,0x00000000,0x37000000,0xC6344F55,0xFF82D9ED,0xFF6FB5C5,0x6C171C1E,0x00010101,
    0x035555AA,0x00000000,0x95232F33,0xFF6FB6C6,0xFF8BE9FF,0xFA5A93A1,0xBC3A585E,0x8E2B3E42,0x8E2B3E42,0xBC3A585E,0xFA5B93A2,0xFF8CE9FF,0xFF6FB6C6,0x95232F33,0x00000000,0x035555AA,
    0x01000000,0x027F7FFF,0x00000000,0x6D151919,0xE74F7D88,0xFF7BCCDF,0xFF87E2F7,0xFF83D9EE,0xFF83D9EE,0xFF87E2F7,0xFF7BCCDF,0xE74F7D88,0x6E141919,0x00000000,0x027F7FFF,0x01000000,
    0x00000000,0x00000000,0x027F7FFF,0x00000000,0x1C000000,0x771B2224,0xBB39585F,0xD947717B,0xD947707B,0xBB39585F,0x791B2123,0x1D000000,0x00000000,0x027F7FFF,0x00000000,0x00000000,
};

static const uint32_t bits32_folder[1024] = {
    0x00000000,0x01000000,0x02000000,0x00000000,0x00010100,0x00020100,0x00020100,0x00020100,0x00020100,0x00020100,0x00020100,0x00010000,0x00000000,0x02000000,0x01000000,0x00000000,0x00000000,0x00000000,0x00000000,0x00000000,0x00000000,0x00000000,0x00000000,0x00000000,0x00000000,0x00000000,0x00000000,0x00000000,0x00000000,0x00000000,0x00000000,0x00000000,
    0x01000000,0x00000000,0x00020100,0x350E0E13,0x7300000D,0x8500000D,0x8500000D,0x8600000D,0x8600000D,0x8500000D,0x8400000D,0x6F00000D,0x2E161616,0x00010100,0x00000000,0x01000000,0x00000000,0x00000000,0x00000000,0x00000000,0x00000000,0x00000000,0x00000000,0x00000000,0x00000000,0x00000000,0x00000000,0x00000000,0x00000000,0x00000000,0x00000000,0x00000000,
    0x01000000,0x0F443322,0xAA060910,0xFF171715,0xFF4F4225,0xFF625129,0xFF605029,0xFF615029,0xFF615029,0xFF605029,0xFF625129,0xFF4B3F23,0xFE131314,0x9B080910,0x076D4824,0x02000000,0x01000000,0x00000000,0x00000000,0x00000000,0x00000000,0x00000000,0x00000000,0x00000000,0x00000000,0x00000000,0x00000000,0x00000000,0x00000000,0x00000000,0x00000000,0x00000000,
    0x067F552A,0xBB060910,0xFF423922,0xFCD2A845,0xFBFCC951,0xFBFFCB51,0xFBFFCB51,0xFBFFCB51,0xFBFFCB51,0xFBFFCB51,0xFBFFCB51,0xFBFBC950,0xFDC7A043,0xFF352E1E,0xA8070A10,0x00020200,0x06000000,0x04000000,0x04000000,0x04000000,0x04000000,0x04000000,0x04000000,0x04000000,0x04000000,0x04000000,0x04000000,0x04000000,0x02000000,0x00000000,0x00000000,0x00000000,
    0x69090911,0xFF29241A,0xFAE8B94B,0xFFFECB51,0xFFF9C750,0xFCFFCB50,0xFBFFCB51,0xFBFFCB51,0xFBFFCB51,0xFBFFCB51,0xFBFFCC52,0xFFF8C54F,0xFEFFCC52,0xF9DBAF47,0xFF1D1B18,0x630F1212,0x00020200,0x00020100,0x00020100,0x00020100,0x00020100,0x00020100,0x00020100,0x00020100,0x00020100,0x00020100,0x00020100,0x00010100,0x00000000,0x02000000,0x01000000,0x00000000,
    0xC800030E,0xFD826931,0xFDFFCF52,0xFFF3C24E,0xFFA7873B,0xFF5A4B27,0xFF625129,0xFF605029,0xFF615029,0xFF615029,0xFF5B4C27,0xFEB6923E,0xFFF7C54F,0xFEFFCB51,0xFD9E8038,0xF100020D,0x8B00010E,0x8800000D,0x8800000D,0x8800000D,0x8800000D,0x8800000D,0x8800000D,0x8800000D,0x8800000D,0x8700000D,0x8700000D,0x7500000D,0x360E1212,0x00020100,0x00000000,0x01000000,
    0xE204070F,0xFFA4843A,0xFEFFCE53,0xFEE6B84A,0xFF211E17,0xA300000C,0x8500010D,0x8900000D,0x8900000D,0x8400010D,0xA100000C,0xFF1A1916,0xFDD9AE47,0xFFF7C54F,0xFFF4C24E,0xFF8C7234,0xFF5B4B27,0xFF625129,0xFF605029,0xFF605029,0xFF605029,0xFF605029,0xFF605029,0xFF605029,0xFF605029,0xFF604F29,0xFF625129,0xFF4E4224,0xFF171615,0xA8060910,0x0F443322,0x01000000,
    0xE305080F,0xFFA4843A,0xFEFFCF53,0xFEE0B249,0xFF242118,0x2A181212,0x00010100,0x00020100,0x00020100,0x00010100,0x00050401,0xB202070F,0xFF4F4224,0xF9FFCD51,0xFFF7C54F,0xFEFCC850,0xFBFFCB51,0xFBFFCB51,0xFBFFCB51,0xFBFFCB51,0xFBFFCB51,0xFBFFCB51,0xFBFFCB51,0xFBFFCB51,0xFBFFCB51,0xFBFFCB51,0xFBFFCB51,0xFBFCC951,0xFCD2A845,0xFF423822,0xBA060910,0x05996633,
    0xE305080F,0xFFA4843A,0xFEFFCF53,0xFEE1B349,0xFF232018,0x3B04040C,0x04000000,0x07000000,0x04000000,0x06000000,0x03000000,0x1933281E,0xE4070A10,0xFF63512A,0xFCE4B74A,0xFBFCCA51,0xFBFFCB51,0xFBFFCB51,0xFBFFCB51,0xFBFFCB51,0xFBFFCB51,0xFBFFCB51,0xFBFFCB51,0xFBFFCB51,0xFBFFCB51,0xFBFFCB51,0xFCFFCB50,0xFFF9C750,0xFFFECB51,0xFAE8B94B,0xFF28241A,0x68090911,
    0xE305080F,0xFFA4843A,0xFEFFCF53,0xFEE1B349,0xFF232018,0x3804040D,0x00000000,0x03000000,0x00000000,0x00000000,0x02000000,0x00000000,0x291F1F18,0xC7050810,0xFF232019,0xFF564826,0xFF615029,0xFF604F29,0xFF605029,0xFF605029,0xFF605029,0xFF605029,0xFF605029,0xFF605029,0xFF605029,0xFF625129,0xFF5A4B27,0xFFA8873B,0xFFF3C24E,0xFDFFCF52,0xFD816831,0xC700030E,
    0xE305080F,0xFFA4843A,0xFEFFCF53,0xFEE1B349,0xFF232018,0x3804040D,0x00000000,0x03000000,0x00000000,0x00000000,0x00000000,0x02000000,0x00000000,0x00030201,0x47070A11,0x7D00000E,0x8800000D,0x8800000D,0x8800000D,0x8800000D,0x8800000D,0x8800000D,0x8800000D,0x8800000D,0x8900000D,0x8500010D,0xA300000C,0xFF211E17,0xFEE6B84A,0xFEFFCE53,0xFFA3833A,0xE204070F,
    0xE305080F,0xFFA4843A,0xFEFFCF53,0xFEE1B349,0xFF232018,0x3804040D,0x00000000,0x03000000,0x00000000,0x00000000,0x00000000,0x00000000,0x02000000,0x00000000,0x00000000,0x00010100,0x00020100,0x00020100,0x00020100,0x00020100,0x00020100,0x00020100,0x00020100,0x00020100,0x00020100,0x00010100,0x2A181212,0xFF242118,0xFEE0B249,0xFEFFCF53,0xFFA4843A,0xE305080F,
    0xE305080F,0xFFA4843A,0xFEFFCF53,0xFEE1B349,0xFF232018,0x3804040D,0x00000000,0x03000000,0x00000000,0x00000000,0x00000000,0x00000000,0x00000000,0x01000000,0x03000000,0x04000000,0x04000000,0x04000000,0x04000000,0x04000000,0x04000000,0x04000000,0x04000000,0x04000000,0x07000000,0x04000000,0x3B04040C,0xFF232018,0xFEE1B349,0xFEFFCF53,0xFFA4843A,0xE305080F,
    0xE305080F,0xFFA4843A,0xFEFFCF53,0xFEE1B349,0xFF232018,0x3804040D,0x00000000,0x03000000,0x00000000,0x00000000,0x00000000,0x00000000,0x00000000,0x00000000,0x00000000,0x00000000,0x00000000,0x00000000,0x00000000,0x00000000,0x00000000,0x00000000,0x00000000,0x00000000,0x03000000,0x00000000,0x3804040D,0xFF232018,0xFEE1B349,0xFEFFCF53,0xFFA4843A,0xE305080F,
    0xE305080F,0xFFA4843A,0xFEFFCF53,0xFEE1B349,0xFF232018,0x3804040D,0x00000000,0x03000000,0x00000000,0x00000000,0x00000000,0x00000000,0x00000000,0x00000000,0x00000000,0x00000000,0x00000000,0x00000000,0x00000000,0x00000000,0x00000000,0x00000000,0x00000000,0x00000000,0x03000000,0x00000000,0x3804040D,0xFF232018,0xFEE1B349,0xFEFFCF53,0xFFA4843A,0xE305080F,
    0xE305080F,0xFFA4843A,0xFEFFCF53,0xFEE1B349,0xFF232018,0x3804040D,0x00000000,0x03000000,0x00000000,0x00000000,0x00000000,0x00000000,0x00000000,0x00000000,0x00000000,0x00000000,0x00000000,0x00000000,0x00000000,0x00000000,0x00000000,0x00000000,0x00000000,0x00000000,0x03000000,0x00000000,0x3804040D,0xFF232018,0xFEE1B349,0xFEFFCF53,0xFFA4843A,0xE305080F,
    0xE305080F,0xFFA4843A,0xFEFFCF53,0xFEE1B349,0xFF232018,0x3804040D,0x00000000,0x03000000,0x00000000,0x00000000,0x00000000,0x00000000,0x00000000,0x00000000,0x00000000,0x00000000,0x00000000,0x00000000,0x00000000,0x00000000,0x00000000,0x00000000,0x00000000,0x00000000,0x03000000,0x00000000,0x3804040D,0xFF232018,0xFEE1B349,0xFEFFCF53,0xFFA4843A,0xE305080F,
    0xE305080F,0xFFA4843A,0xFEFFCF53,0xFEE1B349,0xFF232018,0x3804040D,0x00000000,0x03000000,0x00000000,0x00000000,0x00000000,0x00000000,0x00000000,0x00000000,0x00000000,0x00000000,0x00000000,0x00000000,0x00000000,0x00000000,0x00000000,0x00000000,0x00000000,0x00000000,0x03000000,0x00000000,0x3804040D,0xFF232018,0xFEE1B349,0xFEFFCF53,0xFFA4843A,0xE305080F,
    0xE305080F,0xFFA4843A,0xFEFFCF53,0xFEE1B349,0xFF232018,0x3804040D,0x00000000,0x03000000,0x00000000,0x00000000,0x00000000,0x00000000,0x00000000,0x00000000,0x00000000,0x00000000,0x00000000,0x00000000,0x00000000,0x00000000,0x00000000,0x00000000,0x00000000,0x00000000,0x03000000,0x00000000,0x3804040D,0xFF232018,0xFEE1B349,0xFEFFCF53,0xFFA4843A,0xE305080F,
    0xE305080F,0xFFA4843A,0xFEFFCF53,0xFEE1B349,0xFF232018,0x3804040D,0x00000000,0x03000000,0x00000000,0x00000000,0x00000000,0x00000000,0x00000000,0x00000000,0x00000000,0x00000000,0x00000000,0x00000000,0x00000000,0x00000000,0x00000000,0x00000000,0x00000000,0x00000000,0x03000000,0x00000000,0x3804040D,0xFF232018,0xFEE1B349,0xFEFFCF53,0xFFA4843A,0xE305080F,
    0xE305080F,0xFFA4843A,0xFEFFCF53,0xFEE1B349,0xFF232018,0x3804040D,0x00000000,0x03000000,0x00000000,0x00000000,0x00000000,0x00000000,0x00000000,0x00000000,0x00000000,0x00000000,0x00000000,0x00000000,0x00000000,0x00000000,0x00000000,0x00000000,0x00000000,0x00000000,0x03000000,0x00000000,0x3804040D,0xFF232018,0xFEE1B349,0xFEFFCF53,0xFFA4843A,0xE305080F,
    0xE305080F,0xFFA4843A,0xFEFFCF53,0xFEE1B349,0xFF232018,0x3804040D,0x01000000,0x04000000,0x01000000,0x01000000,0x01000000,0x01000000,0x01000000,0x01000000,0x01000000,0x01000000,0x01000000,0x01000000,0x01000000,0x01000000,0x01000000,0x01000000,0x01000000,0x01000000,0x04000000,0x01000000,0x3804040D,0xFF232018,0xFEE1B349,0xFEFFCF53,0xFFA4843A,0xE305080F,
    0xE305080F,0xFFA4843A,0xFEFFCF53,0xFEE1B349,0xFF242118,0x3704040D,0x00000000,0x02000000,0x00000000,0x00000000,0x00000000,0x00000000,0x00000000,0x00000000,0x00000000,0x00000000,0x00000000,0x00000000,0x00000000,0x00000000,0x00000000,0x00000000,0x00000000,0x00000000,0x02000000,0x00000000,0x3704040D,0xFF242118,0xFEE1B349,0xFEFFCF53,0xFFA4843A,0xE305080F,
    0xE305080F,0xFFA4843A,0xFEFFCF53,0xFEDFB249,0xFF1F1D17,0x3A111111,0x01FFFFFF,0x05996633,0x02FFFF7F,0x02FFFF7F,0x02FFFF7F,0x02FFFF7F,0x02FFFF7F,0x02FFFF7F,0x02FFFF7F,0x02FFFF7F,0x02FFFF7F,0x02FFFF7F,0x02FFFF7F,0x02FFFF7F,0x02FFFF7F,0x02FFFF7F,0x02FFFF7F,0x02FFFF7F,0x05996633,0x01FFFFFF,0x3A111111,0xFF1F1D17,0xFEDFB249,0xFEFFCF53,0xFFA4843A,0xE305080F,
    0xDE03060E,0xFF9E8039,0xFEFFCD52,0xFFEDBD4C,0xFF3B331E,0xDE00010D,0xD3070910,0xD504080F,0xD404080F,0xD404080F,0xD404080F,0xD404080F,0xD404080F,0xD404080F,0xD404080F,0xD404080F,0xD404080F,0xD404080F,0xD404080F,0xD404080F,0xD404080F,0xD404080F,0xD404080F,0xD404080F,0xD504080F,0xD3070910,0xDE00020D,0xFF3C331E,0xFFEDBD4D,0xFEFFCD52,0xFF9E7F38,0xDE03060E,
    0xB000020E,0xFF66542A,0xFCFFD152,0xFFF1C04E,0xFFD9AD47,0xFFA5853A,0xFFA7873B,0xFFA7873B,0xFFA7873B,0xFFA7873B,0xFFA7873B,0xFFA7873B,0xFFA7873B,0xFFA7873B,0xFFA7873B,0xFFA7873B,0xFFA7873B,0xFFA7873B,0xFFA7873B,0xFFA7873B,0xFFA7873B,0xFFA7873B,0xFFA7873B,0xFFA7873B,0xFFA7873B,0xFFA7873B,0xFFA5853A,0xFFD9AD47,0xFFF1C04E,0xFCFFD152,0xFF65532A,0xB000020E,
    0x3F101414,0xFF121314,0xFCB8933E,0xFCFFD353,0xFEFCC951,0xFDFFD052,0xFCFFD052,0xFDFFCF52,0xFDFFCF52,0xFDFFCF52,0xFDFFCF52,0xFDFFCF52,0xFDFFCF52,0xFDFFCF52,0xFDFFCF52,0xFDFFCF52,0xFDFFCF52,0xFDFFCF52,0xFDFFCF52,0xFDFFCF52,0xFDFFCF52,0xFDFFCF52,0xFDFFCF52,0xFDFFCF52,0xFDFFCF52,0xFCFFD052,0xFDFFD052,0xFEFCC951,0xFCFFD353,0xFCB7933E,0xFF121314,0x3E141014,
    0x00010000,0x7A0C0E10,0xFF1A1917,0xFF8D7234,0xFFD5AB47,0xFEE1B349,0xFEE0B349,0xFEE1B349,0xFEE1B349,0xFEE1B349,0xFEE1B349,0xFEE1B349,0xFEE1B349,0xFEE1B349,0xFEE1B349,0xFEE1B349,0xFEE1B349,0xFEE1B349,0xFEE1B349,0xFEE1B349,0xFEE1B349,0xFEE1B349,0xFEE1B349,0xFEE1B349,0xFEE1B349,0xFEE0B349,0xFEE1B349,0xFFD5AB47,0xFF8C7234,0xFF1A1917,0x7A0C0C10,0x00010100,
    0x02000000,0x00010100,0x5C0D1013,0xD103070F,0xFB191815,0xFF232018,0xFF232018,0xFF232018,0xFF232018,0xFF232018,0xFF232018,0xFF232018,0xFF232018,0xFF232018,0xFF232018,0xFF232018,0xFF232018,0xFF232018,0xFF232018,0xFF232018,0xFF232018,0xFF232018,0xFF232018,0xFF232018,0xFF232018,0xFF232018,0xFF242019,0xFA181715,0xD003070F,0x5B0E1013,0x00010000,0x02000000,
    0x00000000,0x02000000,0x00000000,0x01FFFFFF,0x280C0C13,0x3900040D,0x3804040D,0x3804040D,0x3804040D,0x3804040D,0x3804040D,0x3804040D,0x3804040D,0x3804040D,0x3804040D,0x3804040D,0x3804040D,0x3804040D,0x3804040D,0x3804040D,0x3804040D,0x3804040D,0x3804040D,0x3804040D,0x3804040D,0x3804040D,0x39040411,0x280C0C13,0x01FFFFFF,0x00000000,0x02000000,0x00000000,
    0x00000000,0x00000000,0x03000000,0x00000000,0x00000000,0x00000000,0x00000000,0x00000000,0x00000000,0x00000000,0x00000000,0x00000000,0x00000000,0x00000000,0x00000000,0x00000000,0x00000000,0x00000000,0x00000000,0x00000000,0x00000000,0x00000000,0x00000000,0x00000000,0x00000000,0x00000000,0x00000000,0x00000000,0x00000000,0x03000000,0x00000000,0x00000000,
    0x00000000,0x00000000,0x00000000,0x01000000,0x02000000,0x03000000,0x03000000,0x03000000,0x03000000,0x03000000,0x03000000,0x03000000,0x03000000,0x03000000,0x03000000,0x03000000,0x03000000,0x03000000,0x03000000,0x03000000,0x03000000,0x03000000,0x03000000,0x03000000,0x03000000,0x03000000,0x03000000,0x02000000,0x01000000,0x00000000,0x00000000,0x00000000,
};

static const uint32_t bits32_folder_open[1024] = {
    0x00000000,0x01000000,0x02000000,0x00000000,0x00010100,0x00020100,0x00020100,0x00020100,0x00020100,0x00020100,0x00020100,0x00010000,0x00000000,0x02000000,0x01000000,0x00000000,0x00000000,0x00000000,0x00000000,0x00000000,0x00000000,0x00000000,0x00000000,0x00000000,0x00000000,0x00000000,0x00000000,0x00000000,0x00000000,0x00000000,0x00000000,0x00000000,
    0x01000000,0x00000000,0x00020100,0x350E0E13,0x7300000D,0x8500000D,0x8500000D,0x8600000D,0x8600000D,0x8500000D,0x8400000D,0x6E00020D,0x2D161616,0x00010100,0x00000000,0x01000000,0x00000000,0x00000000,0x00000000,0x00000000,0x00000000,0x00000000,0x00000000,0x00000000,0x00000000,0x00000000,0x00000000,0x00000000,0x00000000,0x00000000,0x00000000,0x00000000,
    0x01000000,0x0F443322,0xAA060910,0xFF171715,0xFF4F4225,0xFF625129,0xFF605029,0xFF615029,0xFF615029,0xFF615029,0xFF625129,0xFF4A3F23,0xFE121314,0x99080A10,0x067F552A,0x02000000,0x01000000,0x00000000,0x00000000,0x00000000,0x00000000,0x00000000,0x00000000,0x00000000,0x00000000,0x00000000,0x00000000,0x00000000,0x00000000,0x00000000,0x00000000,0x00000000,
    0x067F552A,0xBB060910,0xFF423922,0xFCD2A845,0xFBFCC951,0xFBFFCB51,0xFBFFCB51,0xFBFFCB51,0xFBFFCB51,0xFBFFCB51,0xFBFFCB51,0xFBFBC950,0xFDC69F42,0xFF332D1E,0xA5070A11,0x00020100,0x06000000,0x04000000,0x04000000,0x04000000,0x04000000,0x04000000,0x04000000,0x04000000,0x04000000,0x03000000,0x01000000,0x00000000,0x00000000,0x00000000,0x00000000,0x00000000,
    0x69090911,0xFF29241A,0xFAE8B94B,0xFFFECB51,0xFFF9C750,0xFCFFCB50,0xFBFFCB51,0xFBFFCB51,0xFBFFCB51,0xFBFFCB51,0xFCFFCB51,0xFFF8C54F,0xFEFFCC52,0xF9DAAE47,0xFF1C1A17,0x600F1212,0x00020100,0x00020100,0x00020100,0x00020100,0x00020100,0x00020100,0x00020100,0x00020100,0x00010100,0x00000000,0x00000000,0x02000000,0x00000000,0x00000000,0x00000000,0x00000000,
    0xC800030E,0xFD826931,0xFDFFCF52,0xFFF3C24E,0xFFA7873B,0xFF5A4B27,0xFF625129,0xFF605029,0xFF615029,0xFF615029,0xFF5C4C27,0xFEB7943F,0xFFF7C54F,0xFEFFCB51,0xFE9A7D37,0xF000020D,0x8A00010E,0x8800000D,0x8800000D,0x8800000D,0x8800000D,0x8800000D,0x8800000D,0x8800000D,0x8100000D,0x4F060910,0x076D6D24,0x00000000,0x02000000,0x00000000,0x00000000,0x00000000,
    0xE204070F,0xFFA4843A,0xFEFFCE53,0xFEE6B84A,0xFF211E17,0xA300000C,0x8500010D,0x8900000D,0x8900000D,0x8400010D,0xA200000C,0xFF1C1A16,0xFDDBAF48,0xFFF7C54F,0xFFF4C24E,0xFF8B7033,0xFF5B4B27,0xFF615129,0xFF605029,0xFF605029,0xFF605029,0xFF605029,0xFF604F29,0xFF615029,0xFF5A4A27,0xFF2A251B,0xD3040810,0x391A1616,0x00000000,0x02000000,0x00000000,0x00000000,
    0xE305080F,0xFFA4843A,0xFEFFCF53,0xFEE0B249,0xFF242118,0x2A181212,0x00010100,0x00020100,0x00020100,0x00010100,0x00050401,0xB502070F,0xFF514425,0xF9FFCE52,0xFFF7C54F,0xFEFCC850,0xFBFFCB51,0xFBFFCB51,0xFBFFCB51,0xFBFFCB51,0xFBFFCB51,0xFBFFCB51,0xFBFFCB51,0xFBFFCB51,0xFBFDCA51,0xFBECBC4C,0xFF745F2E,0xF20A0C11,0x2B1D1D17,0x01000000,0x02000000,0x00000000,
    0xE305080F,0xFFA4843A,0xFEFFCF53,0xFEE1B349,0xFF232018,0x3B04040C,0x04000000,0x07000000,0x04000000,0x06000000,0x03000000,0x1D2B2B1A,0xE9070A11,0xFF65532A,0xFEE3B64A,0xFEFAC750,0xFEFBC850,0xFDFCC950,0xFDFCC950,0xFDFCC950,0xFDFCC950,0xFDFCC950,0xFDFCC950,0xFDFCC950,0xFFFCC951,0xFFF7C44F,0xFAFFD253,0xFF625129,0xB602050F,0x00020200,0x02000000,0x00000000,
    0xE305080F,0xFFA4843A,0xFEFFCF53,0xFEE1B349,0xFF232018,0x3804040D,0x00000000,0x03000000,0x00000000,0x03000000,0x02000000,0x00000000,0x1E2A2A19,0xBD050910,0xFB242018,0xFF574826,0xFF615028,0xFF604F28,0xFF604F28,0xFF604F28,0xFF604F28,0xFF604F28,0xFF625028,0xFF5C4C27,0xFF816930,0xFFEABB4C,0xFEFCC951,0xFEC8A043,0xF7101113,0x1F181818,0x00000000,0x02000000,
    0xE305080F,0xFFA4843A,0xFEFFCF53,0xFEE1B349,0xFF232018,0x3804040D,0x00000000,0x03000000,0x02000000,0x00000000,0x00030201,0x290C0C12,0x3100050F,0x39111111,0x7F060810,0xB500020E,0xBF00020E,0xBF00020E,0xBF00020E,0xBF00020E,0xBF00020E,0xC000020E,0xBF00020E,0xC000030E,0xF500000C,0xFFAD8C3C,0xFEFFCD52,0xFEE0B249,0xFF262219,0x2D05050B,0x02000000,0x03000000,
    0xE305080F,0xFFA4843A,0xFEFFCF53,0xFEE1B349,0xFF232018,0x3804040D,0x00000000,0x05000000,0x00010000,0x550F1212,0xCE020610,0xFA181715,0xFF242019,0xFF231F18,0xF7242017,0xF2252118,0xF3252219,0xF3252219,0xF3252219,0xF3252219,0xF3252219,0xF3252219,0xF3252219,0xF328241A,0xFD191815,0xFFA9893B,0xFFFFCE52,0xFDE1B449,0xFF161615,0x7206080F,0x00010100,0x03000000,
    0xE305080F,0xFFA4843A,0xFEFFCF53,0xFEE1B349,0xFF232018,0x3804040D,0x00000000,0x00010100,0x730D0F11,0xFF171716,0xFF876E33,0xFFD4AA46,0xFEE1B349,0xFFE0B349,0xFFE1B44A,0xFFE1B44A,0xFFE1B44A,0xFFE1B44A,0xFFE1B44A,0xFFE1B44A,0xFFE1B44A,0xFFE1B44A,0xFFE1B44A,0xFFE1B44A,0xFFE0B349,0xFFEABB4C,0xFFEFBF4D,0xFFF1C04E,0xFD927535,0xFF191816,0x7B0C0E12,0x00010000,
    0xE305080F,0xFFA4843A,0xFEFFCF53,0xFEE1B349,0xFF232018,0x3B040811,0x01000000,0x33191914,0xFF0F1013,0xFCAF8C3C,0xFCFFD353,0xFEFCC950,0xFDFFD052,0xFCFFD052,0xFDFFCF52,0xFDFFCF52,0xFDFFCF52,0xFDFFCF52,0xFDFFCF52,0xFDFFCF52,0xFDFFCF52,0xFDFFCF52,0xFDFFCF52,0xFDFFCF52,0xFDFFCF52,0xFDFFCD52,0xFDFFCD51,0xFFF6C44F,0xFFFFD153,0xFDB8943F,0xFF131314,0x40131313,
    0xE305080F,0xFFA4843A,0xFEFFCF53,0xFEE1B349,0xFF232018,0x3A040811,0x00030200,0xB500040E,0xFF625129,0xFBFFD053,0xFFF2C14E,0xFEDCB048,0xFFA5853A,0xFFA7873B,0xFFA7873B,0xFFA7873B,0xFFA7873B,0xFFA7873B,0xFFA7873B,0xFFA7873B,0xFFA7873B,0xFFA7873B,0xFFA7873B,0xFFA7873B,0xFFA7873B,0xFFA8883B,0xFFA6853A,0xFFDAAF48,0xFFF2C14E,0xFCFFD152,0xFF66542A,0xB100020E,
    0xE305080F,0xFFA4843A,0xFEFFCF53,0xFEE1B349,0xFF232018,0x2B00050B,0x2E1B1616,0xFF151515,0xFDCDA544,0xFFFAC750,0xFFF0C04E,0xFF3F3620,0xE200020D,0xD3070A10,0xD504080F,0xD404080F,0xD404080F,0xD404080F,0xD404080F,0xD404080F,0xD404080F,0xD404080F,0xD404080F,0xD404080F,0xD504080F,0xD3070910,0xDC00020D,0xFF39311E,0xFFECBC4C,0xFEFFCD52,0xFFA08139,0xDF030610,
    0xE305080F,0xFFA4843A,0xFEFFCF53,0xFEE1B349,0xFF232018,0x2C111711,0xAD00020E,0xFF6A572C,0xFCFFCB51,0xFDFFCB51,0xFE9E8038,0xE802060F,0x16514522,0x01FFFFFF,0x03FFAA55,0x02FFFF7F,0x02FFFF7F,0x02FFFF7F,0x02FFFF7F,0x02FFFF7F,0x02FFFF7F,0x02FFFF7F,0x02FFFF7F,0x02FFFF7F,0x05996633,0x01FFFFFF,0x530C0C12,0xFF2D281C,0xFCE9BA4B,0xFEFFCE52,0xFF9D8038,0xDF030810,
    0xE305080F,0xFFA4843A,0xFEFFCF53,0xFFE1B44A,0xF9221F17,0x79080A10,0xFA1B1916,0xFFD1A745,0xFFF9C650,0xFBF0C04E,0xFF352E1E,0x7404080F,0x00010000,0x03000000,0x00000000,0x00000000,0x00000000,0x00000000,0x00000000,0x00000000,0x00000000,0x00000000,0x00000000,0x00000000,0x03000000,0x00020100,0x9200010D,0xFF625129,0xFBFFCB51,0xFCFFCD51,0xFF705C2D,0xB200010E,
    0xE305080F,0xFFA4843A,0xFEFFCF53,0xFFE1B44A,0xF1262218,0xC100020E,0xFD5C4C27,0xFDFFCF52,0xFDFFD053,0xFC997B37,0xE303060F,0x0C55552A,0x02000000,0x02000000,0x01000000,0x01000000,0x01000000,0x01000000,0x01000000,0x01000000,0x01000000,0x01000000,0x01000000,0x01000000,0x01000000,0x02FFFF7F,0xCF02060E,0xFF987B37,0xFDFFCE52,0xFCF3C24D,0xFF3D341F,0x6D00020E,
    0xE305080F,0xFFA4843A,0xFEFFCF53,0xFFE1B44A,0xF5242117,0x99060810,0xFF2E281C,0xFECEA545,0xFCD1A745,0xFF2A251B,0x6A070C10,0x00000000,0x04000000,0x00000000,0x00000000,0x00000000,0x00000000,0x00000000,0x00000000,0x00000000,0x00000000,0x00000000,0x00000000,0x02000000,0x00000000,0x210F1717,0xF8131313,0xFFCAA143,0xFEFFCD52,0xFFD3A946,0xFA181715,0x2E0B1010,
    0xE305080F,0xFFA4843A,0xFEFFCF53,0xFFE1B349,0xFF232018,0x3809090D,0x9A0B0D12,0xFE181716,0xFE181715,0xA50C0D12,0x05663333,0x02000000,0x01000000,0x00000000,0x00000000,0x00000000,0x00000000,0x00000000,0x00000000,0x00000000,0x00000000,0x00000000,0x00000000,0x04000000,0x00000000,0x5900020E,0xFF352E1D,0xFCEEBE4C,0xFDFFCE52,0xFFA3843A,0xD504080F,0x05999933,
    0xE305080F,0xFFA4843A,0xFEFFCF53,0xFEE1B349,0xFF232018,0x3504040E,0x00010100,0x2F101010,0x2D0B1111,0x00010100,0x00000000,0x01000000,0x00000000,0x01000000,0x01000000,0x01000000,0x01000000,0x01000000,0x01000000,0x01000000,0x01000000,0x01000000,0x01000000,0x04000000,0x00020100,0x9900010D,0xFF67552A,0xFBFFCC51,0xFBFFCD52,0xFF6C592C,0x9D00010C,0x00020100,
    0xE305080F,0xFFA4843A,0xFEFFCF53,0xFEE1B349,0xFF242118,0x3804040D,0x01000000,0x00000000,0x00000000,0x00000000,0x00000000,0x00000000,0x00000000,0x00000000,0x00000000,0x00000000,0x00000000,0x00000000,0x00000000,0x00000000,0x00000000,0x00000000,0x00000000,0x00000000,0x02FFFF7F,0xD403070F,0xFF9E8039,0xFDFFCE52,0xFCF0C04D,0xFF3A321E,0x5E00020D,0x00010000,
    0xE305080F,0xFFA4843A,0xFEFFCF53,0xFEDFB249,0xFF1F1D17,0x3A111111,0x01FFFFFF,0x076D4824,0x04BF7F3F,0x02FFFF7F,0x02FFFF7F,0x02FFFF7F,0x02FFFF7F,0x02FFFF7F,0x02FFFF7F,0x02FFFF7F,0x02FFFF7F,0x02FFFF7F,0x02FFFF7F,0x02FFFF7F,0x02FFFF7F,0x02FFFF7F,0x04BF7F3F,0x01FFFFFF,0x2A1E1E18,0xFB131313,0xFFCDA444,0xFEFFCD52,0xFFCDA444,0xFB151514,0x250D1414,0x00000000,
    0xDE03060E,0xFF9E8038,0xFEFFCD52,0xFFEDBD4C,0xFF3B331E,0xDE00010D,0xD3070910,0xD504080F,0xD404080F,0xD404080F,0xD404080F,0xD404080F,0xD404080F,0xD404080F,0xD404080F,0xD404080F,0xD404080F,0xD404080F,0xD404080F,0xD404080F,0xD404080F,0xD404080F,0xD504080F,0xD3070A10,0xE200010D,0xFF453A21,0xFFF1C04E,0xFDFFCD51,0xFF9E8039,0xD503050F,0x03FFAA55,0x00000000,
    0xB100020E,0xFF66542A,0xFCFFD152,0xFFF1C04E,0xFFD9AD47,0xFFA5853A,0xFFA7873B,0xFFA7873B,0xFFA7873B,0xFFA7873B,0xFFA7873B,0xFFA7873B,0xFFA7873B,0xFFA7873B,0xFFA7873B,0xFFA7873B,0xFFA7873B,0xFFA7873B,0xFFA7873B,0xFFA7873B,0xFFA7873B,0xFFA7873B,0xFFA7873B,0xFFA7873B,0xFFA5863A,0xFFDCB048,0xFFF2C04E,0xFBFFD052,0xFF5C4C28,0x9800030F,0x00020100,0x04000000,
    0x3F101414,0xFF121314,0xFCB8933E,0xFCFFD353,0xFEFCC951,0xFDFFD052,0xFCFFD052,0xFDFFCF52,0xFDFFCF52,0xFDFFCF52,0xFDFFCF52,0xFDFFCF52,0xFDFFCF52,0xFDFFCF52,0xFDFFCF52,0xFDFFCF52,0xFDFFCF52,0xFDFFCF52,0xFDFFCF52,0xFDFFCF52,0xFDFFCF52,0xFDFFCF52,0xFDFFCF52,0xFCFFD052,0xFDFFD052,0xFEFCC950,0xFCFFD353,0xFCAD8B3C,0xFF0F1113,0x31141414,0x00000000,0x02000000,
    0x00010000,0x7A0C0E10,0xFF1A1917,0xFF8C7234,0xFFD5AB47,0xFEE1B349,0xFEE0B349,0xFEE1B349,0xFEE1B349,0xFEE1B349,0xFEE1B349,0xFEE1B349,0xFEE1B349,0xFEE1B349,0xFEE1B349,0xFEE1B349,0xFEE1B349,0xFEE1B349,0xFEE1B349,0xFEE1B349,0xFEE1B349,0xFEE1B349,0xFEE1B349,0xFEE0B349,0xFEE0B449,0xFFD4A946,0xFF866D32,0xFF161616,0x710D0F12,0x00010000,0x02000000,0x00000000,
    0x02000000,0x00010100,0x5C0D1013,0xD003070F,0xFB181815,0xFF242019,0xFF232018,0xFF232018,0xFF232018,0xFF232018,0xFF232018,0xFF232018,0xFF232018,0xFF232018,0xFF232018,0xFF232018,0xFF232018,0xFF232018,0xFF232018,0xFF232018,0xFF232018,0xFF232018,0xFF232018,0xFF232018,0xFF242018,0xF9171615,0xCC020610,0x540F0F12,0x00010000,0x02000000,0x00000000,0x00000000,
    0x00000000,0x02000000,0x00000000,0x01FFFFFF,0x280C0C13,0x39040411,0x3804040D,0x3804040D,0x3804040D,0x3804040D,0x3804040D,0x3804040D,0x3804040D,0x3804040D,0x3804040D,0x3804040D,0x3804040D,0x3804040D,0x3804040D,0x3804040D,0x3804040D,0x3804040D,0x3804040D,0x3804040D,0x3800040D,0x270D0D13,0x00030201,0x00000000,0x02000000,0x00000000,0x00000000,0x00000000,
    0x00000000,0x00000000,0x03000000,0x00000000,0x00000000,0x00000000,0x00000000,0x00000000,0x00000000,0x00000000,0x00000000,0x00000000,0x00000000,0x00000000,0x00000000,0x00000000,0x00000000,0x00000000,0x00000000,0x00000000,0x00000000,0x00000000,0x00000000,0x00000000,0x00000000,0x00000000,0x00000000,0x03000000,0x00000000,0x00000000,0x00000000,0x00000000,
    0x00000000,0x00000000,0x00000000,0x01000000,0x02000000,0x03000000,0x03000000,0x03000000,0x03000000,0x03000000,0x03000000,0x03000000,0x03000000,0x03000000,0x03000000,0x03000000,0x03000000,0x03000000,0x03000000,0x03000000,0x03000000,0x03000000,0x03000000,0x03000000,0x03000000,0x02000000,0x01000000,0x00000000,0x00000000,0x00000000,0x00000000,0x00000000,
};

static const uint32_t bits32_file[1024] = {
    0x00000000,0x00000000,0x00000000,0x02000000,0x00000101,0x43131313,0xAD000000,0xDB030303,0xE3060505,0xE3050505,0xE3050505,0xE3050505,0xE3050505,0xE3050505,0xE3050505,0xE3050505,0xE3050505,0xE3050505,0xEE080707,0xD8020202,0x98000000,0x2D1C1C1C,0x00000000,0x03000000,0x00000000,0x00000000,0x00000000,0x00000000,0x00000000,0x00000000,0x00000000,0x00000000,
    0x00000000,0x00000000,0x02000000,0x00010101,0x7C0C0C0C,0xFD131313,0xFF626466,0xFF979B9E,0xFF9DA1A5,0xFF9CA1A4,0xFF9CA1A4,0xFF9CA1A4,0xFF9CA1A4,0xFF9CA1A4,0xFF9CA1A4,0xFF9CA1A4,0xFF9CA1A4,0xFF9CA1A4,0xFFA6ABAE,0xFF929699,0xFF4F5152,0xF10C0B0B,0x640F0F0F,0x00010101,0x04000000,0x00000000,0x00000000,0x00000000,0x00000000,0x00000000,0x00000000,0x00000000,
    0x00000000,0x03000000,0x00000000,0x5A0E0E0E,0xFF1A1A1A,0xFDAFB4B8,0xFCF9FFFF,0xFEF4FCFF,0xFEF7FFFF,0xFEF7FFFF,0xFEF7FFFF,0xFEF7FFFF,0xFEF7FFFF,0xFEF7FFFF,0xFEF7FFFF,0xFEF7FFFF,0xFEF8FFFF,0xFEF5FCFF,0xFEF3FAFF,0xFEF4FCFF,0xFCF5FCFF,0xFF9B9FA3,0xFF121111,0x6D0E0E0E,0x00010101,0x04000000,0x00000000,0x00000000,0x00000000,0x00000000,0x00000000,0x00000000,
    0x01000000,0x01000000,0x05999999,0xD8040303,0xFD888C8E,0xFCFCFFFF,0xFFE5ECF1,0xFFE1E8ED,0xFED4DADF,0xFED6DCE1,0xFED5DCE1,0xFED5DCE1,0xFED5DCE1,0xFED5DCE1,0xFED5DCE1,0xFED6DCE1,0xFFD5DBE0,0xFFDFE5EA,0xFFE4EBF0,0xFFE4EBF0,0xFFE6EDF2,0xFDF6FFFF,0xFCA5AAAE,0xFF101010,0x6D100E0E,0x00010101,0x04000000,0x00000000,0x00000000,0x00000000,0x00000000,0x00000000,
    0x02000000,0x00000000,0x290C0C0C,0xFD191919,0xFFCBD1D6,0xFEF0F7FB,0xFFCED4D9,0xFF393A3B,0xFF1F1F1F,0xFF232424,0xFF222323,0xFF222323,0xFF222323,0xFF222323,0xFF222323,0xFF252526,0xFF171717,0xFFA3A8AC,0xFFF4FBFE,0xFFDAE1E5,0xFFD7DEE3,0xFFE9F0F5,0xFEF3FAFF,0xFCA5ABAE,0xFF101010,0x6D0E0E0E,0x00010101,0x04000000,0x00000000,0x00000000,0x00000000,0x00000000,
    0x03000000,0x00000000,0x39040404,0xFF232424,0xFED5DCE1,0xFDF7FFFF,0xFF9DA1A5,0xDE000000,0x39111111,0x38040400,0x38040404,0x38040404,0x38040404,0x38040404,0x38040404,0x39111111,0xDD020201,0xFF9DA2A5,0xFEF8FFFF,0xFFCFD5D9,0xFF414344,0xFED2D8DD,0xFFEBF2F7,0xFEF2F9FF,0xFCA5ABAE,0xFF101010,0x6D0E0E0E,0x00010101,0x03000000,0x00000000,0x00000000,0x00000000,
    0x03000000,0x00000000,0x38040404,0xFF222323,0xFED5DCE1,0xFDF7FFFF,0xFF9FA3A7,0xD2080807,0x00030303,0x00000000,0x00000000,0x00000000,0x00000000,0x00000000,0x00000000,0x00030303,0xD2070706,0xFF9FA3A7,0xFDF7FFFF,0xFFD8DFE3,0xFF161616,0xFF2F3030,0xFFD7DDE1,0xFFEAF1F6,0xFEF2F9FF,0xFCA5ABAE,0xFF111111,0x6B0E0E0E,0x00010101,0x02000000,0x00000000,0x00000000,
    0x03000000,0x00000000,0x38040404,0xFF222323,0xFED5DCE1,0xFDF7FFFF,0xFF9FA3A7,0xD4060604,0x05999999,0x03000000,0x04000000,0x03000000,0x03000000,0x04000000,0x03000000,0x05999999,0xD4060604,0xFF9FA3A7,0xFDF7FFFF,0xFFD6DCE1,0xFA282829,0xD7050404,0xFE353737,0xFFD9DFE4,0xFFEDF4F9,0xFEF4FBFF,0xFCA2A7AB,0xFF101010,0x41131313,0x00000000,0x03000000,0x00000000,
    0x03000000,0x00000000,0x38040404,0xFF222323,0xFED5DCE1,0xFDF7FFFF,0xFF9FA3A7,0xD4060604,0x02FFFFFF,0x00000000,0x01000000,0x00000000,0x00000000,0x01000000,0x00000000,0x02FFFFFF,0xD4060604,0xFF9FA3A7,0xFDF7FFFF,0xFFD5DBE0,0xFD171616,0xE2060606,0xFD000000,0xFF272728,0xFFC9CFD3,0xFFE6EDF2,0xFCF9FFFF,0xFF707476,0xC3020101,0x00020202,0x02000000,0x00000000,
    0x03000000,0x00000000,0x38040404,0xFF222323,0xFED5DCE1,0xFDF7FFFF,0xFF9FA3A7,0xD4060604,0x02FFFFFF,0x00000000,0x01000000,0x00000000,0x00000000,0x01000000,0x00000000,0x01FFFFFF,0xD4040403,0xFE9FA4A7,0xFDF4FBFF,0xFFDDE3E8,0xFFA3A8AB,0xFF9DA2A5,0xFFA2A7AA,0xFF94989C,0xFFB7BDC1,0xFFE8EFF4,0xFEECF4F9,0xFFC2C8CC,0xF8131212,0x20171717,0x00000000,0x02000000,
    0x03000000,0x00000000,0x38040404,0xFF222323,0xFED5DCE1,0xFDF7FFFF,0xFF9FA3A7,0xD4060604,0x02FFFFFF,0x00000000,0x01000000,0x00000000,0x00000000,0x00000000,0x03000000,0x00020202,0xAE010101,0xFF656769,0xF9FFFFFF,0xFFEBF2F7,0xFFF5FDFF,0xFEF7FFFF,0xFFF6FDFF,0xFFF9FFFF,0xFFF2F9FE,0xFFE5ECF1,0xFFEAF1F6,0xFDD9E0E4,0xFF232323,0x40030303,0x00000000,0x03000000,
    0x03000000,0x00000000,0x38040404,0xFF222323,0xFED5DCE1,0xFDF7FFFF,0xFF9FA3A7,0xD4060604,0x02FFFFFF,0x00000000,0x01000000,0x00000000,0x00000000,0x00000000,0x03000000,0x00000000,0x37171717,0xFC100F0F,0xFF7D8183,0xFED4DADF,0xFED6DCE1,0xFED5DBE0,0xFED5DCE1,0xFED5DCE1,0xFFD6DDE1,0xFFE1E7EC,0xFFEBF2F7,0xFDD9E0E4,0xFF222323,0x3B040404,0x00000000,0x03000000,
    0x03000000,0x00000000,0x38040404,0xFF222323,0xFED5DCE1,0xFDF7FFFF,0xFF9FA3A7,0xD4060604,0x02FFFFFF,0x00000000,0x01000000,0x00000000,0x00000000,0x00000000,0x00000000,0x02000000,0x00000000,0x4B111111,0xD5070705,0xFE1B1B1C,0xFF232424,0xFF222223,0xFF222323,0xFF252526,0xFF171717,0xFFA3A8AB,0xFFF5FDFE,0xFED5DCE1,0xFF222323,0x37040404,0x00000000,0x03000000,
    0x03000000,0x00000000,0x38040404,0xFF222323,0xFED5DCE1,0xFDF7FFFF,0xFF9FA3A7,0xD4060604,0x02FFFFFF,0x00000000,0x01000000,0x00000000,0x00000000,0x00000000,0x00000000,0x00000000,0x02000000,0x00000000,0x04BFBFBF,0x2E0B0B0B,0x39040404,0x38040404,0x38040404,0x39111111,0xDD020201,0xFF9EA2A5,0xFDF7FFFF,0xFED5DCE1,0xFF222323,0x38040404,0x00000000,0x03000000,
    0x03000000,0x00000000,0x38040404,0xFF222323,0xFED5DCE1,0xFDF7FFFF,0xFF9FA3A7,0xD4060604,0x02FFFFFF,0x00000000,0x01000000,0x00000000,0x00000000,0x00000000,0x00000000,0x00000000,0x00000000,0x03000000,0x00000000,0x00000000,0x00000000,0x00000000,0x00000000,0x00030303,0xD2070706,0xFF9FA3A7,0xFDF7FFFF,0xFED5DCE1,0xFF222323,0x38040404,0x00000000,0x03000000,
    0x03000000,0x00000000,0x38040404,0xFF222323,0xFED5DCE1,0xFDF7FFFF,0xFF9FA3A7,0xD4060604,0x02FFFFFF,0x00000000,0x01000000,0x00000000,0x00000000,0x00000000,0x00000000,0x00000000,0x00000000,0x00000000,0x01000000,0x02000000,0x03000000,0x04000000,0x03000000,0x05999999,0xD4060604,0xFF9FA3A7,0xFDF7FFFF,0xFED5DCE1,0xFF222323,0x38040404,0x00000000,0x03000000,
    0x03000000,0x00000000,0x38040404,0xFF222323,0xFED5DCE1,0xFDF7FFFF,0xFF9FA3A7,0xD4060604,0x02FFFFFF,0x00000000,0x01000000,0x00000000,0x00000000,0x00000000,0x00000000,0x00000000,0x00000000,0x00000000,0x00000000,0x00000000,0x00000000,0x01000000,0x00000000,0x02FFFFFF,0xD4060604,0xFF9FA3A7,0xFDF7FFFF,0xFED5DCE1,0xFF222323,0x38040404,0x00000000,0x03000000,
    0x03000000,0x00000000,0x38040404,0xFF222323,0xFED5DCE1,0xFDF7FFFF,0xFF9FA3A7,0xD4060604,0x02FFFFFF,0x00000000,0x01000000,0x00000000,0x00000000,0x00000000,0x00000000,0x00000000,0x00000000,0x00000000,0x00000000,0x00000000,0x00000000,0x01000000,0x00000000,0x02FFFFFF,0xD4060604,0xFF9FA3A7,0xFDF7FFFF,0xFED5DCE1,0xFF222323,0x38040404,0x00000000,0x03000000,
    0x03000000,0x00000000,0x38040404,0xFF222323,0xFED5DCE1,0xFDF7FFFF,0xFF9FA3A7,0xD4060604,0x02FFFFFF,0x00000000,0x01000000,0x00000000,0x00000000,0x00000000,0x00000000,0x00000000,0x00000000,0x00000000,0x00000000,0x00000000,0x00000000,0x01000000,0x00000000,0x02FFFFFF,0xD4060604,0xFF9FA3A7,0xFDF7FFFF,0xFED5DCE1,0xFF222323,0x38040404,0x00000000,0x03000000,
    0x03000000,0x00000000,0x38040404,0xFF222323,0xFED5DCE1,0xFDF7FFFF,0xFF9FA3A7,0xD4060604,0x02FFFFFF,0x00000000,0x01000000,0x00000000,0x00000000,0x00000000,0x00000000,0x00000000,0x00000000,0x00000000,0x00000000,0x00000000,0x00000000,0x01000000,0x00000000,0x02FFFFFF,0xD4060604,0xFF9FA3A7,0xFDF7FFFF,0xFED5DCE1,0xFF222323,0x38040404,0x00000000,0x03000000,
    0x03000000,0x00000000,0x38040404,0xFF222323,0xFED5DCE1,0xFDF7FFFF,0xFF9FA3A7,0xD4060604,0x02FFFFFF,0x00000000,0x01000000,0x00000000,0x00000000,0x00000000,0x00000000,0x00000000,0x00000000,0x00000000,0x00000000,0x00000000,0x00000000,0x01000000,0x00000000,0x02FFFFFF,0xD4060604,0xFF9FA3A7,0xFDF7FFFF,0xFED5DCE1,0xFF222323,0x38040404,0x00000000,0x03000000,
    0x03000000,0x00000000,0x38040404,0xFF222323,0xFED5DCE1,0xFDF7FFFF,0xFF9FA3A7,0xD4060604,0x02FFFFFF,0x00000000,0x01000000,0x00000000,0x00000000,0x00000000,0x00000000,0x00000000,0x00000000,0x00000000,0x00000000,0x00000000,0x00000000,0x01000000,0x00000000,0x02FFFFFF,0xD4060604,0xFF9FA3A7,0xFDF7FFFF,0xFED5DCE1,0xFF222323,0x38040404,0x00000000,0x03000000,
    0x03000000,0x00000000,0x38040404,0xFF222323,0xFED5DCE1,0xFDF7FFFF,0xFF9FA3A7,0xD4060604,0x02FFFFFF,0x00000000,0x01000000,0x00000000,0x00000000,0x00000000,0x00000000,0x00000000,0x00000000,0x00000000,0x00000000,0x00000000,0x00000000,0x01000000,0x00000000,0x02FFFFFF,0xD4060604,0xFF9FA3A7,0xFDF7FFFF,0xFED5DCE1,0xFF222323,0x38040404,0x00000000,0x03000000,
    0x03000000,0x00000000,0x38040404,0xFF222323,0xFED5DCE1,0xFDF7FFFF,0xFF9FA3A7,0xD4060604,0x02FFFFFF,0x00000000,0x01000000,0x00000000,0x00000000,0x00000000,0x00000000,0x00000000,0x00000000,0x00000000,0x00000000,0x00000000,0x00000000,0x01000000,0x00000000,0x02FFFFFF,0xD4060604,0xFF9FA3A7,0xFDF7FFFF,0xFED5DCE1,0xFF222323,0x38040404,0x00000000,0x03000000,
    0x03000000,0x00000000,0x38040404,0xFF222323,0xFED5DCE1,0xFDF7FFFF,0xFF9FA3A7,0xD4060604,0x05999999,0x03000000,0x04000000,0x03000000,0x03000000,0x03000000,0x03000000,0x03000000,0x03000000,0x03000000,0x03000000,0x03000000,0x03000000,0x04000000,0x03000000,0x05999999,0xD4060604,0xFF9FA3A7,0xFDF7FFFF,0xFED5DCE1,0xFF222323,0x38040404,0x00000000,0x03000000,
    0x03000000,0x00000000,0x38040404,0xFF222323,0xFED5DCE1,0xFDF7FFFF,0xFF9FA3A7,0xD2080807,0x00030303,0x00000000,0x00000000,0x00000000,0x00000000,0x00000000,0x00000000,0x00000000,0x00000000,0x00000000,0x00000000,0x00000000,0x00000000,0x00000000,0x00000000,0x00030303,0xD2080807,0xFF9FA3A7,0xFDF7FFFF,0xFED5DCE1,0xFF222323,0x38040404,0x00000000,0x03000000,
    0x03000000,0x00000000,0x39040404,0xFF232424,0xFED5DCE1,0xFDF7FFFF,0xFF9DA1A5,0xDE000000,0x39111111,0x38040400,0x38040404,0x38040404,0x38040404,0x38040404,0x38040404,0x38040404,0x38040404,0x38040404,0x38040404,0x38040404,0x38040404,0x38040404,0x38040400,0x39111111,0xDE000000,0xFF9DA1A5,0xFDF7FFFF,0xFED5DCE1,0xFF232424,0x39040404,0x00000000,0x03000000,
    0x02000000,0x00000000,0x290C0C0C,0xFD191919,0xFECBD1D5,0xFEF0F7FB,0xFFCED4D9,0xFF393A3B,0xFF1F1F1F,0xFF232424,0xFF222323,0xFF222323,0xFF222323,0xFF222323,0xFF222323,0xFF222323,0xFF222323,0xFF222323,0xFF222323,0xFF222323,0xFF222323,0xFF222323,0xFF232424,0xFF1F1F1F,0xFF393B3C,0xFFCED4D9,0xFEF0F7FB,0xFFCBD1D5,0xFD181818,0x290C0C0C,0x00000000,0x02000000,
    0x01000000,0x01000000,0x05999999,0xD7040303,0xFD878B8E,0xFCFCFFFF,0xFFE5ECF1,0xFFE1E8ED,0xFED4DADF,0xFED6DCE1,0xFED5DCE1,0xFED5DCE1,0xFED5DCE1,0xFED5DCE1,0xFED5DCE1,0xFED5DCE1,0xFED5DCE1,0xFED5DCE1,0xFED5DCE1,0xFED5DCE1,0xFED5DCE1,0xFED5DCE1,0xFED6DCE1,0xFED4DADF,0xFFE2E8ED,0xFFE5ECF1,0xFCFCFFFF,0xFD878B8D,0xD7030303,0x05999999,0x01000000,0x01000000,
    0x00000000,0x03000000,0x00000000,0x590E0E0E,0xFF1A1A1A,0xFDAEB3B7,0xFCF9FFFF,0xFEF4FCFF,0xFEF7FFFF,0xFEF7FFFF,0xFEF7FFFF,0xFEF7FFFF,0xFEF7FFFF,0xFEF7FFFF,0xFEF7FFFF,0xFEF7FFFF,0xFEF7FFFF,0xFEF7FFFF,0xFEF7FFFF,0xFEF7FFFF,0xFEF7FFFF,0xFEF7FFFF,0xFEF7FFFF,0xFEF7FFFF,0xFEF4FCFF,0xFCF9FFFF,0xFDAEB3B6,0xFF191A1A,0x580E0E0E,0x00000000,0x03000000,0x00000000,
    0x00000000,0x00000000,0x02000000,0x00010101,0x7B0C0C0C,0xFC131313,0xFF616365,0xFF979B9E,0xFF9DA1A5,0xFF9CA1A4,0xFF9CA1A4,0xFF9CA1A4,0xFF9CA1A4,0xFF9CA1A4,0xFF9CA1A4,0xFF9CA1A4,0xFF9CA1A4,0xFF9CA1A4,0xFF9CA1A4,0xFF9CA1A4,0xFF9CA1A4,0xFF9CA1A4,0xFF9CA1A4,0xFF9DA1A5,0xFF969B9E,0xFF606365,0xFC131212,0x7B0C0C0C,0x00010101,0x02000000,0x00000000,0x00000000,
    0x00000000,0x00000000,0x00000000,0x02000000,0x00000001,0x42131313,0xAC000000,0xDB030303,0xE3060505,0xE3050505,0xE3050505,0xE3050505,0xE3050505,0xE3050505,0xE3050505,0xE3050505,0xE3050505,0xE3050505,0xE3050505,0xE3050505,0xE3050505,0xE3050505,0xE3050505,0xE3060505,0xDB030303,0xAC000000,0x42131313,0x00000001,0x02000000,0x00000000,0x00000000,0x00000000,
};

static const uint32_t bits32_file_text[1024] = {
    0x00000000,0x00000000,0x00000000,0x02000000,0x00000101,0x43131313,0xAD000000,0xDB030303,0xE3060505,0xE3050505,0xE3050505,0xE3050505,0xE3050505,0xE3050505,0xE3050505,0xE3050505,0xE3050505,0xE3050505,0xEE080707,0xD8020202,0x98000000,0x2D1C1C1C,0x00000000,0x03000000,0x00000000,0x00000000,0x00000000,0x00000000,0x00000000,0x00000000,0x00000000,0x00000000,
    0x00000000,0x00000000,0x02000000,0x00010101,0x7C0C0C0C,0xFD131313,0xFF626466,0xFF979B9E,0xFF9DA1A5,0xFF9CA1A4,0xFF9CA1A4,0xFF9CA1A4,0xFF9CA1A4,0xFF9CA1A4,0xFF9CA1A4,0xFF9CA1A4,0xFF9CA1A4,0xFF9CA1A4,0xFFA6ABAE,0xFF929699,0xFF4F5152,0xF10C0B0B,0x640F0F0F,0x00010101,0x04000000,0x00000000,0x00000000,0x00000000,0x00000000,0x00000000,0x00000000,0x00000000,
    0x00000000,0x03000000,0x00000000,0x5A0E0E0E,0xFF1A1A1A,0xFDAFB4B8,0xFCF9FFFF,0xFEF4FCFF,0xFEF7FFFF,0xFEF7FFFF,0xFEF7FFFF,0xFEF7FFFF,0xFEF7FFFF,0xFEF7FFFF,0xFEF7FFFF,0xFEF7FFFF,0xFEF8FFFF,0xFEF5FCFF,0xFEF3FAFF,0xFEF4FCFF,0xFCF5FCFF,0xFF9B9FA3,0xFF121111,0x6D0E0E0E,0x00010101,0x04000000,0x00000000,0x00000000,0x00000000,0x00000000,0x00000000,0x00000000,
    0x01000000,0x01000000,0x05999999,0xD8040303,0xFD888C8E,0xFCFCFFFF,0xFFE5ECF1,0xFFE1E8ED,0xFED4DADF,0xFED6DCE1,0xFED5DCE1,0xFED5DCE1,0xFED5DCE1,0xFED5DCE1,0xFED5DCE1,0xFED6DCE1,0xFFD5DBE0,0xFFDFE5EA,0xFFE4EBF0,0xFFE4EBF0,0xFFE6EDF2,0xFDF6FFFF,0xFCA5AAAE,0xFF101010,0x6D100E0E,0x00010101,0x04000000,0x00000000,0x00000000,0x00000000,0x00000000,0x00000000,
    0x02000000,0x00000000,0x290C0C0C,0xFD191919,0xFFCBD1D6,0xFEF0F7FB,0xFFCED4D9,0xFF393A3B,0xFF1F1F1F,0xFF232424,0xFF222323,0xFF222323,0xFF222323,0xFF222323,0xFF222323,0xFF252526,0xFF171717,0xFFA3A8AC,0xFFF4FBFE,0xFFDAE1E5,0xFFD7DEE3,0xFFE9F0F5,0xFEF3FAFF,0xFCA5ABAE,0xFF101010,0x6D0E0E0E,0x00010101,0x04000000,0x00000000,0x00000000,0x00000000,0x00000000,
    0x03000000,0x00000000,0x39040404,0xFF232424,0xFED5DCE1,0xFDF7FFFF,0xFF9DA1A5,0xDE000000,0x39111111,0x38040400,0x38040404,0x38040404,0x38040404,0x38040404,0x38040404,0x39111111,0xDD020201,0xFF9DA2A5,0xFEF8FFFF,0xFFCFD5D9,0xFF414344,0xFED2D8DD,0xFFEBF2F7,0xFEF2F9FF,0xFCA5ABAE,0xFF101010,0x6D0E0E0E,0x00010101,0x03000000,0x00000000,0x00000000,0x00000000,
    0x03000000,0x00000000,0x38040404,0xFF222323,0xFED5DCE1,0xFDF7FFFF,0xFF9FA3A7,0xD2080807,0x00030303,0x00000000,0x00000000,0x00000000,0x00000000,0x00000000,0x00000000,0x00030303,0xD2070706,0xFF9FA3A7,0xFDF7FFFF,0xFFD8DFE3,0xFF161616,0xFF2F3030,0xFFD7DDE1,0xFFEAF1F6,0xFEF2F9FF,0xFCA5ABAE,0xFF111111,0x6B0E0E0E,0x00010101,0x02000000,0x00000000,0x00000000,
    0x03000000,0x00000000,0x38040404,0xFF222323,0xFED5DCE1,0xFDF7FFFF,0xFF9FA3A7,0xD4060604,0x05999999,0x05000000,0x081F1F1F,0x07242424,0x07242424,0x081F1F1F,0x05000000,0x05999999,0xD4060604,0xFF9FA3A7,0xFDF7FFFF,0xFFD6DCE1,0xFA282829,0xD7050404,0xFE353737,0xFFD9DFE4,0xFFEDF4F9,0xFEF4FBFF,0xFCA2A7AB,0xFF101010,0x41131313,0x00000000,0x03000000,0x00000000,
    0x03000000,0x00000000,0x38040404,0xFF222323,0xFED5DCE1,0xFDF7FFFF,0xFF9FA3A7,0xD4060604,0x03FFFFFF,0x00000000,0x00010101,0x00010202,0x00010202,0x00010101,0x00000000,0x04BFBFBF,0xD4060604,0xFF9FA3A7,0xFDF7FFFF,0xFFD5DBE0,0xFD171616,0xE2060606,0xFD000000,0xFF272728,0xFFC9CFD3,0xFFE6EDF2,0xFCF9FFFF,0xFF707476,0xC3020101,0x00020202,0x02000000,0x00000000,
    0x03000000,0x00000000,0x38040404,0xFF222323,0xFED5DCE1,0xFDF7FFFF,0xFF9FA3A7,0xD6050504,0x00020303,0x3E101010,0x84000000,0x88000000,0x88000000,0x84000000,0x3E101010,0x00030303,0xD5040403,0xFE9FA4A7,0xFDF4FBFF,0xFFDDE3E8,0xFFA3A8AB,0xFF9DA2A5,0xFFA2A7AA,0xFF94989C,0xFFB7BDC1,0xFFE8EFF4,0xFEECF4F9,0xFFC2C8CC,0xF8131212,0x20171717,0x00000000,0x02000000,
    0x03000000,0x00000000,0x38040404,0xFF222323,0xFED5DCE1,0xFDF7FFFF,0xFF9FA4A7,0xC7060505,0x5A161616,0xFF181818,0xFF545657,0xFF5D5F61,0xFF5D5F61,0xFF545657,0xFF181818,0x4B171717,0xA1010101,0xFF656769,0xF9FFFFFF,0xFFEBF2F7,0xFFF5FDFF,0xFEF7FFFF,0xFFF6FDFF,0xFFF9FFFF,0xFFF2F9FE,0xFFE5ECF1,0xFFEAF1F6,0xFDD9E0E4,0xFF232323,0x40030303,0x00000000,0x03000000,
    0x03000000,0x00000000,0x38040404,0xFF222323,0xFED5DCE1,0xFDF7FFFF,0xFF9FA3A7,0xCF090808,0xCE070606,0xFE85898B,0xF8FFFFFF,0xFBEFF6FB,0xFBEFF6FB,0xF8FFFFFF,0xFE85898B,0xC2030302,0x30252525,0xFC100F0F,0xFF7D8183,0xFED4DADF,0xFED6DCE1,0xFED5DBE0,0xFED5DCE1,0xFED5DCE1,0xFFD6DDE1,0xFFE1E7EC,0xFFEBF2F7,0xFDD9E0E4,0xFF222323,0x3B040404,0x00000000,0x03000000,
    0x03000000,0x00000000,0x38040404,0xFF222323,0xFED5DCE1,0xFDF7FFFF,0xFF9FA3A7,0xCF090808,0xCE070606,0xFF85898B,0xFBFDFFFF,0xFEECF3F9,0xFEECF3F9,0xFBFDFFFF,0xFF85898B,0xD2030303,0x00020202,0x4E131313,0xD7070707,0xFF1B1C1C,0xFF232424,0xFF222223,0xFF222323,0xFF252526,0xFF171717,0xFFA3A8AB,0xFFF5FDFE,0xFED5DCE1,0xFF222323,0x37040404,0x00000000,0x03000000,
    0x03000000,0x00000000,0x38040404,0xFF222323,0xFED5DCE1,0xFDF7FFFF,0xFF9FA4A7,0xC7060505,0x5C161616,0xFF181818,0xFF545657,0xFF5D6062,0xFF5D5F61,0xFF545657,0xF5181818,0x4C101010,0x00000000,0x00000000,0x00030303,0x230E0E0E,0x2D050505,0x2D050505,0x36040404,0x3B111111,0xDD020201,0xFF9EA2A5,0xFDF7FFFF,0xFED5DCE1,0xFF222323,0x38040404,0x00000000,0x03000000,
    0x03000000,0x00000000,0x38040404,0xFF222323,0xFED5DCE1,0xFDF7FFFF,0xFF9FA3A7,0xD8050505,0x00010102,0x44161616,0xB7010000,0xBF000000,0xBF000000,0xBB000000,0x760A0808,0x32050505,0x39040404,0x3A040404,0x36040404,0x2D050505,0x2C050000,0x280C0C0C,0x00020202,0x00020202,0xD4070706,0xFF9FA3A7,0xFDF7FFFF,0xFED5DCE1,0xFF222323,0x38040404,0x00000000,0x03000000,
    0x03000000,0x00000000,0x38040404,0xFF222323,0xFED5DCE1,0xFDF7FFFF,0xFF9FA4A7,0xCC050505,0x2B232329,0xC70B0B0B,0xEF202121,0xF2262628,0xF3242525,0xF2242525,0xF9222222,0xFF222323,0xFF222323,0xFF222323,0xFF222323,0xFF222223,0xFF232424,0xFF1D1D1E,0xD60B0B0B,0x2C222228,0xCD040404,0xFF9FA4A7,0xFDF7FFFF,0xFED5DCE1,0xFF222323,0x38040404,0x00000000,0x03000000,
    0x03000000,0x00000000,0x38040404,0xFF222323,0xFED5DCE1,0xFDF7FFFF,0xFF9FA4A7,0xC9070707,0xB5090909,0xFF5C5E60,0xFFD6DDE0,0xFFD6DCE0,0xFFD5DCE0,0xFFD6DCE1,0xFFD6DCE1,0xFED5DCE1,0xFED5DCE1,0xFED5DCE1,0xFED5DCE1,0xFED5DCE0,0xFED5DCE0,0xFCD8DFE2,0xFF5C5E60,0xB5090909,0xC9070707,0xFF9FA4A7,0xFDF7FFFF,0xFED5DCE1,0xFF222323,0x38040404,0x00000000,0x03000000,
    0x03000000,0x00000000,0x38040404,0xFF222323,0xFED5DCE1,0xFDF7FFFF,0xFF9FA3A7,0xD4090908,0xD9050404,0xFAA2A6A9,0xFBFFFFFF,0xFDF3FBFF,0xFDF7FFFF,0xFDF7FFFF,0xFDF7FFFF,0xFDF7FFFF,0xFDF7FFFF,0xFDF7FFFF,0xFDF7FFFF,0xFDF7FFFF,0xFDF3FBFF,0xFBFFFFFF,0xFAA2A6A9,0xD9050404,0xD4090908,0xFF9FA3A7,0xFDF7FFFF,0xFED5DCE1,0xFF222323,0x38040404,0x00000000,0x03000000,
    0x03000000,0x00000000,0x38040404,0xFF222323,0xFED5DCE1,0xFDF7FFFF,0xFF9FA4A7,0xC5060605,0x8D0E0E0E,0xFF343536,0xFF999DA0,0xFFA0A5A8,0xFF9EA3A6,0xFF9FA4A7,0xFF9FA4A7,0xFF9FA4A7,0xFF9FA4A7,0xFF9FA4A7,0xFF9FA4A7,0xFF9EA3A6,0xFFA0A5A8,0xFF999DA0,0xFF343536,0x8D0E0E0E,0xC5060605,0xFF9FA4A7,0xFDF7FFFF,0xFED5DCE1,0xFF222323,0x38040404,0x00000000,0x03000000,
    0x03000000,0x00000000,0x38040404,0xFF222323,0xFED5DCE1,0xFDF7FFFF,0xFF9FA3A7,0xD3060604,0x067FAAAA,0x7B0A0A0A,0xCE070707,0xD6090908,0xD6090808,0xD6090808,0xD6090808,0xD6090808,0xD6090808,0xD6090808,0xD6090808,0xD6090808,0xD6090908,0xCE070707,0x7B0A0A0A,0x067FAAAA,0xD3060604,0xFF9FA3A7,0xFDF7FFFF,0xFED5DCE1,0xFF222323,0x38040404,0x00000000,0x03000000,
    0x03000000,0x00000000,0x38040404,0xFF222323,0xFED5DCE1,0xFDF7FFFF,0xFF9FA3A7,0xD3060604,0x067FAAAA,0x7B0A0A0A,0xCE070707,0xD6090908,0xD6090808,0xD6090808,0xD6090808,0xD6090808,0xD6090808,0xD6090808,0xD6090808,0xD6090808,0xD6090908,0xCE070707,0x7B0A0A0A,0x067FAAAA,0xD3060604,0xFF9FA3A7,0xFDF7FFFF,0xFED5DCE1,0xFF222323,0x38040404,0x00000000,0x03000000,
    0x03000000,0x00000000,0x38040404,0xFF222323,0xFED5DCE1,0xFDF7FFFF,0xFF9FA4A7,0xC5060605,0x8D0E0E0E,0xFF343536,0xFF999DA0,0xFFA0A5A8,0xFF9EA3A6,0xFF9FA4A7,0xFF9FA4A7,0xFF9FA4A7,0xFF9FA4A7,0xFF9FA4A7,0xFF9FA4A7,0xFF9EA3A6,0xFFA0A5A8,0xFF999DA0,0xFF343536,0x8D0E0E0E,0xC5060605,0xFF9FA4A7,0xFDF7FFFF,0xFED5DCE1,0xFF222323,0x38040404,0x00000000,0x03000000,
    0x03000000,0x00000000,0x38040404,0xFF222323,0xFED5DCE1,0xFDF7FFFF,0xFF9FA3A7,0xD4090908,0xD9050404,0xFAA2A6A9,0xFBFFFFFF,0xFDF3FBFF,0xFDF7FFFF,0xFDF7FFFF,0xFDF7FFFF,0xFDF7FFFF,0xFDF7FFFF,0xFDF7FFFF,0xFDF7FFFF,0xFDF7FFFF,0xFDF3FBFF,0xFBFFFFFF,0xFAA2A6A9,0xD9050404,0xD4090908,0xFF9FA3A7,0xFDF7FFFF,0xFED5DCE1,0xFF222323,0x38040404,0x00000000,0x03000000,
    0x03000000,0x00000000,0x38040404,0xFF222323,0xFED5DCE1,0xFDF7FFFF,0xFF9FA4A7,0xC9070707,0xB5090909,0xFF5C5E60,0xFCD8DFE2,0xFED5DCE0,0xFED5DCE0,0xFED5DCE1,0xFED5DCE1,0xFED5DCE1,0xFED5DCE1,0xFED5DCE1,0xFED5DCE1,0xFED5DCE0,0xFED5DCE0,0xFCD8DFE2,0xFF5C5E60,0xB5090909,0xC9070707,0xFF9FA4A7,0xFDF7FFFF,0xFED5DCE1,0xFF222323,0x38040404,0x00000000,0x03000000,
    0x03000000,0x00000000,0x38040404,0xFF222323,0xFED5DCE1,0xFDF7FFFF,0xFF9FA4A7,0xCD040404,0x2C222228,0xD60B0B0B,0xFF1D1D1E,0xFF232424,0xFF222223,0xFF222323,0xFF222323,0xFF222323,0xFF222323,0xFF222323,0xFF222323,0xFF222223,0xFF232424,0xFF1D1D1E,0xD60B0B0B,0x2C222228,0xCD040404,0xFF9FA4A7,0xFDF7FFFF,0xFED5DCE1,0xFF222323,0x38040404,0x00000000,0x03000000,
    0x03000000,0x00000000,0x38040404,0xFF222323,0xFED5DCE1,0xFDF7FFFF,0xFF9FA3A7,0xD4080807,0x00020202,0x00020202,0x280C0C0C,0x2C050000,0x2C050505,0x2C050505,0x2C050505,0x2C050505,0x2C050505,0x2C050505,0x2C050505,0x2C050505,0x2C050000,0x280C0C0C,0x00020202,0x00020202,0xD4080807,0xFF9FA3A7,0xFDF7FFFF,0xFED5DCE1,0xFF222323,0x38040404,0x00000000,0x03000000,
    0x03000000,0x00000000,0x39040404,0xFF232424,0xFED5DCE1,0xFDF7FFFF,0xFF9DA1A5,0xDE000000,0x3B151111,0x36040000,0x2D050500,0x2C050505,0x2C050505,0x2C050505,0x2C050505,0x2C050505,0x2C050505,0x2C050505,0x2C050505,0x2C050505,0x2C050505,0x2D050500,0x36040000,0x3B151111,0xDE000000,0xFF9DA1A5,0xFDF7FFFF,0xFED5DCE1,0xFF232424,0x39040404,0x00000000,0x03000000,
    0x02000000,0x00000000,0x290C0C0C,0xFD191919,0xFECBD1D5,0xFEF0F7FB,0xFFCED4D9,0xFF393A3B,0xFF1F1F1F,0xFF232424,0xFF222323,0xFF222323,0xFF222323,0xFF222323,0xFF222323,0xFF222323,0xFF222323,0xFF222323,0xFF222323,0xFF222323,0xFF222323,0xFF222323,0xFF232424,0xFF1F1F1F,0xFF393B3C,0xFFCED4D9,0xFEF0F7FB,0xFFCBD1D5,0xFD181818,0x290C0C0C,0x00000000,0x02000000,
    0x01000000,0x01000000,0x05999999,0xD7040303,0xFD878B8E,0xFCFCFFFF,0xFFE5ECF1,0xFFE1E8ED,0xFED4DADF,0xFED6DCE1,0xFED5DCE1,0xFED5DCE1,0xFED5DCE1,0xFED5DCE1,0xFED5DCE1,0xFED5DCE1,0xFED5DCE1,0xFED5DCE1,0xFED5DCE1,0xFED5DCE1,0xFED5DCE1,0xFED5DCE1,0xFED6DCE1,0xFED4DADF,0xFFE2E8ED,0xFFE5ECF1,0xFCFCFFFF,0xFD878B8D,0xD7030303,0x05999999,0x01000000,0x01000000,
    0x00000000,0x03000000,0x00000000,0x590E0E0E,0xFF1A1A1A,0xFDAEB3B7,0xFCF9FFFF,0xFEF4FCFF,0xFEF7FFFF,0xFEF7FFFF,0xFEF7FFFF,0xFEF7FFFF,0xFEF7FFFF,0xFEF7FFFF,0xFEF7FFFF,0xFEF7FFFF,0xFEF7FFFF,0xFEF7FFFF,0xFEF7FFFF,0xFEF7FFFF,0xFEF7FFFF,0xFEF7FFFF,0xFEF7FFFF,0xFEF7FFFF,0xFEF4FCFF,0xFCF9FFFF,0xFDAEB3B6,0xFF191A1A,0x580E0E0E,0x00000000,0x03000000,0x00000000,
    0x00000000,0x00000000,0x02000000,0x00010101,0x7B0C0C0C,0xFC131313,0xFF616365,0xFF979B9E,0xFF9DA1A5,0xFF9CA1A4,0xFF9CA1A4,0xFF9CA1A4,0xFF9CA1A4,0xFF9CA1A4,0xFF9CA1A4,0xFF9CA1A4,0xFF9CA1A4,0xFF9CA1A4,0xFF9CA1A4,0xFF9CA1A4,0xFF9CA1A4,0xFF9CA1A4,0xFF9CA1A4,0xFF9DA1A5,0xFF969B9E,0xFF606365,0xFC131212,0x7B0C0C0C,0x00010101,0x02000000,0x00000000,0x00000000,
    0x00000000,0x00000000,0x00000000,0x02000000,0x00000001,0x42131313,0xAC000000,0xDB030303,0xE3060505,0xE3050505,0xE3050505,0xE3050505,0xE3050505,0xE3050505,0xE3050505,0xE3050505,0xE3050505,0xE3050505,0xE3050505,0xE3050505,0xE3050505,0xE3050505,0xE3050505,0xE3060505,0xDB030303,0xAC000000,0x42131313,0x00000001,0x02000000,0x00000000,0x00000000,0x00000000,
};

static const uint32_t bits32_disk[1024] = {
    0x00000000,0x00000000,0x00000000,0x00000000,0x00000000,0x00000000,0x00000000,0x00000000,0x02000000,0x03000000,0x03000000,0x03000000,0x03000000,0x03000000,0x03000000,0x03000000,0x03000000,0x03000000,0x03000000,0x03000000,0x03000000,0x03000000,0x03000000,0x02000000,0x00000000,0x00000000,0x00000000,0x00000000,0x00000000,0x00000000,0x00000000,0x00000000,
    0x00000000,0x00000000,0x00000000,0x00000000,0x00000000,0x00000000,0x02000000,0x02000000,0x00000000,0x00000000,0x00000000,0x00000000,0x00000000,0x00000000,0x00000000,0x00000000,0x00000000,0x00000000,0x00000000,0x00000000,0x00000000,0x00000000,0x00000000,0x00000000,0x02000000,0x02000000,0x00000000,0x00000000,0x00000000,0x00000000,0x00000000,0x00000000,
    0x00000000,0x00000000,0x00000000,0x00000000,0x00000000,0x02000000,0x00000000,0x00020202,0x1E191919,0x37040404,0x38040404,0x38040404,0x38040404,0x38040404,0x38040404,0x38040404,0x38040404,0x38040404,0x38040404,0x38040404,0x38040404,0x38040404,0x37040404,0x1E191919,0x00020202,0x00000000,0x02000000,0x00000000,0x00000000,0x00000000,0x00000000,0x00000000,
    0x00000000,0x00000000,0x00000000,0x00000000,0x02000000,0x00000000,0x2F1B1B1B,0xB5050504,0xF4111111,0xFF202021,0xFF202021,0xFF202021,0xFF202021,0xFF202021,0xFF202021,0xFF202021,0xFF202021,0xFF202021,0xFF202021,0xFF202021,0xFF202021,0xFF202021,0xFF202021,0xF4111111,0xB5070504,0x2F1B1B1B,0x00000000,0x02000000,0x00000000,0x00000000,0x00000000,0x00000000,
    0x00000000,0x00000000,0x00000000,0x02000000,0x00000000,0x3A151A1A,0xF20D0C0C,0xFF525659,0xFF9FA9B0,0xFEB1BCC4,0xFEB1BCC5,0xFEB2BDC5,0xFEB2BDC5,0xFEB2BDC5,0xFEB2BDC5,0xFEB2BDC5,0xFEB2BDC5,0xFEB2BDC5,0xFEB2BDC5,0xFEB2BDC5,0xFEB2BDC5,0xFEB1BCC5,0xFEB1BCC4,0xFF9FA9B0,0xFF515659,0xF20C0C0C,0x39161A1A,0x00000000,0x02000000,0x00000000,0x00000000,0x00000000,
    0x00000000,0x00000000,0x01000000,0x02000000,0x09555555,0xDC080806,0xFF606569,0xFAD0DDE7,0xFEC7D3DD,0xFECBD8E2,0xFCCEDBE5,0xFDCDDAE4,0xFDCDDAE4,0xFDCDDAE4,0xFDCDDAE4,0xFDCDDAE4,0xFDCDDAE4,0xFDCDDAE4,0xFDCDDAE4,0xFDCDDAE4,0xFDCDDAE4,0xFCCEDBE5,0xFECBD8E2,0xFEC7D3DD,0xFAD0DDE7,0xFF5F6569,0xDB080806,0x09555555,0x02000000,0x01000000,0x00000000,0x00000000,
    0x00000000,0x00000000,0x04000000,0x00000000,0x68090707,0xFF292A2B,0xFBBDCAD3,0xFFC2CED7,0xFFB9C5CD,0xFF8B9399,0xFF848C92,0xFF868E94,0xFF858D93,0xFF858D93,0xFF858D93,0xFF858D93,0xFF858D93,0xFF858D93,0xFF858D93,0xFF858D93,0xFF868E94,0xFF848C92,0xFF8B9399,0xFFB9C5CD,0xFFC2CED7,0xFBBDCAD3,0xFF292A2B,0x68090707,0x00000000,0x04000000,0x00000000,0x00000000,
    0x00000000,0x01000000,0x02000000,0x09555555,0xDE050504,0xFE767D82,0xFDC9D5DF,0xFEC6D3DC,0xFF61666A,0xEF010000,0xD30A0909,0xD5080807,0xD4080807,0xD4080807,0xD4080807,0xD4080807,0xD4080807,0xD4080807,0xD4080807,0xD4080807,0xD5080807,0xD30A0909,0xEF010000,0xFF61666A,0xFEC6D3DC,0xFDC9D5DF,0xFE767D82,0xDE050504,0x09555571,0x01000000,0x01000000,0x00000000,
    0x00000000,0x04000000,0x00000000,0x68070707,0xFF292B2B,0xFCBAC6CE,0xFFC5D2DB,0xFDAAB4BC,0xFF171818,0x47111115,0x00020203,0x05666666,0x02FFFFFF,0x02FFFFFF,0x02FFFFFF,0x02FFFFFF,0x02FFFFFF,0x02FFFFFF,0x02FFFFFF,0x02FFFFFF,0x05666666,0x00020203,0x47111111,0xFF171818,0xFDA9B4BC,0xFFC6D2DB,0xFCBAC6CE,0xFF292B2B,0x69070707,0x00000000,0x04000000,0x00000000,
    0x01000000,0x01000000,0x09555555,0xDE050504,0xFE767D82,0xFDC9D6E0,0xFCC9D6E0,0xFF5C6165,0xBF040202,0x00020203,0x02000000,0x00000000,0x00000000,0x00000000,0x00000000,0x00000000,0x00000000,0x00000000,0x00000000,0x00000000,0x00000000,0x02000000,0x00020202,0xBF040202,0xFF5C6164,0xFCC9D6E0,0xFDC9D6E0,0xFE767D82,0xDE050504,0x09555571,0x01000000,0x01000000,
    0x04000000,0x00000000,0x69090707,0xFF292B2B,0xFCBAC6CE,0xFFC6D2DB,0xFDA9B3BC,0xFF191919,0x420F0F0F,0x00000000,0x04000000,0x01000000,0x01000000,0x01000000,0x01000000,0x01000000,0x01000000,0x01000000,0x01000000,0x01000000,0x01000000,0x04000000,0x00000000,0x420F0F0F,0xFF181919,0xFDA9B3BB,0xFFC6D2DB,0xFCBAC6CF,0xFF292B2C,0x69090707,0x00000000,0x04000000,
    0x02000000,0x09555555,0xDF050504,0xFE767D82,0xFDC9D6E0,0xFCC9D6E0,0xFF5C6164,0xC3030202,0x047FBFBF,0x07000000,0x04000000,0x04000000,0x04000000,0x04000000,0x04000000,0x04000000,0x04000000,0x04000000,0x04000000,0x04000000,0x04000000,0x04000000,0x07000000,0x047FBFBF,0xC3030202,0xFF5C6164,0xFCC9D6E0,0xFDC9D6E0,0xFE767D82,0xDF050504,0x09555571,0x02000000,
    0x00000000,0x67090707,0xFF292B2C,0xFCBAC6CE,0xFFC6D3DC,0xFDABB6BE,0xF91A1B1B,0x2F1B1B1B,0x00010101,0x00010101,0x00010101,0x00010101,0x00010101,0x00010101,0x00010101,0x00010101,0x00010101,0x00010101,0x00010101,0x00010101,0x00010101,0x00010101,0x00010101,0x00010101,0x2F1B1B1B,0xF91A1B1B,0xFDACB6BE,0xFFC6D3DC,0xFCBAC5CF,0xFF2A2B2C,0x67070707,0x00000000,
    0x0A4C6666,0xDB050404,0xFE777E83,0xFDCAD6E0,0xFEC5D2DB,0xFF505457,0xED000000,0x82050303,0x84000000,0x84000000,0x84000000,0x84000000,0x84000000,0x84000000,0x84000000,0x84000000,0x84000000,0x84000000,0x84000000,0x84000000,0x84000000,0x84000000,0x84000000,0x84000000,0x82050303,0xED000000,0xFF505457,0xFEC5D2DB,0xFDCAD6E0,0xFE777E83,0xDB050504,0x0A4C4C66,
    0x72080606,0xFF2A2B2C,0xFDBAC6CF,0xFFC3CFD8,0xFFB5BFC8,0xFF515559,0xFF494D50,0xFF4D5154,0xFF4C5053,0xFF4C5053,0xFF4C5053,0xFF4C5053,0xFF4C5053,0xFF4C5053,0xFF4C5053,0xFF4C5053,0xFF4C5053,0xFF4C5053,0xFF4C5053,0xFF4C5053,0xFF4C5053,0xFF4C5053,0xFF4C5053,0xFF4C5053,0xFF4D5154,0xFF4A4D50,0xFF515559,0xFFB4C0C8,0xFFC3CFD8,0xFDBBC6CF,0xFF2A2B2C,0x72060606,
    0xD1040303,0xFE6E7479,0xFDCDDAE4,0xFFBCC8D0,0xFFBDC9D2,0xFFC5D1DB,0xFFC6D3DC,0xFBC9D5DE,0xFBC9D5DE,0xFBC9D5DE,0xFBC9D5DE,0xFBC9D5DE,0xFBC9D5DE,0xFBC9D5DE,0xFBC9D5DE,0xFBC9D5DE,0xFBC9D5DE,0xFBC9D5DE,0xFBC9D5DE,0xFBC9D5DE,0xFBC9D5DE,0xFBC9D5DE,0xFBC9D5DE,0xFBC9D5DE,0xFBC9D5DE,0xFFC6D3DC,0xFFC5D1DB,0xFFBDC9D2,0xFFBCC8D0,0xFDCDDAE4,0xFE6D7479,0xD0040302,
    0xE4080707,0xFF868F94,0xFEC9D6E0,0xFFBEC9D2,0xFFC8D5DE,0xFCC9D6DF,0xFBC9D6DF,0xFDC8D4DE,0xFDC8D4DE,0xFBC9D6DF,0xFBC9D6DF,0xFBC9D6DF,0xFCC9D5DF,0xFDC8D4DE,0xFCC9D5DF,0xFBC9D6DF,0xFBC9D6DF,0xFBC9D6DF,0xFBC9D6DF,0xFBC9D6DF,0xFBC9D6DF,0xFBC9D6DF,0xFBC9D6DF,0xFBC9D6DF,0xFBC9D6DF,0xFBC9D6DF,0xFCC9D6DF,0xFFC8D5DE,0xFFBEC9D2,0xFEC9D6E0,0xFF868E94,0xE3080707,
    0xE3080706,0xFF838B90,0xFECCD9E3,0xFFB6C1C9,0xFF585C60,0xFF505457,0xFF52575A,0xFF515659,0xFF515659,0xFF525659,0xFF525659,0xFF525659,0xFF525659,0xFF515659,0xFF525659,0xFF525659,0xFF525659,0xFF525659,0xFF525659,0xFF525659,0xFF525659,0xFF525659,0xFF525659,0xFF525659,0xFF525659,0xFF52575A,0xFF4F5457,0xFF585C60,0xFFB6C1C9,0xFECCD9E3,0xFF838B90,0xE3080706,
    0xE3080706,0xFF838B90,0xFECDDAE4,0xFEB1BCC4,0xFF151615,0xA2000000,0x82010100,0xB8040201,0xB8040201,0x86010000,0x8C000000,0x83000000,0xA6040303,0xC1030201,0x93030101,0x86000000,0x8C000000,0x8C000000,0x8C000000,0x8C000000,0x8C000000,0x8C000000,0x8C000000,0x8C000000,0x8D000000,0x8A010000,0xA5000000,0xFF151515,0xFFB1BCC4,0xFECDDAE4,0xFF838B90,0xE3080706,
    0xE3080706,0xFF838B90,0xFECDDAE4,0xFEB2BDC5,0xFF222323,0x29181812,0x87111111,0xED191919,0xEC19191B,0x97100F0F,0x00020303,0x50161616,0xDD131313,0xEE1E1F1F,0xC30F0F0F,0x19333333,0x00010101,0x00010101,0x00010101,0x00010101,0x00010101,0x00010101,0x00010101,0x00010101,0x00010101,0x00010101,0x2A0C0C12,0xFF222224,0xFEB2BDC5,0xFECDDAE4,0xFF838B90,0xE3080706,
    0xE3080706,0xFF838B90,0xFECDDAE4,0xFFB2BDC5,0xF5202122,0x9A080806,0xFF282A2A,0xFFA1ABB2,0xFFA2ACB4,0xFF292B2C,0x800B0B0B,0xEB111111,0xFF7A8287,0xFDB9C5CD,0xFF505457,0xBB090808,0x047F7F7F,0x06000000,0x04000000,0x04000000,0x04000000,0x04000000,0x04000000,0x04000000,0x07000000,0x04000000,0x3B040404,0xFF202021,0xFEB2BDC5,0xFECDDAE4,0xFF838B90,0xE3080706,
    0xE3080706,0xFF838B90,0xFECDDAE4,0xFFB2BDC5,0xF1212223,0xC1020100,0xFD494D50,0xFBD8E5F0,0xFAD9E7F1,0xFC4C4F52,0xC4030202,0xF31D1E1E,0xFBBAC6CF,0xFAE3F2FD,0xFA889096,0xDA070504,0x02FFFFFF,0x01000000,0x01000000,0x01000000,0x01000000,0x01000000,0x01000000,0x01000000,0x04000000,0x01000000,0x38040404,0xFF202021,0xFEB2BDC5,0xFECDDAE4,0xFF838B90,0xE3080706,
    0xE3080706,0xFF838B90,0xFECDDAE4,0xFFB2BDC5,0xF9202021,0x730B0B0B,0xFD171717,0xFF6F757A,0xFF70767B,0xFF181818,0x47151515,0xCC0D0C0C,0xFF4E5255,0xFF858C92,0xFF2F3032,0x8D0A0A0A,0x00000101,0x02000000,0x00000000,0x00000000,0x00000000,0x00000000,0x00000000,0x00000000,0x02000000,0x00000000,0x37040404,0xFF212122,0xFEB2BDC5,0xFECDDAE4,0xFF838B90,0xE3080706,
    0xE3080706,0xFF838B90,0xFECDDAE4,0xFEB1BCC4,0xFF1D1D1E,0x2F151515,0x50161616,0xCA0A0808,0xCA0A0808,0x5F151515,0x00020202,0x2B232323,0xB10B0B0B,0xD0080807,0x8E0E0E0E,0x0A4C6666,0x02FFFFFF,0x02FFFFFF,0x02FFFFFF,0x02FFFFFF,0x02FFFFFF,0x02FFFFFF,0x02FFFFFF,0x02FFFFFF,0x05666666,0x01FFFFFF,0x3A111111,0xFF1D1D1E,0xFEB1BCC4,0xFECDDAE4,0xFF838B90,0xE3080706,
    0xDE060505,0xFF7F868C,0xFECBD7E1,0xFFBBC7D0,0xFF323436,0xE0020100,0xC70A0808,0xD10A0A09,0xD00B0B09,0xC7080706,0xD6080807,0xCD080706,0xCA0A0A08,0xD30C0A0A,0xC6090707,0xD3080707,0xD5080807,0xD4080807,0xD4080807,0xD4080807,0xD4080807,0xD4080807,0xD4080807,0xD4080807,0xD5080807,0xD3090909,0xDE020100,0xFF333536,0xFFBBC7D0,0xFECBD8E1,0xFF7E868B,0xDE060505,
    0xB0020101,0xFF53575B,0xFCCFDCE5,0xFFBECAD3,0xFFACB6BE,0xFF848B91,0xFF868E94,0xFF858D93,0xFF858D93,0xFF868D93,0xFF858D93,0xFF858D93,0xFF858D93,0xFF858D93,0xFF868D93,0xFF858D93,0xFF858D93,0xFF858D93,0xFF858D93,0xFF858D93,0xFF858D93,0xFF858D93,0xFF858D93,0xFF858D93,0xFF858D93,0xFF868E94,0xFF848B91,0xFFACB6BE,0xFFBECAD3,0xFCCFDBE5,0xFF53575A,0xB0020101,
    0x3F141414,0xFF131313,0xFC929BA1,0xFCD1DEE8,0xFEC7D4DD,0xFDCDDAE4,0xFCCEDBE5,0xFDCDDAE4,0xFDCDDAE4,0xFDCDDAE4,0xFDCDDAE4,0xFDCDDAE4,0xFDCDDAE4,0xFDCDDAE4,0xFDCDDAE4,0xFDCDDAE4,0xFDCDDAE4,0xFDCDDAE4,0xFDCDDAE4,0xFDCDDAE4,0xFDCDDAE4,0xFDCDDAE4,0xFDCDDAE4,0xFDCDDAE4,0xFDCDDAE4,0xFCCEDBE5,0xFDCDDAE4,0xFEC7D4DD,0xFCD1DEE8,0xFC919AA1,0xFF131313,0x3E141414,
    0x00000101,0x7A0E0C0C,0xFF191919,0xFF71787D,0xFFA9B3BB,0xFEB1BCC5,0xFEB1BCC5,0xFEB2BDC5,0xFEB2BDC5,0xFEB2BDC5,0xFEB2BDC5,0xFEB2BDC5,0xFEB2BDC5,0xFEB2BDC5,0xFEB2BDC5,0xFEB2BDC5,0xFEB2BDC5,0xFEB2BDC5,0xFEB2BDC5,0xFEB2BDC5,0xFEB2BDC5,0xFEB2BDC5,0xFEB2BDC5,0xFEB2BDC5,0xFEB2BDC5,0xFEB1BCC5,0xFEB1BCC5,0xFFA9B3BB,0xFF71777C,0xFF191919,0x7A0E0C0C,0x00010101,
    0x02000000,0x00010101,0x5C101010,0xD1070604,0xFB181818,0xFF202122,0xFF1F2021,0xFF202021,0xFF202021,0xFF202021,0xFF202021,0xFF202021,0xFF202021,0xFF202021,0xFF202021,0xFF202021,0xFF202021,0xFF202021,0xFF202021,0xFF202021,0xFF202021,0xFF202021,0xFF202021,0xFF202021,0xFF202021,0xFF1F2021,0xFF202122,0xFA171818,0xD0070604,0x5B101010,0x00000101,0x02000000,
    0x00000000,0x02000000,0x00000000,0x01FFFFFF,0x280C0C0C,0x39040404,0x38040404,0x38040404,0x38040404,0x38040404,0x38040404,0x38040404,0x38040404,0x38040404,0x38040404,0x38040404,0x38040404,0x38040404,0x38040404,0x38040404,0x38040404,0x38040404,0x38040404,0x38040404,0x38040404,0x38040404,0x39080404,0x280C0C0C,0x01FFFFFF,0x00000000,0x02000000,0x00000000,
    0x00000000,0x00000000,0x03000000,0x00000000,0x00000000,0x00000000,0x00000000,0x00000000,0x00000000,0x00000000,0x00000000,0x00000000,0x00000000,0x00000000,0x00000000,0x00000000,0x00000000,0x00000000,0x00000000,0x00000000,0x00000000,0x00000000,0x00000000,0x00000000,0x00000000,0x00000000,0x00000000,0x00000000,0x00000000,0x03000000,0x00000000,0x00000000,
    0x00000000,0x00000000,0x00000000,0x01000000,0x02000000,0x03000000,0x03000000,0x03000000,0x03000000,0x03000000,0x03000000,0x03000000,0x03000000,0x03000000,0x03000000,0x03000000,0x03000000,0x03000000,0x03000000,0x03000000,0x03000000,0x03000000,0x03000000,0x03000000,0x03000000,0x03000000,0x03000000,0x02000000,0x01000000,0x00000000,0x00000000,0x00000000,
};

static const uint32_t bits32_computer[1024] = {
    0x00000000,0x01000000,0x02000000,0x00000000,0x00000101,0x00000102,0x00000102,0x00000102,0x00000102,0x00000102,0x00000102,0x00000102,0x00000102,0x00000102,0x00000102,0x00000102,0x00000102,0x00000102,0x00000102,0x00000102,0x00000102,0x00000102,0x00000102,0x00000102,0x00000102,0x00000102,0x00000102,0x00000101,0x00000000,0x02000000,0x01000000,0x00000000,
    0x01000000,0x00000000,0x00010101,0x32140F0F,0x6E040000,0x83030000,0x85030000,0x86030000,0x86030000,0x86030000,0x86030000,0x86030000,0x86030000,0x86030000,0x86030000,0x86030000,0x86030000,0x86030000,0x86030000,0x86030000,0x86030000,0x86030000,0x86030000,0x86030000,0x86030000,0x86030000,0x83030000,0x6B040000,0x2B171717,0x00000101,0x00000000,0x01000000,
    0x01000000,0x0C2A3F3F,0xA50C0907,0xFF151616,0xFF374449,0xFF43555D,0xFF43555D,0xFF43565D,0xFF43565D,0xFF43565D,0xFF43565D,0xFF43565D,0xFF43565D,0xFF43565D,0xFF43565D,0xFF43565D,0xFF43565D,0xFF43565D,0xFF43565D,0xFF43565D,0xFF43565D,0xFF43565D,0xFF43565D,0xFF43565D,0xFF43565D,0xFF43555D,0xFF43555D,0xFF344146,0xFD131212,0x960B0A08,0x05666666,0x02000000,
    0x047F7FBF,0xB60C0807,0xFF2F393D,0xFD86B3C7,0xFBA1D9F1,0xFBA2DBF3,0xFBA2DCF4,0xFBA2DCF4,0xFBA2DCF4,0xFBA2DCF4,0xFBA2DCF4,0xFBA2DCF4,0xFBA2DCF4,0xFBA2DCF4,0xFBA2DCF4,0xFBA2DCF4,0xFBA2DCF4,0xFBA2DCF4,0xFBA2DCF4,0xFBA2DCF4,0xFBA2DCF4,0xFBA2DCF4,0xFBA2DCF4,0xFBA2DCF4,0xFBA2DCF4,0xFBA2DCF4,0xFBA2DBF3,0xFBA1D9F0,0xFD80AABD,0xFF272F31,0xA20C0907,0x00010202,
    0x640C0A0A,0xFF202426,0xFA93C6DD,0xFFA3DCF5,0xFF9FD7EF,0xFCA2DCF4,0xFBA2DCF4,0xFBA2DCF4,0xFBA2DCF4,0xFBA2DCF4,0xFBA2DCF4,0xFBA2DCF4,0xFBA2DCF4,0xFBA2DCF4,0xFBA2DCF4,0xFBA2DCF4,0xFBA2DCF4,0xFBA2DCF4,0xFBA2DCF4,0xFBA2DCF4,0xFBA2DCF4,0xFBA2DCF4,0xFBA2DCF4,0xFBA2DCF4,0xFBA2DCF4,0xFBA2DCF4,0xFCA2DCF4,0xFF9FD6EE,0xFEA4DFF7,0xFA8BBBD0,0xFF1A1C1D,0x560E0B0B,
    0xC3060100,0xFD546E78,0xFDA6E0F9,0xFF9CD2E9,0xFF6E93A2,0xFF3F5058,0xFF44565E,0xFF43555D,0xFF43555D,0xFF43555D,0xFF43555D,0xFF43555D,0xFF43555D,0xFF43555D,0xFF43555D,0xFF43555D,0xFF43555D,0xFF43555D,0xFF43555D,0xFF43555D,0xFF43555D,0xFF43555D,0xFF43555D,0xFF43555D,0xFF43555D,0xFF43565E,0xFF405158,0xFF769DAE,0xFF9CD2EA,0xFCA6E2FA,0xFE506771,0xBD060100,
    0xE00A0604,0xFF6A8D9B,0xFEA5DFF8,0xFE94C7DD,0xFF1C1F21,0xA2000000,0x85050000,0x89030000,0x88030000,0x88030000,0x88030000,0x88030000,0x88030000,0x88030000,0x88030000,0x88030000,0x88030000,0x88030000,0x88030000,0x88030000,0x88030000,0x88030000,0x88030000,0x88030000,0x89030000,0x85050000,0xA6000000,0xFF202527,0xFE95C9DF,0xFEA5DFF7,0xFF6A8C9B,0xDF0A0604,
    0xE30B0705,0xFF6C8F9E,0xFEA6E1F9,0xFE8FC1D6,0xFF1D2223,0x29121212,0x00000101,0x00000101,0x00000101,0x00000101,0x00000101,0x00000101,0x00000101,0x00000101,0x00000101,0x00000101,0x00000101,0x00000101,0x00000101,0x00000101,0x00000101,0x00000101,0x00000101,0x00000101,0x00000101,0x00000101,0x2A121218,0xFF1D2121,0xFE8FC1D6,0xFEA6E1F9,0xFF6C8F9D,0xE30B0705,
    0xE30B0705,0xFF6C8F9E,0xFEA6E1F9,0xFE90C2D7,0xFF1D2122,0x3A080404,0x04000000,0x07000000,0x04000000,0x04000000,0x04000000,0x04000000,0x04000000,0x04000000,0x04000000,0x04000000,0x04000000,0x04000000,0x04000000,0x04000000,0x04000000,0x04000000,0x04000000,0x04000000,0x07000000,0x04000000,0x3B080404,0xFF1D2223,0xFE90C2D7,0xFEA6E1F9,0xFF6C8F9D,0xE30B0705,
    0xE30B0705,0xFF6C8F9E,0xFEA6E1F9,0xFE90C2D7,0xFF1D2122,0x37090404,0x00000000,0x03000000,0x00000000,0x00000000,0x00000000,0x00000000,0x00000000,0x00000000,0x00000000,0x00000000,0x00000000,0x00000000,0x00000000,0x00000000,0x00000000,0x00000000,0x00000000,0x00000000,0x03000000,0x00000000,0x38090404,0xFF1D2122,0xFE90C2D7,0xFEA6E1F9,0xFF6C8F9D,0xE30B0705,
    0xE30B0705,0xFF6C8F9E,0xFEA6E1F9,0xFE90C2D7,0xFF1D2122,0x37090404,0x00000000,0x03000000,0x00000000,0x00000000,0x00000000,0x00000000,0x00000000,0x00000000,0x00000000,0x00000000,0x00000000,0x00000000,0x00000000,0x00000000,0x00000000,0x00000000,0x00000000,0x00000000,0x03000000,0x00000000,0x38090404,0xFF1D2122,0xFE90C2D7,0xFEA6E1F9,0xFF6C8F9D,0xE30B0705,
    0xE30B0705,0xFF6C8F9E,0xFEA6E1F9,0xFE90C2D7,0xFF1D2122,0x37090404,0x00000000,0x03000000,0x00000000,0x00000000,0x00000000,0x00000000,0x00000000,0x00000000,0x00000000,0x00000000,0x00000000,0x00000000,0x00000000,0x00000000,0x00000000,0x00000000,0x00000000,0x00000000,0x03000000,0x00000000,0x38090404,0xFF1D2122,0xFE90C2D7,0xFEA6E1F9,0xFF6C8F9D,0xE30B0705,
    0xE30B0705,0xFF6C8F9E,0xFEA6E1F9,0xFE90C2D7,0xFF1D2122,0x37090404,0x00000000,0x03000000,0x00000000,0x00000000,0x00000000,0x00000000,0x00000000,0x00000000,0x00000000,0x00000000,0x00000000,0x00000000,0x00000000,0x00000000,0x00000000,0x00000000,0x00000000,0x00000000,0x03000000,0x00000000,0x38090404,0xFF1D2122,0xFE90C2D7,0xFEA6E1F9,0xFF6C8F9D,0xE30B0705,
    0xE30B0705,0xFF6C8F9E,0xFEA6E1F9,0xFE90C2D7,0xFF1D2122,0x37090404,0x00000000,0x03000000,0x00000000,0x00000000,0x00000000,0x00000000,0x00000000,0x00000000,0x00000000,0x00000000,0x00000000,0x00000000,0x00000000,0x00000000,0x00000000,0x00000000,0x00000000,0x00000000,0x03000000,0x00000000,0x38090404,0xFF1D2122,0xFE90C2D7,0xFEA6E1F9,0xFF6C8F9D,0xE30B0705,
    0xE30B0705,0xFF6C8F9E,0xFEA6E1F9,0xFE90C2D7,0xFF1D2122,0x37090404,0x00000000,0x03000000,0x00000000,0x00000000,0x00000000,0x00000000,0x00000000,0x00000000,0x00000000,0x00000000,0x00000000,0x00000000,0x00000000,0x00000000,0x00000000,0x00000000,0x00000000,0x00000000,0x03000000,0x00000000,0x38090404,0xFF1D2122,0xFE90C2D7,0xFEA6E1F9,0xFF6C8F9D,0xE30B0705,
    0xE30B0705,0xFF6C8F9E,0xFEA6E1F9,0xFE90C2D7,0xFF1D2122,0x37090404,0x00000000,0x03000000,0x00000000,0x00000000,0x00000000,0x00000000,0x00000000,0x00000000,0x00000000,0x00000000,0x00000000,0x00000000,0x00000000,0x00000000,0x00000000,0x00000000,0x00000000,0x00000000,0x03000000,0x00000000,0x38090404,0xFF1D2122,0xFE90C2D7,0xFEA6E1F9,0xFF6C8F9D,0xE30B0705,
    0xE30B0705,0xFF6C8F9E,0xFEA6E1F9,0xFE90C2D7,0xFF1D2122,0x37090404,0x00000000,0x03000000,0x00000000,0x00000000,0x00000000,0x00000000,0x00000000,0x00000000,0x00000000,0x00000000,0x00000000,0x00000000,0x00000000,0x00000000,0x00000000,0x00000000,0x00000000,0x00000000,0x03000000,0x00000000,0x38090404,0xFF1D2122,0xFE90C2D7,0xFEA6E1F9,0xFF6C8F9D,0xE30B0705,
    0xE30B0705,0xFF6C8F9E,0xFEA6E1F9,0xFE90C2D7,0xFF1D2122,0x38090404,0x01000000,0x04000000,0x01000000,0x01000000,0x01000000,0x01000000,0x01000000,0x01000000,0x01000000,0x01000000,0x01000000,0x01000000,0x01000000,0x01000000,0x01000000,0x01000000,0x01000000,0x01000000,0x04000000,0x01000000,0x38090404,0xFF1D2122,0xFE90C2D7,0xFEA6E1F9,0xFF6C8F9D,0xE30B0705,
    0xE30B0705,0xFF6C8F9E,0xFEA6E1F9,0xFE90C2D7,0xFF1E2223,0x36090404,0x00000000,0x02000000,0x00000000,0x00000000,0x00000000,0x00000000,0x00000000,0x00000000,0x00000000,0x00000000,0x00000000,0x00000000,0x00000000,0x00000000,0x00000000,0x00000000,0x00000000,0x00000000,0x02000000,0x00000000,0x37090404,0xFF1E2223,0xFE90C2D7,0xFEA6E1F9,0xFF6C8F9D,0xE30B0705,
    0xE30B0705,0xFF6C8F9E,0xFEA6E1F9,0xFE8FC1D6,0xFF1A1D1D,0x3A111111,0x01FFFFFF,0x05666699,0x02FFFFFF,0x02FFFFFF,0x02FFFFFF,0x02FFFFFF,0x02FFFFFF,0x02FFFFFF,0x01FFFFFF,0x05669999,0x05669999,0x01FFFFFF,0x02FFFFFF,0x02FFFFFF,0x02FFFFFF,0x02FFFFFF,0x02FFFFFF,0x02FFFFFF,0x05666699,0x01FFFFFF,0x3A111111,0xFF1B1E1E,0xFE8FC1D6,0xFEA6E1F9,0xFF6C8F9D,0xE30B0705,
    0xDA090402,0xFE668694,0xFEA4DEF6,0xFF9ACFE6,0xFF334045,0xE1050000,0xD30C0908,0xD50A0705,0xD40A0706,0xD40A0706,0xD40A0706,0xD40A0706,0xD40A0706,0xD50A0705,0xD30A0706,0xDB0B0806,0xDB0B0806,0xD30A0706,0xD50A0705,0xD40A0706,0xD40A0706,0xD40A0706,0xD40A0706,0xD40A0706,0xD50A0705,0xD30C0907,0xDE050000,0xFF2D373B,0xFF98CDE3,0xFEA4DEF7,0xFF678795,0xDB090403,
    0xA3070300,0xFF3F4F56,0xFCA5E0F9,0xFF9CD1E9,0xFF90C1D7,0xFF6D91A0,0xFF6E91A0,0xFF6E91A1,0xFF6E91A0,0xFF6E91A0,0xFF6E91A0,0xFF6E91A0,0xFF6E91A0,0xFF6E91A1,0xFF6D91A0,0xFF7297A7,0xFF7297A7,0xFF6D91A0,0xFF6E91A1,0xFF6E91A0,0xFF6E91A0,0xFF6E91A0,0xFF6E91A0,0xFF6E91A0,0xFF6E91A0,0xFF6E91A1,0xFF6C8F9F,0xFF8CBCD1,0xFF9BD1E8,0xFCA6E2FA,0xFF44575F,0xAB050100,
    0x2E16161B,0xF90F0D0C,0xFE6A8D9B,0xFBAAE6FF,0xFEA1D9F2,0xFDA6E1FA,0xFCA6E1FA,0xFDA6E1F9,0xFDA6E1F9,0xFDA6E1F9,0xFDA6E1F9,0xFDA6E1F9,0xFDA6E0F9,0xFDA6E1FA,0xFDA6E0F8,0xFDA4DDF5,0xFDA4DDF5,0xFDA6E0F8,0xFDA6E1FA,0xFDA6E0F9,0xFDA6E1F9,0xFDA6E1F9,0xFDA6E1F9,0xFDA6E1F9,0xFDA6E1F9,0xFCA6E1FA,0xFDA7E1FA,0xFEA1DAF2,0xFCAAE5FF,0xFD749CAC,0xFF121212,0x3B111111,
    0x00000000,0x62120F0F,0xFF131312,0xFF556E79,0xFF87B5C8,0xFE90C1D6,0xFE90C2D7,0xFE90C2D7,0xFE90C2D7,0xFF91C2D8,0xFF91C2D8,0xFF91C2D8,0xFF91C3D8,0xFF90C1D7,0xFF93C6DC,0xFF9ACFE6,0xFF9ACFE6,0xFF93C6DC,0xFF90C1D7,0xFF91C3D8,0xFF91C2D8,0xFF91C2D8,0xFF91C2D8,0xFE90C2D7,0xFE90C2D7,0xFE90C2D7,0xFE90C1D7,0xFF88B7CA,0xFF5C7884,0xFF171818,0x750F0D0D,0x00000101,
    0x03000000,0x00000000,0x49141111,0xC6090502,0xF7151515,0xFF1D2122,0xFF1D2122,0xFF1D2122,0xFF1D2122,0xF91D2022,0xF21E2324,0xF31F2325,0xF2202528,0xF9171718,0xFF495E66,0xFFA1D8F0,0xFFA1D8F0,0xFF495E66,0xF9171718,0xF2202528,0xF31F2325,0xF21E2324,0xF91D2022,0xFF1D2122,0xFF1D2122,0xFF1D2122,0xFF1D2122,0xF8161617,0xCD090403,0x5711110E,0x00000101,0x02000000,
    0x00000000,0x02000000,0x00000000,0x00020203,0x230E0E0E,0x37090404,0x37090404,0x38090404,0x320A0505,0x760C0A08,0xBB060100,0xC0050000,0xBA090402,0xE1000000,0xFF3B4B51,0xFEA1DAF2,0xFEA1DAF2,0xFF3B4B51,0xE1000000,0xBA090402,0xC0050000,0xBB060100,0x760C0A08,0x320A0505,0x38090404,0x37090404,0x37090404,0x250D0D0D,0x00020303,0x00000000,0x02000000,0x00000000,
    0x00000000,0x00000000,0x03000000,0x00000000,0x00000000,0x00000000,0x00000000,0x00000000,0x4C141410,0xF5171718,0xFF3D4D54,0xFF44575E,0xFF44575E,0xFF3D4D54,0xFF607E8B,0xFF9FD6EE,0xFF9FD6EE,0xFF607E8B,0xFF3D4D54,0xFF44575E,0xFF44575E,0xFF3D4D54,0xF5171718,0x4C141410,0x00000000,0x00000000,0x00000000,0x00000000,0x00000000,0x03000000,0x00000000,0x00000000,
    0x00000000,0x00000000,0x00000000,0x00000000,0x02000000,0x03000000,0x04000000,0x03AAAAFF,0xCF090603,0xFF5D7A86,0xFBA9E6FF,0xFE9FD7EF,0xFDA1DAF2,0xFEA1DAF2,0xFF9ED6ED,0xFF99CEE5,0xFF99CEE5,0xFF9ED6ED,0xFEA1DAF2,0xFDA1DAF2,0xFE9FD7EF,0xFBA9E6FF,0xFF5D7A86,0xCF090603,0x03AAAAFF,0x04000000,0x03000000,0x02000000,0x01000000,0x00000000,0x00000000,0x00000000,
    0x00000000,0x00000000,0x00000000,0x00000000,0x00000000,0x00000000,0x01000000,0x00020203,0xCC0A0503,0xFE5D7A86,0xF8ABE9FF,0xFBA1D9F1,0xFBA2DCF4,0xFBA2DCF4,0xFBA3DCF5,0xFBA5DFF7,0xFBA5DFF7,0xFBA3DCF5,0xFBA2DCF4,0xFBA2DCF4,0xFBA1D9F1,0xF8ABE9FF,0xFE5D7A86,0xCC0A0503,0x00020203,0x01000000,0x00000000,0x00000000,0x00000000,0x00000000,0x00000000,0x00000000,
    0x00000000,0x00000000,0x00000000,0x00000000,0x00000000,0x00000000,0x03000000,0x00000000,0x5911110E,0xFF171818,0xFF3E4E55,0xFF44575F,0xFF43555D,0xFF43565D,0xFF43555C,0xFF465961,0xFF465961,0xFF43555C,0xFF43565D,0xFF43555D,0xFF44575F,0xFF3E4E55,0xFF171818,0x5911110E,0x00000000,0x03000000,0x00000000,0x00000000,0x00000000,0x00000000,0x00000000,0x00000000,
    0x00000000,0x00000000,0x00000000,0x00000000,0x00000000,0x00000000,0x00000000,0x01000000,0x00000000,0x3D101010,0x81050000,0x85030000,0x85050000,0x86030000,0x85030000,0x88030000,0x88030000,0x85030000,0x86030000,0x85050000,0x85030000,0x81050000,0x3D101010,0x00000000,0x01000000,0x00000000,0x00000000,0x00000000,0x00000000,0x00000000,0x00000000,0x00000000,
    0x00000000,0x00000000,0x00000000,0x00000000,0x00000000,0x00000000,0x00000000,0x00000000,0x01000000,0x00000000,0x00000101,0x00000102,0x00000102,0x00000102,0x00000102,0x00010102,0x00010102,0x00000102,0x00000102,0x00000102,0x00000102,0x00000101,0x00000000,0x01000000,0x00000000,0x00000000,0x00000000,0x00000000,0x00000000,0x00000000,0x00000000,0x00000000,
};

static const uint32_t bits32_terminal[1024] = {
    0x00000000,0x00000000,0x00000000,0x03000000,0x00000000,0x00000000,0x00000100,0x00000100,0x00000100,0x00000100,0x00000100,0x00000100,0x00000100,0x00000100,0x00000100,0x00000100,0x00000100,0x00000100,0x00000100,0x00000100,0x00000100,0x00000100,0x00000100,0x00000100,0x00000100,0x00000100,0x00000000,0x00000000,0x03000000,0x00000000,0x00000000,0x00000000,
    0x00000000,0x00000000,0x02000000,0x00000000,0x1A1D271D,0x5F0A0008,0x81070005,0x86070005,0x85070005,0x86070005,0x86070005,0x86070005,0x86070005,0x86070005,0x86070005,0x86070005,0x86070005,0x86070005,0x86070005,0x86070005,0x86070005,0x86070005,0x86070005,0x85070005,0x86070005,0x81070005,0x5C0B0208,0x14263326,0x00000000,0x02000000,0x00000000,0x00000000,
    0x00000000,0x03000000,0x00000100,0x6D100E10,0xEE100A0F,0xFF27382A,0xFF37583D,0xFF385B3E,0xFF385A3E,0xFF385B3E,0xFF385B3E,0xFF385B3E,0xFF385B3E,0xFF385B3E,0xFF385B3E,0xFF385B3E,0xFF385B3E,0xFF385B3E,0xFF385B3E,0xFF385B3E,0xFF385B3E,0xFF385B3E,0xFF385B3E,0xFF385A3E,0xFF395B3E,0xFF37573C,0xFF253427,0xE80E080E,0x5D131013,0x00000000,0x03000000,0x00000000,
    0x03000000,0x00000000,0x6C100E10,0xFF181B19,0xFF579962,0xFB7DE58F,0xFB80EA92,0xFB81EB93,0xFB81EB93,0xFB81EB93,0xFB81EB93,0xFB81EB93,0xFB81EB93,0xFB81EB93,0xFB81EB93,0xFB81EB93,0xFB81EB93,0xFB81EB93,0xFB81EB93,0xFB81EB93,0xFB81EB93,0xFB81EB93,0xFB81EB93,0xFB81EB93,0xFB81EB93,0xFB81EB92,0xFB7CE38E,0xFF508B5B,0xFF151415,0x59141111,0x00000000,0x03000000,
    0x00000000,0x191E281E,0xF50F0A0E,0xFD589A62,0xFC86F699,0xFF7DE48E,0xFD81EB93,0xFB81EB93,0xFC80EB92,0xFD80EA92,0xFC80EB92,0xFB81EB93,0xFB81EB93,0xFB81EB93,0xFB81EB93,0xFB81EB93,0xFB81EB93,0xFB81EB93,0xFB81EB93,0xFB81EB93,0xFB81EB93,0xFB81EB93,0xFB81EB93,0xFB81EC93,0xFB81EB93,0xFD81EB93,0xFF7DE38E,0xFC86F699,0xFE508A5A,0xEC0E070C,0x131A281A,0x01000000,
    0x00000100,0x610A0207,0xFF27382A,0xFB7DE48F,0xFF7DE48E,0xFF6BC17A,0xFF3A5F40,0xFF385A3E,0xFF385A3E,0xFF385A3D,0xFF385A3E,0xFF385A3E,0xFF385A3E,0xFF385A3E,0xFF385A3E,0xFF385A3E,0xFF385A3E,0xFF385A3E,0xFF385A3E,0xFF385A3E,0xFF385A3E,0xFF385A3E,0xFF385A3E,0xFF385B3E,0xFF37583D,0xFF3C6443,0xFF70CA7F,0xFF7DE48E,0xFB7BE28D,0xFF243327,0x5B0B0208,0x00000100,
    0x00000100,0x82070005,0xFE37583D,0xFB81EA92,0xFD81EB93,0xFF3A5F40,0xC9020000,0x7A0A0008,0xA40A0109,0xBC0A0008,0x8E0A0108,0x80070005,0x8A090007,0x88070005,0x88070005,0x88070005,0x88070005,0x88070005,0x88070005,0x88070005,0x88070005,0x88070005,0x88070005,0x8A070005,0x84090109,0xCC030000,0xFF3D6544,0xFD81EB93,0xFB81EB92,0xFE37573C,0x81070005,0x00000100,
    0x00000100,0x86070005,0xFF385B3E,0xFB81EB93,0xFB81EB93,0xFF38593E,0x730B0608,0x411B1F1B,0xDE141314,0xED1A201A,0xC1110D0F,0x1C243F2D,0x00000100,0x00000200,0x00000100,0x00000100,0x00000100,0x00000100,0x00000100,0x00000100,0x00000100,0x00000100,0x00000100,0x00000100,0x00000200,0x80090507,0xFF37583D,0xFB81EB93,0xFB81EC93,0xFF385B3E,0x86070005,0x00000100,
    0x00000100,0x86070005,0xFF385B3E,0xFB81EB93,0xFC80EB92,0xFF385A3E,0xA30A0109,0xE9131213,0xFF538F5C,0xFF78D988,0xFF3D6343,0xEC0B040A,0x3319231E,0x00000000,0x07000000,0x04000000,0x04000000,0x04000000,0x04000000,0x04000000,0x04000000,0x04000000,0x04000000,0x08000000,0x04003F00,0x8A070005,0xFF385B3E,0xFB81EB93,0xFB81EC93,0xFF385B3E,0x86070005,0x00000100,
    0x00000100,0x86070005,0xFF385B3E,0xFB81EB93,0xFD80EA92,0xFF385A3D,0xBF090008,0xF41A1F1A,0xFD77DA89,0xFF81EB93,0xFC80EA92,0xFF3E6645,0xE80C030A,0x2F151B1B,0x00000000,0x02000000,0x00000000,0x00000000,0x00000000,0x00000000,0x00000000,0x00000000,0x00000000,0x04000000,0x00000100,0x88070005,0xFF385A3E,0xFB81EB93,0xFB81EC93,0xFF385B3E,0x86070005,0x00000100,
    0x00000100,0x86070005,0xFF385B3E,0xFB81EB93,0xFC80EB92,0xFF385A3E,0x8D0A0109,0xC7100C0F,0xFF3D6444,0xFD81EA92,0xFF7CE18D,0xFC81EB92,0xFF3D6645,0xE60E080D,0x1D1A231A,0x01000000,0x02000000,0x00000000,0x00000000,0x00000000,0x00000000,0x00000000,0x00000000,0x04000000,0x00000100,0x88070005,0xFF385A3E,0xFB81EB93,0xFB81EC93,0xFF385B3E,0x86070005,0x00000100,
    0x00000100,0x86070005,0xFF385B3E,0xFB81EB93,0xFB81EB93,0xFF385A3E,0x7F080006,0x1C243624,0xE30C050B,0xFE3A5F40,0xFE7CE18D,0xFF7BDF8C,0xFA81EC92,0xFF2D4431,0x7A0A0208,0x00000100,0x04000000,0x00000000,0x00000000,0x00000000,0x00000000,0x00000000,0x00000000,0x04000000,0x00000100,0x88070005,0xFF385A3E,0xFB81EB93,0xFB81EC93,0xFF385B3E,0x86070005,0x00000100,
    0x00000100,0x86070005,0xFF385B3E,0xFB81EB93,0xFB81EB93,0xFF385A3E,0x7F080006,0x1C243624,0xE30C050B,0xFE3A5F40,0xFE7CE18D,0xFF7BDF8C,0xFA81EC92,0xFF2D4431,0x7D0A0208,0x02007F00,0x07000000,0x03000000,0x03000000,0x03000000,0x02000000,0x00000000,0x00000000,0x04000000,0x00000100,0x88070005,0xFF385A3E,0xFB81EB93,0xFB81EC93,0xFF385B3E,0x86070005,0x00000100,
    0x00000100,0x86070005,0xFF385B3E,0xFB81EB93,0xFC80EB92,0xFF385A3E,0x8D0A0109,0xC7100C0F,0xFF3D6444,0xFD81EA92,0xFF7CE18D,0xFC81EB92,0xFF3E6645,0xE50E080D,0x122A382A,0x00000000,0x00000000,0x00000000,0x00000000,0x00000000,0x00000000,0x01000000,0x00000000,0x04000000,0x00000100,0x88070005,0xFF385A3E,0xFB81EB93,0xFB81EC93,0xFF385B3E,0x86070005,0x00000100,
    0x00000100,0x86070005,0xFF385B3E,0xFB81EB93,0xFD80EA92,0xFF385A3D,0xBF090008,0xF41A1F1A,0xFD77DA89,0xFF81EB93,0xFC80EA92,0xFF3E6745,0xE00B030A,0x311A241F,0x2F100A10,0x3A080408,0x370D0409,0x380D0409,0x370D0409,0x390D0408,0x29121212,0x00000100,0x00000000,0x05000000,0x00000100,0x88070005,0xFF385A3E,0xFB81EB93,0xFB81EC93,0xFF385B3E,0x86070005,0x00000100,
    0x00000100,0x86070005,0xFF385B3E,0xFB81EB93,0xFC80EB92,0xFF385A3D,0xA10B0109,0xE5141212,0xFF528E5C,0xFB78DC8A,0xFF3C6343,0xE00C030A,0x4F192019,0xC5100B0F,0xFF191D1A,0xFF1C231D,0xFF1B211C,0xFF1B221C,0xFF1B211C,0xFF1C231D,0xFD151515,0xA40F0C0F,0x062A2A2A,0x04000000,0x00000100,0x88070005,0xFF385A3E,0xFB81EB93,0xFB81EC93,0xFF385B3E,0x86070005,0x00000100,
    0x00000100,0x86070005,0xFF385B3E,0xFB81EB93,0xFB81EB93,0xFF385A3E,0x7B080006,0x54151515,0xEF131112,0xFF191D19,0xD40F0A0E,0x231D2B24,0xA60D060A,0xFF385A3E,0xFB74D485,0xFE72D082,0xFE73D082,0xFE73D083,0xFE72CF82,0xFE74D384,0xFD67BA75,0xFF212C23,0x5F0D080A,0x00000100,0x00000200,0x88070005,0xFF385A3E,0xFB81EB93,0xFB81EC93,0xFF385B3E,0x86070005,0x00000100,
    0x00000100,0x86070005,0xFF385B3E,0xFB81EB93,0xFB81EB93,0xFF385A3E,0x89070005,0x00000000,0x1E111911,0x350E090E,0x07244824,0x00010301,0xDB0B030A,0xF95A9D65,0xFA8DFFA2,0xFD82ED94,0xFD84F196,0xFD84F196,0xFD84F196,0xFD83EF95,0xF78DFFA1,0xFC35553A,0x89070005,0x00000100,0x00000201,0x88070005,0xFF385A3E,0xFB81EB93,0xFB81EC93,0xFF385B3E,0x86070005,0x00000100,
    0x00000100,0x86070005,0xFF385B3E,0xFB81EB93,0xFB81EB93,0xFF385A3E,0x88070005,0x02007F00,0x00000000,0x00000000,0x01000000,0x02007F00,0x8A0E0B0E,0xFF253327,0xFF559560,0xFF599C64,0xFF589A63,0xFF599B64,0xFF589A63,0xFF5B9F66,0xFF497B51,0xFF171917,0x3D101010,0x00000000,0x00000200,0x88070005,0xFF385A3E,0xFB81EB93,0xFB81EC93,0xFF385B3E,0x86070005,0x00000100,
    0x00000100,0x86070005,0xFF385B3E,0xFB81EB93,0xFB81EB93,0xFF385A3E,0x88070005,0x00000100,0x06000000,0x03000000,0x01000000,0x01000000,0x07244824,0x8A0E090E,0xCF0C040B,0xD40D070C,0xD40D060C,0xD40D060C,0xD40D060C,0xD40D070C,0xC60C050B,0x5A110E11,0x00000000,0x05000000,0x00000100,0x88070005,0xFF385A3E,0xFB81EB93,0xFB81EC93,0xFF385B3E,0x86070005,0x00000100,
    0x00000100,0x86070005,0xFF385B3E,0xFB81EB93,0xFB81EB93,0xFF385A3E,0x88070005,0x00000100,0x04000000,0x00000000,0x00000000,0x00000000,0x00000000,0x00000000,0x00010302,0x027FFF7F,0x01FFFFFF,0x027FFFFF,0x01FFFFFF,0x0355FFAA,0x00010201,0x00000000,0x01000000,0x04000000,0x00000100,0x88070005,0xFF385A3E,0xFB81EB93,0xFB81EC93,0xFF385B3E,0x86070005,0x00000100,
    0x00000100,0x86070005,0xFF385B3E,0xFB81EB93,0xFB81EB93,0xFF385A3E,0x88070005,0x00000100,0x04000000,0x00000000,0x00000000,0x00000000,0x01000000,0x03000000,0x00000000,0x00000000,0x00000000,0x00000000,0x00000000,0x00000000,0x01000000,0x03000000,0x00000000,0x04000000,0x00000100,0x88070005,0xFF385A3E,0xFB81EB93,0xFB81EC93,0xFF385B3E,0x86070005,0x00000100,
    0x00000100,0x86070005,0xFF385B3E,0xFB81EB93,0xFB81EB93,0xFF385A3E,0x88070005,0x00000100,0x04000000,0x00000000,0x00000000,0x00000000,0x00000000,0x00000000,0x01000000,0x01000000,0x01000000,0x01000000,0x01000000,0x01000000,0x00000000,0x00000000,0x00000000,0x04000000,0x00000100,0x88070005,0xFF385A3E,0xFB81EB93,0xFB81EC93,0xFF385B3E,0x86070005,0x00000100,
    0x00000100,0x86070005,0xFF385B3E,0xFB81EB93,0xFB81EB93,0xFF385B3E,0x8A070005,0x04003F00,0x08000000,0x04000000,0x04000000,0x04000000,0x04000000,0x04000000,0x04000000,0x04000000,0x04000000,0x04000000,0x04000000,0x04000000,0x04000000,0x04000000,0x04000000,0x08000000,0x04003F00,0x8A070005,0xFF385A3E,0xFB81EB93,0xFB81EC93,0xFF385B3E,0x86070005,0x00000100,
    0x00000100,0x86070005,0xFF385B3E,0xFB81EB93,0xFB81EB93,0xFF37583D,0x80090507,0x00000200,0x00000100,0x00000100,0x00000100,0x00000100,0x00000100,0x00000100,0x00000100,0x00000100,0x00000100,0x00000100,0x00000100,0x00000100,0x00000100,0x00000100,0x00000100,0x00000100,0x00000200,0x80090507,0xFF38593E,0xFB81EB93,0xFB81EC93,0xFF385B3E,0x86070005,0x00000100,
    0x00000100,0x81070005,0xFE37573C,0xFB81EA92,0xFD81EB93,0xFF3D6544,0xCC030000,0x84090109,0x8A070005,0x88070005,0x88070005,0x88070005,0x88070005,0x88070005,0x88070005,0x88070005,0x88070005,0x88070005,0x88070005,0x88070005,0x88070005,0x88070005,0x88070005,0x8A070005,0x84090109,0xC8020000,0xFF3A5F40,0xFD81EB93,0xFB81EA92,0xFE37583D,0x82070005,0x00000100,
    0x00000100,0x5B0B0208,0xFF243327,0xFB7BE28D,0xFF7DE48E,0xFF70CA7F,0xFF3C6443,0xFF37583D,0xFF385B3E,0xFF385A3E,0xFF385A3E,0xFF385A3E,0xFF385A3E,0xFF385A3E,0xFF385A3E,0xFF385A3E,0xFF385A3E,0xFF385A3E,0xFF385A3E,0xFF385A3E,0xFF385A3E,0xFF385A3E,0xFF385A3E,0xFF385A3E,0xFF385A3E,0xFF3A5F40,0xFF6BC17A,0xFF7DE48E,0xFB7CE48F,0xFF27382A,0x600A0207,0x00000100,
    0x01000000,0x131A281A,0xEC0E070C,0xFE508A59,0xFC86F699,0xFF7DE38E,0xFD81EB93,0xFB81EB93,0xFB81EC93,0xFB81EB93,0xFB81EB93,0xFB81EB93,0xFB81EB93,0xFB81EB93,0xFB81EB93,0xFB81EB93,0xFB81EB93,0xFB81EB93,0xFB81EB93,0xFB81EB93,0xFB81EB93,0xFB81EB93,0xFB81EB93,0xFB81EC93,0xFB81EB93,0xFD81EB93,0xFF7DE48E,0xFC86F699,0xFD579A62,0xF50F0A0E,0x191E281E,0x00000000,
    0x03000000,0x00000000,0x58141111,0xFF141414,0xFF508B5A,0xFB7CE38E,0xFB81EA92,0xFB81EB93,0xFB81EB93,0xFB81EB93,0xFB81EB93,0xFB81EB93,0xFB81EB93,0xFB81EB93,0xFB81EB93,0xFB81EB93,0xFB81EB93,0xFB81EB93,0xFB81EB93,0xFB81EB93,0xFB81EB93,0xFB81EB93,0xFB81EB93,0xFB81EB93,0xFB81EB93,0xFB81EB92,0xFB7DE48F,0xFF579962,0xFF181B19,0x6B100E10,0x00000000,0x03000000,
    0x00000000,0x03000000,0x00000000,0x5C131013,0xE80E080E,0xFF253427,0xFF37573C,0xFF395B3E,0xFF385A3E,0xFF385B3E,0xFF385B3E,0xFF385B3E,0xFF385B3E,0xFF385B3E,0xFF385B3E,0xFF385B3E,0xFF385B3E,0xFF385B3E,0xFF385B3E,0xFF385B3E,0xFF385B3E,0xFF385B3E,0xFF385B3E,0xFF385A3E,0xFF395B3E,0xFF37583D,0xFF27382A,0xEF100A0E,0x6D100E10,0x00000100,0x03000000,0x00000000,
    0x00000000,0x00000000,0x02000000,0x00000000,0x14263326,0x5C0B0208,0x81070005,0x86070005,0x85070005,0x86070005,0x86070005,0x86070005,0x86070005,0x86070005,0x86070005,0x86070005,0x86070005,0x86070005,0x86070005,0x86070005,0x86070005,0x86070005,0x86070005,0x85070005,0x86070005,0x81070005,0x5F0A0008,0x1B1C251C,0x00000000,0x02000000,0x00000000,0x00000000,
    0x00000000,0x00000000,0x00000000,0x03000000,0x00000000,0x00000000,0x00000100,0x00000100,0x00000100,0x00000100,0x00000100,0x00000100,0x00000100,0x00000100,0x00000100,0x00000100,0x00000100,0x00000100,0x00000100,0x00000100,0x00000100,0x00000100,0x00000100,0x00000100,0x00000100,0x00000100,0x00000000,0x00000000,0x03000000,0x00000000,0x00000000,0x00000000,
};

static const uint32_t bits32_editor[1024] = {
    0x00000000,0x00000000,0x00000000,0x02000000,0x00010000,0x43131313,0xAD00050D,0xDB03090F,0xE3050A0E,0xE3050A0E,0xE3050A0E,0xE3050A0E,0xE3050A0E,0xE3050A0E,0xE3050A0E,0xE3050A0E,0xE3050A0E,0xE3050A0E,0xEE070B10,0xD902080E,0x9800060D,0x2D1C1C16,0x00000000,0x03000000,0x00000000,0x00000000,0x00000000,0x00000000,0x00000000,0x00000000,0x00000000,0x00000000,
    0x00000000,0x00000000,0x02000000,0x00010100,0x7C0C0E10,0xFD131414,0xFF654A30,0xFF9D6F42,0xFFA37345,0xFFA37244,0xFFA37244,0xFFA37244,0xFFA37244,0xFFA37244,0xFFA37244,0xFFA37244,0xFFA37244,0xFFA37244,0xFFAD7948,0xFF976B40,0xFF523D29,0xF20B0E11,0x650F1111,0x00010000,0x04000000,0x00000000,0x00000000,0x00000000,0x00000000,0x00000000,0x00000000,0x00000000,
    0x00000000,0x03000000,0x00000000,0x590E1111,0xFF1A1917,0xFDB67E4A,0xFCFFB365,0xFEFFAF63,0xFEFFB164,0xFEFFB164,0xFEFFB164,0xFEFFB164,0xFEFFB164,0xFEFFB164,0xFEFFB164,0xFEFFB164,0xFEFFB164,0xFEFFAF63,0xFEFDAE62,0xFEFFAF63,0xFCFFB063,0xFFA17144,0xFF121314,0x6E0D1012,0x00010100,0x04000000,0x00000000,0x00000000,0x00000000,0x00000000,0x00000000,0x00000000,
    0x01000000,0x01000000,0x05996633,0xD703090E,0xFD8D643D,0xFCFFB566,0xFFEFA55E,0xFFEBA25C,0xFEDD9958,0xFEDF9A58,0xFEDF9A58,0xFEDF9A58,0xFEDF9A58,0xFEDF9A58,0xFEDF9A58,0xFEDF9A58,0xFFDE9958,0xFFE8A05B,0xFFEEA35D,0xFFEEA45D,0xFFF0A55E,0xFDFFB163,0xFCAD7947,0xFF101213,0x6E0D1012,0x00010100,0x04000000,0x00000000,0x00000000,0x00000000,0x00000000,0x00000000,
    0x02000000,0x00000000,0x2A0C0C12,0xFD191716,0xFFD49355,0xFEFAAC61,0xFFD79455,0xFF3B2D21,0xFF1F1C18,0xFF241E19,0xFF231E19,0xFF231E19,0xFF231E19,0xFF231E19,0xFF231E19,0xFF26201A,0xFF171615,0xFFAA7747,0xFFFDAF63,0xFFE39D5A,0xFFE19B59,0xFFF4A75F,0xFEFDAE62,0xFCAE7947,0xFF101213,0x6E0D1012,0x00010100,0x04000000,0x00000000,0x00000000,0x00000000,0x00000000,
    0x03000000,0x00000000,0x3904080D,0xFF241E19,0xFEDF9A58,0xFDFFB164,0xFFA37244,0xDE00040C,0x39111111,0x3804090D,0x3804090D,0x3804090D,0x3804090D,0x3804090D,0x3804090D,0x39111111,0xDD01080D,0xFFA47345,0xFEFFB264,0xFFD89556,0xFF433324,0xFEDB9757,0xFFF6A960,0xFEFCAD62,0xFCAE7947,0xFF111213,0x6E0D1012,0x00010100,0x03000000,0x00000000,0x00000000,0x00000000,
    0x03000000,0x00000000,0x3804090D,0xFF231E19,0xFEDF9A58,0xFDFFB164,0xFFA57445,0xD2070C0F,0x00030200,0x00000000,0x00000000,0x00000000,0x00000000,0x00000000,0x00000000,0x00030200,0xD2060C0F,0xFFA57445,0xFDFFB164,0xFFE29C59,0xFF161615,0xFF30271E,0xFFE09A59,0xFFF4A85F,0xFEFCAD62,0xFCAE7A47,0xFF111314,0x6C0E1012,0x00010000,0x02000000,0x00000000,0x00000000,
    0x03000000,0x00000000,0x3804090D,0xFF231E19,0xFEDF9A58,0xFDFFB164,0xFFA57445,0xD4040A0F,0x05996633,0x03000000,0x04000000,0x03000000,0x03000000,0x04000000,0x03000000,0x05996633,0xD4040A0F,0xFFA57445,0xFDFFB164,0xFFDF9A58,0xFA28221B,0xD704090E,0xFE362B20,0xFFE19B59,0xFFF7AA60,0xFEFFAE63,0xFCAB7746,0xFF101213,0x41131313,0x00000000,0x03000000,0x00000000,
    0x03000000,0x00000000,0x3804090D,0xFF231E19,0xFEDF9A58,0xFDFFB164,0xFFA57445,0xD4040A0F,0x02FFFF7F,0x00000000,0x01000000,0x00000000,0x00000000,0x01000000,0x00000000,0x02FFFF7F,0xD4040A0F,0xFFA57445,0xFDFFB164,0xFFDE9A58,0xFD161515,0xE2060B0F,0xFD00050C,0xFF27201B,0xFFD19154,0xFFF0A55E,0xFCFFB365,0xFF765536,0xC301070E,0x00020100,0x02000000,0x00000000,
    0x03000000,0x00000000,0x3804090D,0xFF231E19,0xFEDF9A58,0xFDFFB164,0xFFA57445,0xD4040A0F,0x02FFFF7F,0x00000000,0x01000000,0x00000000,0x00000000,0x01000000,0x00000000,0x01FFFFFF,0xD403090E,0xFEA67446,0xFDFFAF63,0xFFE69F5B,0xFFAA7747,0xFFA47345,0xFFA97646,0xFF9A6D41,0xFFBF854E,0xFFF2A75F,0xFEF7A960,0xFFCA8C51,0xF8121313,0x2117170F,0x00000000,0x02000000,
    0x03000000,0x00000000,0x3804090D,0xFF231E19,0xFEDF9A58,0xFDFFB164,0xFFA57445,0xD4040A0F,0x02FFFF7F,0x00000000,0x01000000,0x00000000,0x00000000,0x00000000,0x03000000,0x00020100,0xAE01070D,0xFF684C31,0xF9FFB767,0xFFF5A860,0xFFFFAF63,0xFEFFB064,0xFFFFB064,0xFFFFB265,0xFFFCAD62,0xFFEFA45E,0xFFF4A75F,0xFDE39C59,0xFF231E1A,0x4003070F,0x00000000,0x03000000,
    0x03000000,0x00000000,0x3804090D,0xFF231E19,0xFEDF9A58,0xFDFFB164,0xFFA57445,0xD4040A0F,0x02FFFF7F,0x00000000,0x01000000,0x00000000,0x00000000,0x01000000,0x06000000,0x05000000,0x3B151515,0xFF101113,0xFF825D3A,0xFEDC9857,0xFEDF9A58,0xFEDE9958,0xFEDF9A58,0xFEDF9A58,0xFFDF9A58,0xFFEAA15C,0xFFF5A85F,0xFDE39C59,0xFF231E19,0x3B040811,0x00000000,0x03000000,
    0x03000000,0x00000000,0x3804090D,0xFF231E19,0xFEDF9A58,0xFDFFB164,0xFFA57445,0xD4040A0F,0x02FFFF7F,0x00000000,0x01000000,0x00000000,0x03000000,0x00000000,0x00000000,0x00020100,0x00010000,0x3E141414,0xD5050B0F,0xFF1C1917,0xFF241F1A,0xFF221E19,0xFF231E19,0xFF26201A,0xFF171615,0xFFAA7647,0xFFFEAF64,0xFEDF9A58,0xFF231E19,0x3804090D,0x00000000,0x03000000,
    0x03000000,0x00000000,0x3804090D,0xFF231E19,0xFEDF9A58,0xFDFFB164,0xFFA57445,0xD4040A0F,0x02FFFF7F,0x00000000,0x01000000,0x03000000,0x00000000,0x15302418,0x5D00080D,0x8300030B,0x7F00040C,0x3A080D11,0x04FFFF7F,0x27060D0D,0x3B04080C,0x3804090D,0x3804090D,0x39111111,0xDD01080D,0xFFA47345,0xFDFFB164,0xFEDF9A58,0xFF231E19,0x3804090D,0x00000000,0x03000000,
    0x03000000,0x00000000,0x3804090D,0xFF231E19,0xFEDF9A58,0xFDFFB164,0xFFA57445,0xD4040A0F,0x02FFFF7F,0x00000000,0x04000000,0x00010000,0x5E101212,0xE8070C10,0xFF352A20,0xFF5E452E,0xFF553F2B,0xFF221E1A,0xC4050A0F,0x1F292018,0x00000000,0x00000000,0x00000000,0x00030200,0xD2060C0F,0xFFA57445,0xFDFFB164,0xFEDF9A58,0xFF231E19,0x3804090D,0x00000000,0x03000000,
    0x03000000,0x00000000,0x3804090D,0xFF231E19,0xFEDF9A58,0xFDFFB164,0xFFA57445,0xD4040A0F,0x02FFFF7F,0x03000000,0x00010100,0x6E0D1012,0xFF121314,0xFF966A40,0xFBF1A65E,0xFBFBAC61,0xFBFAAB61,0xFCE29B59,0xFF62482F,0xE9070C10,0x22251E16,0x04000000,0x04000000,0x05996633,0xD4040A0F,0xFFA57445,0xFDFFB164,0xFEDF9A58,0xFF231E19,0x3804090D,0x00000000,0x03000000,
    0x03000000,0x00000000,0x3804090D,0xFF231E19,0xFEDE9957,0xFDFFB064,0xFFA47345,0xD4040A0F,0x067F552A,0x00010100,0x6E0D1012,0xFF101213,0xFCAD7847,0xFDFFB164,0xFFF4A85F,0xFDFDAE62,0xFEFAAB61,0xFFF6A960,0xF9FFB063,0xFF533E2A,0xA703090F,0x00020100,0x02000000,0x02FFFF7F,0xD4040A0F,0xFFA57445,0xFDFFB164,0xFEDF9A58,0xFF231E19,0x3804090D,0x00000000,0x03000000,
    0x03000000,0x00000000,0x3A04080D,0xFF241F19,0xFDE69F5A,0xFDFFB365,0xFEAB7847,0xDA040A0F,0x00040201,0x6D0E1012,0xFF101213,0xFCAE7947,0xFEFDAD62,0xFFF4A85F,0xFDDE9957,0xFF654A30,0xFF8A613C,0xFFEDA35D,0xFEFBAC62,0xFEBD844D,0xF30C0E11,0x16222217,0x00000000,0x03FFAA55,0xD4040A0F,0xFFA57445,0xFDFFB164,0xFEDF9A58,0xFF231E19,0x3804090D,0x00000000,0x03000000,
    0x02000000,0x00000000,0x20171717,0xFE111213,0xFFAB7747,0xF8FBB063,0xFF6C4F33,0xAD050A0E,0x64141414,0xFF101213,0xFCAE7947,0xFEFCAD62,0xFFF4A860,0xFCE09A59,0xFF352A20,0xBB00040C,0xE900050C,0xFFB07B49,0xFEFFAF64,0xFEDC9857,0xFF221D19,0x3704090D,0x00000000,0x04BF7F3F,0xD4040A0F,0xFFA57445,0xFDFFB164,0xFEDF9A58,0xFF231E19,0x3804090D,0x00000000,0x03000000,
    0x00000000,0x02000000,0x00000000,0x7C0C0E12,0xFE181716,0xFF30271E,0xD9101112,0xA40F1112,0xFD0F1113,0xFDAD7847,0xFEFCAD62,0xFFF4A860,0xFBE29B59,0xFF342A20,0xA0040B0F,0x6B1A1715,0xF4141414,0xFDC88B50,0xFEFCAD62,0xFFD89556,0xFE1C1917,0x2F0A0A10,0x00000000,0x04BF7F3F,0xD4040A0F,0xFFA57445,0xFDFFB164,0xFEDF9A58,0xFF231E19,0x3804090D,0x00000000,0x03000000,
    0x00000000,0x00000000,0x01000000,0x00000000,0x340E0E0E,0x4103070F,0x84111113,0xF90F1112,0xFDAD7847,0xFEFCAD62,0xFFF4A860,0xFBE29B59,0xFF342A20,0xA0040B0F,0x6A181815,0xFE0F1113,0xFFAC7847,0xFEF7A960,0xFDFFB063,0xFDA27144,0xE3050A0E,0x0A4C4C19,0x00000000,0x02FFFF7F,0xD4040A0F,0xFFA57445,0xFDFFB164,0xFEDF9A58,0xFF231E19,0x3804090D,0x00000000,0x03000000,
    0x00000000,0x00000000,0x00000000,0x04000000,0x00010000,0x5F101212,0xFF101213,0xFEAC7847,0xFEFCAD62,0xFFF4A860,0xFBE29B59,0xFF342A20,0xA0040B0F,0x6A181815,0xFE0F1113,0xFEAC7847,0xFEFCAD62,0xFFF6A960,0xF9E29B59,0xFF2C241D,0x77080C0F,0x00010000,0x02000000,0x02FFFF7F,0xD4040A0F,0xFFA57445,0xFDFFB164,0xFEDF9A58,0xFF231E19,0x3804090D,0x00000000,0x03000000,
    0x00000000,0x00000000,0x03000000,0x00000000,0x4A111111,0xFF121314,0xFDAB7747,0xFEFDAE63,0xFFF4A860,0xFBE29B59,0xFF352B20,0xA104090E,0x6B171715,0xFE0F1113,0xFEAC7847,0xFEFCAD62,0xFFF4A85F,0xFAE39D59,0xFF362B20,0xB1050A0E,0x04BF7F3F,0x02000000,0x00000000,0x02FFFF7F,0xD4040A0F,0xFFA57445,0xFDFFB164,0xFEDF9A58,0xFF231E19,0x3804090D,0x00000000,0x03000000,
    0x00000000,0x00000000,0x02000000,0x01FFFFFF,0xCA02070D,0xFE7D5938,0xFCFFB365,0xFFF2A75F,0xFDDF9A58,0xFF342A20,0xA1040B0F,0x6B171715,0xFE101113,0xFEAC7847,0xFEFCAD62,0xFFF4A85F,0xFAE39D59,0xFF352A20,0xB302080E,0x06AA7F55,0x01000000,0x02000000,0x00000000,0x02FFFF7F,0xD4040A0F,0xFFA57445,0xFDFFB164,0xFEDF9A58,0xFF231E19,0x3804090D,0x00000000,0x03000000,
    0x00000000,0x02000000,0x00000000,0x260D1414,0xFB141414,0xFECE8F53,0xFFF9AB61,0xFDE49D5A,0xFF372B21,0x9E040B0E,0x6B1A1715,0xFE101113,0xFEAC7847,0xFEFCAD62,0xFFF4A85F,0xFBE29B59,0xFF352A20,0xB504090E,0x089F5F3F,0x03000000,0x04000000,0x03000000,0x03000000,0x05996633,0xD4040A0F,0xFFA57445,0xFDFFB164,0xFEDF9A58,0xFF231E19,0x3804090D,0x00000000,0x03000000,
    0x00000000,0x04000000,0x00010000,0x6A00040C,0xFF3E3023,0xFBF1A65E,0xFEFFAF63,0xFF9D6E43,0xDC01080D,0x7B101012,0xFE0F1113,0xFEAD7847,0xFEFCAD62,0xFFF4A85F,0xFCE19B59,0xFF352A20,0xA903090F,0x00040301,0x00000000,0x00000000,0x00000000,0x00000000,0x00000000,0x00030200,0xD2070C0F,0xFFA57445,0xFDFFB164,0xFEDF9A58,0xFF231E19,0x3804090D,0x00000000,0x03000000,
    0x00000000,0x02000000,0x00030100,0xB200040B,0xFF795736,0xFCFFAF63,0xFFF8AA60,0xFF4E3A28,0xFB00060D,0xFF2B231C,0xFFAD7948,0xFEFCAC62,0xFFF4A85F,0xFBE19B59,0xFF342A20,0xB0050A0F,0x301F1F1A,0x3900040D,0x3904080D,0x3704090D,0x3804090D,0x3804090D,0x3800090D,0x39111111,0xDE00040C,0xFFA37344,0xFDFFB164,0xFEDF9A58,0xFF241E19,0x3904080D,0x00000000,0x03000000,
    0x01000000,0x00000000,0x1328281A,0xEC0A0E11,0xFFB67F4A,0xFEFDAE63,0xFFE79F5B,0xFF8A623C,0xFFB27C49,0xFEE79F5B,0xFEF4A85F,0xFFF8AA61,0xFBE19B59,0xFF34291F,0xBE050A10,0xB8101212,0xFC181716,0xFF251F1A,0xFF221E19,0xFF231E19,0xFF231E19,0xFF231E19,0xFF241E1A,0xFF1F1B18,0xFF3B2E21,0xFFD79556,0xFEFAAC62,0xFFD39254,0xFD181716,0x290C0C12,0x00000000,0x02000000,
    0x03000000,0x00000000,0x3804090D,0xFF221D19,0xFEE29C59,0xFFF0A55E,0xFFECA25D,0xFFFAAC62,0xFFFFAF63,0xFEFDAE62,0xFCFFB164,0xFBD69455,0xFF352A20,0xA1040B0E,0x7D101012,0xFF3E3023,0xFED29154,0xFEE09B59,0xFEDE9958,0xFEDF9A58,0xFEDF9A58,0xFEDF9A58,0xFEDF9A58,0xFEDD9958,0xFFEBA25C,0xFFEFA55E,0xFCFFB566,0xFD8C633D,0xD703080E,0x05996633,0x01000000,0x01000000,
    0x02000000,0x00000000,0x20171717,0xFD111213,0xFDC0864E,0xFDFFB767,0xFEFDAE62,0xFCFCAD62,0xFEE19B59,0xFFB37D4A,0xFF745435,0xFF1F1C19,0xAA070C10,0x00060301,0xA500030C,0xFC775636,0xF9FFC16C,0xFEFFAF63,0xFEFFB164,0xFEFFB164,0xFEFFB164,0xFEFFB164,0xFEFFB164,0xFEFFB164,0xFEFFAF63,0xFCFFB365,0xFEB47D4A,0xFF1A1817,0x580E1111,0x00000000,0x03000000,0x00000000,
    0x00000000,0x02000000,0x00010100,0x92080D0F,0xFF2C241D,0xFF966A40,0xFF966A40,0xFF5A422C,0xFF27201B,0xE2090D10,0xA800060D,0x500C0F13,0x00020100,0x00000000,0x590B0E11,0xFF211D19,0xFF8E643D,0xFFA67546,0xFFA27244,0xFFA37244,0xFFA37244,0xFFA37244,0xFFA37244,0xFFA37345,0xFF9D6E42,0xFF644930,0xFC121314,0x7B0C0E10,0x00010100,0x02000000,0x00000000,0x00000000,
    0x00000000,0x01000000,0x02000000,0x047F3F3F,0x80090D0F,0xD902080E,0xD902080E,0x9A00040B,0x4D030910,0x12382A1C,0x00030100,0x00000000,0x02000000,0x02000000,0x00010000,0x760A0F11,0xDA03090F,0xE3050B0F,0xE2050A0E,0xE3050A0E,0xE3050A0E,0xE3050A0E,0xE3050A0E,0xE3050A0E,0xDB03090F,0xAC00050D,0x41131313,0x00010000,0x02000000,0x00000000,0x00000000,0x00000000,
};

static const uint32_t bits32_info[1024] = {
    0x00000000,0x00000000,0x00000000,0x00000000,0x00000000,0x00000000,0x00000000,0x03000000,0x00000000,0x00000001,0x02FFFFFF,0x3B110C08,0x7C080000,0xB0080000,0xD10A0301,0xDF0C0605,0xDF0C0605,0xD10A0301,0xB0080000,0x7F080000,0x3C0C0808,0x03AAFFFF,0x00000001,0x00000000,0x03000000,0x00000000,0x00000000,0x00000000,0x00000000,0x00000000,0x00000000,0x00000000,
    0x00000000,0x00000000,0x00000000,0x00000000,0x00000000,0x01000000,0x02000000,0x00000000,0x13283535,0x740A0404,0xCF0C0402,0xFE181C1C,0xFF2F4348,0xFF446971,0xFF51818C,0xFF578D9A,0xFF578D99,0xFF51818C,0xFF436871,0xFF2F4449,0xFF191D1E,0xD00C0403,0x750D0604,0x14263333,0x00000000,0x02000000,0x01000000,0x00000000,0x00000000,0x00000000,0x00000000,0x00000000,
    0x00000000,0x00000000,0x00000000,0x00000000,0x02000000,0x00000000,0x00010202,0x640F0C0C,0xE40D0605,0xFF283539,0xFF548692,0xFF73BFD0,0xFC82DAEE,0xFD87E1F6,0xFD88E4FA,0xFE88E4F9,0xFE88E4F9,0xFD88E4FA,0xFD87E1F7,0xFC82DAEF,0xFF74C0D2,0xFF548692,0xFF273639,0xE50D0605,0x650F0C0C,0x00010203,0x00000000,0x02000000,0x00000000,0x00000000,0x00000000,0x00000000,
    0x00000000,0x00000000,0x00000000,0x02000000,0x00000000,0x0E36485B,0xA90C0606,0xFF1A1E1F,0xFF538591,0xFB80D6EA,0xFD86E0F5,0xFE85DFF4,0xFC87E2F8,0xFB84DCF1,0xFC7CCFE2,0xFD77C7DA,0xFD77C7DA,0xFC7CCFE3,0xFB84DCF1,0xFC87E2F7,0xFE85DFF4,0xFD86E0F5,0xFB80D6EA,0xFF548793,0xFF1A1E1F,0xAB0D0705,0x0F334455,0x00000000,0x02000000,0x00000000,0x00000000,0x00000000,
    0x00000000,0x00000000,0x02000000,0x00000000,0x181F3535,0xCB0C0503,0xFF2B3B3F,0xFB73C0D2,0xFE85E0F5,0xFF82DAEE,0xFC84DDF2,0xFF6EB5C6,0xFF4D7A85,0xFF344B51,0xFF243033,0xFF1D2426,0xFF1D2426,0xFF243033,0xFF324A4F,0xFF4D7984,0xFF6EB6C7,0xFC84DDF2,0xFF82DAEE,0xFE85E0F5,0xFB73C0D2,0xFF2A3B3F,0xCC0C0603,0x181F3535,0x00000000,0x02000000,0x00000000,0x00000000,
    0x00000000,0x01000000,0x02000000,0x0E36485B,0xCD0C0403,0xFF31474D,0xFA80D6EA,0xFF82D9ED,0xFE83DCF1,0xFD72BDCF,0xFF3A585E,0xFF151516,0xC50A0200,0x82070000,0x51090000,0x3D0C0404,0x3D0C0404,0x52090000,0x82070000,0xC60A0201,0xFF151616,0xFF3A585F,0xFD72BDCE,0xFE83DCF1,0xFF82D9EE,0xFA80D6EA,0xFF31474C,0xCC0C0505,0x0E364848,0x02000000,0x01000000,0x00000000,
    0x00000000,0x03000000,0x00010202,0xAD0B0504,0xFF2B3B3F,0xFA80D6EA,0xFF80D6EB,0xFE84DDF2,0xFF5A909D,0xFF181B1C,0xB20A0100,0x3A111111,0x00020303,0x00000101,0x00000001,0x00000000,0x00000000,0x00000001,0x00000101,0x00010303,0x39111111,0xB00A0100,0xFF181A1B,0xFF59909D,0xFE84DDF2,0xFF80D6EB,0xFA80D6EA,0xFF2B3B3F,0xAC0B0504,0x00010202,0x03000000,0x00000000,
    0x03000000,0x00000000,0x610F0D0A,0xFF1A1E1F,0xFA74C0D3,0xFF82D9ED,0xFE84DDF2,0xFF4F7F8A,0xFB0D0807,0x67110C0C,0x00010303,0x00000000,0x01000000,0x05000000,0x00000000,0x00010203,0x00010203,0x00000000,0x05000000,0x01000000,0x00000000,0x00010303,0x67110E0C,0xFA0D0807,0xFF4F7E89,0xFE84DDF2,0xFF82D9EE,0xFA74C0D3,0xFF1A1E1F,0x610F0D0A,0x00000000,0x03000000,
    0x01000000,0x112D3C3C,0xE90C0605,0xFD548793,0xFD86E1F6,0xFE83DCF1,0xFC5A929E,0xFA0D0806,0x4D131717,0x00000001,0x04000000,0x03000000,0x02000000,0x00000000,0x59110E0E,0xC80C0503,0xC90B0503,0x5C100D0D,0x00000000,0x02000000,0x03000000,0x04000000,0x00000001,0x4C141717,0xFA0D0806,0xFC5A929E,0xFE83DCF1,0xFD86E0F6,0xFD538692,0xE90C0605,0x111E3C3C,0x01000000,
    0x00000001,0x740A0402,0xFF273639,0xFB80D6EA,0xFF82DAEE,0xFC72BECF,0xFF181B1B,0x66110C0C,0x00000000,0x06000000,0x00000000,0x02000000,0x00000000,0x3D101010,0xFF161718,0xFF4D7A84,0xFF4E7B86,0xFF171818,0x400F0F0F,0x00000000,0x03000000,0x00000000,0x06000000,0x00000000,0x66110C0C,0xFF181B1B,0xFC72BECF,0xFF82DAEF,0xFB80D6EA,0xFF273539,0x730B0402,0x00000001,
    0x06557F7F,0xD40A0403,0xFE548692,0xFD86E0F5,0xFC84DEF2,0xFF3A585F,0xB6090100,0x00010203,0x04000000,0x00000000,0x00000000,0x04000000,0x00000101,0x89070000,0xFC365057,0xF790F3FF,0xF790F4FF,0xFB37535A,0x8C070000,0x00000101,0x04000000,0x00000000,0x00000000,0x04000000,0x00010203,0xB6090100,0xFF3A585F,0xFC84DDF2,0xFD86E0F5,0xFE548692,0xD40A0403,0x05669999,
    0x3C0C0808,0xFE191C1D,0xFE74C0D2,0xFE85DFF4,0xFE6EB6C7,0xFC151616,0x33141414,0x01000000,0x03000000,0x00000000,0x00000000,0x04000000,0x00000000,0x5F0D0808,0xFF212A2C,0xFF6CB2C3,0xFF6DB4C4,0xFF222C2E,0x630C0707,0x00000000,0x04000000,0x00000000,0x00000000,0x03000000,0x01000000,0x34131313,0xFC151616,0xFE6EB6C6,0xFE85DFF4,0xFE73C0D1,0xFE191C1D,0x3B0C0808,
    0x80070000,0xFF2F4449,0xFC82DAEE,0xFC87E2F7,0xFF4D7A85,0xC60A0201,0x00010303,0x02000000,0x00000000,0x00000000,0x00000000,0x01000000,0x01000000,0x07242424,0x9E100B0B,0xEC161819,0xEC171919,0xA10F0B0B,0x081F3F3F,0x01000000,0x01000000,0x00000000,0x00000000,0x00000000,0x02000000,0x00010303,0xC60A0201,0xFF4E7A85,0xFC87E2F7,0xFC82DAEE,0xFF2F4448,0x7F080000,
    0xB3080000,0xFF436871,0xFC87E2F7,0xFB84DCF1,0xFF334B50,0x7F080000,0x00000101,0x04000000,0x00000000,0x00000000,0x00000000,0x00000000,0x02000000,0x00000000,0x13282835,0xA30C0604,0xA30C0604,0x13282835,0x00000000,0x02000000,0x00000000,0x00000000,0x00000000,0x00000000,0x04000000,0x00000101,0x7F080000,0xFF334B51,0xFB84DCF1,0xFC87E2F7,0xFF436871,0xB2080000,
    0xD20A0301,0xFF51818D,0xFD88E4FA,0xFC7CCFE2,0xFF243033,0x51090000,0x00000000,0x03000000,0x00000000,0x00000000,0x00000000,0x02000000,0x01000000,0x1E191919,0xE3100E0D,0xFF2E4145,0xFF2E4146,0xE3100E0D,0x1E191919,0x01000000,0x02000000,0x00000000,0x00000000,0x00000000,0x03000000,0x00000000,0x51090000,0xFF243134,0xFC7CCFE3,0xFD88E4FA,0xFF51818C,0xD20A0301,
    0xDF0C0605,0xFF588D99,0xFE88E4F9,0xFD77C7DA,0xFF1D2425,0x3C080400,0x00000000,0x03000000,0x00000000,0x00000000,0x00000000,0x04000000,0x00000101,0x790A0404,0xFF2C3D41,0xF985DFF3,0xF985DFF3,0xFF2C3D41,0x780A0404,0x00000101,0x04000000,0x00000000,0x00000000,0x00000000,0x03000000,0x00000000,0x3C0C0404,0xFF1D2426,0xFD77C7DA,0xFE88E4F9,0xFF578C99,0xDE0C0604,
    0xDF0C0605,0xFF588D99,0xFE88E4F9,0xFD77C7DA,0xFF1D2426,0x3C080400,0x00000000,0x03000000,0x00000000,0x00000000,0x00000000,0x04000000,0x00000101,0x8A070000,0xFE3B5961,0xFB85DFF4,0xFB85DFF4,0xFE3B5961,0x8A070000,0x00000101,0x04000000,0x00000000,0x00000000,0x00000000,0x03000000,0x00000000,0x3C0C0404,0xFF1D2426,0xFD77C7DA,0xFE88E4F9,0xFF578C99,0xDE0C0604,
    0xD20A0301,0xFF51818D,0xFD88E4FA,0xFC7CCFE2,0xFF243033,0x51090000,0x00000000,0x03000000,0x00000000,0x00000000,0x00000000,0x04000000,0x00000101,0x87070000,0xFF39555C,0xFB85DFF3,0xFB85DFF3,0xFF39555C,0x87070000,0x00000101,0x04000000,0x00000000,0x00000000,0x00000000,0x03000000,0x00000000,0x51090000,0xFF243134,0xFC7CCFE3,0xFD88E4FA,0xFF51818C,0xD20A0301,
    0xB2080000,0xFF436871,0xFC87E2F7,0xFB84DCF1,0xFF334B51,0x7F080000,0x00000101,0x04000000,0x00000000,0x00000000,0x00000000,0x04000000,0x00000101,0x88070000,0xFF39565D,0xFB85DFF4,0xFB85DFF4,0xFF39565D,0x88070000,0x00000101,0x04000000,0x00000000,0x00000000,0x00000000,0x04000000,0x00000101,0x80070000,0xFF334B51,0xFB84DCF1,0xFC87E2F7,0xFF436871,0xB2080000,
    0x7F080000,0xFF2F4348,0xFC82DAEE,0xFC87E2F7,0xFF4E7A85,0xC60A0201,0x00010303,0x02000000,0x00000000,0x00000000,0x00000000,0x04000000,0x00000101,0x88070000,0xFF39565D,0xFB85DFF4,0xFB85DFF4,0xFF39565D,0x88070000,0x00000101,0x04000000,0x00000000,0x00000000,0x00000000,0x02000000,0x00010303,0xC70A0201,0xFF4E7B85,0xFC87E2F7,0xFC82DAEE,0xFF2F4348,0x7F080000,
    0x3C0C0808,0xFE191C1D,0xFE73C0D1,0xFE85DFF4,0xFE6EB6C7,0xFC151616,0x33141414,0x01000000,0x03000000,0x00000000,0x00000000,0x04000000,0x00000101,0x88070000,0xFF3A575F,0xFB84DDF2,0xFB84DDF2,0xFF3A575F,0x88070000,0x00000101,0x04000000,0x00000000,0x00000000,0x03000000,0x01000000,0x34131313,0xFD151616,0xFE6EB6C7,0xFE85DFF4,0xFE73BFD1,0xFE181C1D,0x3B0C0808,
    0x06557F7F,0xD40A0402,0xFE548691,0xFD86E0F5,0xFC84DEF2,0xFF3B585F,0xB6090100,0x00010203,0x04000000,0x00000000,0x00000000,0x04000000,0x00000101,0x86070000,0xFE354E54,0xF88CECFF,0xF88CECFF,0xFE354E54,0x86070000,0x00000101,0x04000000,0x00000000,0x00000000,0x04000000,0x00010203,0xB7090100,0xFF3B585F,0xFC84DEF3,0xFD86E0F5,0xFE548691,0xD40A0403,0x056699CC,
    0x00000001,0x730B0402,0xFF273539,0xFB80D6EA,0xFF82DAEE,0xFC73BED0,0xFF181A1B,0x67110C0C,0x00000001,0x06000000,0x00000000,0x02000000,0x00000000,0x3E10100C,0xFF171818,0xFF4E7B86,0xFF4E7B86,0xFF161818,0x3E10100C,0x00000000,0x02000000,0x00000000,0x06000000,0x00000001,0x67110C0C,0xFF181B1C,0xFC73BED0,0xFF82DAEE,0xFB80D5E9,0xFF273538,0x730B0402,0x00000001,
    0x01000000,0x111E3C3C,0xE80C0605,0xFD538692,0xFD86E0F6,0xFE83DCF1,0xFC5A929F,0xFA0D0807,0x4D131717,0x00000001,0x03000000,0x03000000,0x02000000,0x00000000,0x59110E0E,0xC80C0503,0xC80C0503,0x59110E0E,0x00000000,0x02000000,0x03000000,0x04000000,0x00000001,0x4C141717,0xFA0D0807,0xFC5A929F,0xFE83DCF1,0xFD86E1F6,0xFD538691,0xE80C0605,0x102F3F3F,0x01000000,
    0x03000000,0x00000000,0x610F0D0A,0xFF1A1E1F,0xFA74C0D2,0xFF82D9EE,0xFE83DDF2,0xFF507F8A,0xFB0D0807,0x68110C0C,0x00010303,0x00000000,0x01000000,0x05000000,0x00000000,0x00010203,0x00010203,0x00000000,0x05000000,0x01000000,0x00000000,0x00010303,0x67110C0C,0xFA0D0806,0xFE507E8A,0xFE83DDF2,0xFF82D9EE,0xFA74BFD2,0xFF1A1E1E,0x600F0D0A,0x00000000,0x03000000,
    0x00000000,0x03000000,0x00010202,0xAB0B0505,0xFF2A3B3E,0xFA80D6E9,0xFF80D6EB,0xFE84DDF2,0xFF5A929E,0xFF181B1C,0xB4090100,0x3A151111,0x00020303,0x00000101,0x00000001,0x00000000,0x00000000,0x00000001,0x00000101,0x00010303,0x3A111111,0xB3090100,0xFF181B1B,0xFF5A919D,0xFE84DDF1,0xFF80D6EB,0xFA80D6EA,0xFF2A3A3E,0xAC0B0504,0x00010202,0x03000000,0x00000000,
    0x00000000,0x01000000,0x02000000,0x0E36485B,0xCC0C0505,0xFF31474C,0xFA7FD6EA,0xFF82D9EE,0xFE83DCF1,0xFD72BDCF,0xFF3B5860,0xFF151616,0xC60A0200,0x82070000,0x52090000,0x3D0C0404,0x3D0C0404,0x52090000,0x82070000,0xC60A0201,0xFF151616,0xFF3A585F,0xFD72BDCF,0xFE83DCF1,0xFF82D9EE,0xFA7FD6E9,0xFF31474C,0xCC0C0605,0x0E364848,0x02000000,0x01000000,0x00000000,
    0x00000000,0x00000000,0x02000000,0x00000000,0x17213737,0xCA0C0603,0xFF2A3A3E,0xFB73BED1,0xFD86E1F6,0xFF82DAEE,0xFC84DEF3,0xFF6EB6C7,0xFF4E7B85,0xFF334B51,0xFF243033,0xFF1D2426,0xFF1D2426,0xFF243134,0xFF324A4F,0xFF4D7A84,0xFF6FB6C7,0xFC84DDF2,0xFF82DAEE,0xFE85E0F5,0xFB73C0D1,0xFF2A3A3E,0xCB0C0603,0x181F3535,0x00000000,0x02000000,0x00000000,0x00000000,
    0x00000000,0x00000000,0x00000000,0x02000000,0x00000000,0x0E36485B,0xA80C0606,0xFF1A1D1E,0xFF538590,0xFB80D5E9,0xFD86E0F5,0xFE85DFF4,0xFC87E2F8,0xFB84DCF1,0xFC7CCFE3,0xFD77C7DA,0xFD77C7DA,0xFC7CCFE3,0xFB84DCF1,0xFC87E2F7,0xFE85DFF4,0xFD86E0F5,0xFB80D5EA,0xFF548692,0xFF1A1D1E,0xAA0D0706,0x0F334455,0x00000000,0x02000000,0x00000000,0x00000000,0x00000000,
    0x00000000,0x00000000,0x00000000,0x00000000,0x02000000,0x00000000,0x00010202,0x630F0C0C,0xE40D0604,0xFF273437,0xFF548691,0xFF73BFD0,0xFC82D9EE,0xFD87E1F6,0xFD88E4FA,0xFE88E4F9,0xFE88E4F9,0xFD88E4FA,0xFD87E1F6,0xFC82DAEF,0xFF74C0D2,0xFF548692,0xFF273539,0xE40D0605,0x64110C0C,0x00010202,0x00000000,0x02000000,0x00000000,0x00000000,0x00000000,0x00000000,
    0x00000000,0x00000000,0x00000000,0x00000000,0x00000000,0x01000000,0x02000000,0x00000000,0x122A3838,0x740D0604,0xCF0C0403,0xFE181B1C,0xFF2E4247,0xFF446971,0xFF51818C,0xFF578D99,0xFF578D99,0xFF51818C,0xFF436871,0xFF2F4449,0xFE191D1E,0xD00C0403,0x750D0604,0x13283535,0x00000000,0x02000000,0x01000000,0x00000000,0x00000000,0x00000000,0x00000000,0x00000000,
    0x00000000,0x00000000,0x00000000,0x00000000,0x00000000,0x00000000,0x00000000,0x03000000,0x00000000,0x00000001,0x01FFFFFF,0x3B110C08,0x7C080000,0xB0080000,0xD10A0301,0xDE0C0605,0xDE0C0605,0xD10A0301,0xB0080000,0x7D080000,0x3C0C0808,0x03AAFFFF,0x00000001,0x00000000,0x03000000,0x00000000,0x00000000,0x00000000,0x00000000,0x00000000,0x00000000,0x00000000,
};

static const uint32_t bits32_trash[1024] = {
    0x00000000,0x00000000,0x00000000,0x00000000,0x00000000,0x00000000,0x00000000,0x00000000,0x02000000,0x00000000,0x1C242424,0x8F070505,0xD4070604,0xE30A0808,0xE30A0808,0xE30A0808,0xE30A0808,0xE30A0808,0xE30A0808,0xD3070604,0x8E070505,0x1C242424,0x00000000,0x02000000,0x00000000,0x00000000,0x00000000,0x00000000,0x00000000,0x00000000,0x00000000,0x00000000,
    0x00000000,0x00000000,0x00000000,0x00000000,0x00000000,0x00000000,0x00000000,0x02000000,0x00000000,0x3D141414,0xE30C0C0B,0xFF383A3C,0xFF6D7377,0xFF797F84,0xFF787E84,0xFF787F84,0xFF787F84,0xFF787E84,0xFF797F84,0xFF6D7277,0xFF37393B,0xE30C0B0B,0x3C191915,0x00000000,0x02000000,0x00000000,0x00000000,0x00000000,0x00000000,0x00000000,0x00000000,0x00000000,
    0x00000000,0x00000000,0x00000000,0x00000000,0x00000000,0x00000000,0x02000000,0x01000000,0x1B1C1C1C,0xED0B0B0A,0xFF5C6164,0xFBB8C3CB,0xFEB9C3CC,0xFEBAC5CE,0xFEBBC5CE,0xFEBBC5CE,0xFEBBC5CE,0xFEBBC5CE,0xFEBAC5CE,0xFEB8C3CC,0xFBB7C3CB,0xFF5B6064,0xEC0B0A0A,0x1A1D1D1D,0x01000000,0x02000000,0x00000000,0x00000000,0x00000000,0x00000000,0x00000000,0x00000000,
    0x00000000,0x00000000,0x02000000,0x04000000,0x04000000,0x04000000,0x08000000,0x043F3F3F,0x88070505,0xFF393B3C,0xFAB7C2CA,0xFFB0BAC2,0xFFAEB8C0,0xFFA2ABB3,0xFFA2ABB3,0xFFA2ABB3,0xFFA2ABB3,0xFFA2ABB3,0xFFA2ABB3,0xFFAEB8C0,0xFFB0BAC2,0xFAB7C2CA,0xFF383A3C,0x87070505,0x043F3F3F,0x08000000,0x04000000,0x04000000,0x04000000,0x02000000,0x00000000,0x00000000,
    0x00000000,0x01000000,0x00000000,0x00000000,0x00010101,0x00010101,0x00010101,0x00030303,0xC5090907,0xFE6F757A,0xFCB9C4CC,0xFFAEB8C1,0xFF53575B,0xF61A1A1B,0xF2212223,0xF3202122,0xF3202122,0xF2212223,0xF61A1A1B,0xFF54585B,0xFFAEB9C1,0xFCB9C4CD,0xFE6F7579,0xC5090707,0x00030303,0x00010101,0x00010101,0x00010101,0x00000000,0x00000000,0x01000000,0x00000000,
    0x01000000,0x00000000,0x1A13131D,0x75060604,0x87010000,0x87010100,0x8B010100,0x89050503,0xEB000000,0xFF777D82,0xFEBAC5CD,0xFFA1AAB2,0xFF101010,0xCE010000,0xBC050404,0xC0030202,0xC0030202,0xBC050404,0xCE010000,0xFF101010,0xFFA1AAB2,0xFEBAC5CD,0xFF777D82,0xEB000000,0x89050503,0x8B010100,0x87010100,0x87010000,0x75060604,0x1A13131D,0x00000000,0x01000000,
    0x01000000,0x1C1B1B1B,0xE30F0F0F,0xFF363839,0xFF4C5053,0xFF484C4E,0xFF4E5155,0xFF4C4F52,0xFF424548,0xFF8B9299,0xFFB6C1C9,0xFFA6AFB7,0xFF505456,0xFF474A4D,0xFF4A4D50,0xFF494C4F,0xFF494C4F,0xFF4A4D50,0xFF474A4D,0xFF505456,0xFFA6AFB7,0xFFB6C1C9,0xFF8B9299,0xFF424548,0xFF4C4F52,0xFF4E5155,0xFF484C4E,0xFF4C5053,0xFF363839,0xE30F0F0F,0x1C1B1B1B,0x01000000,
    0x00000101,0x78040404,0xFF393B3D,0xF7B7C2CB,0xFBB6C2CA,0xFBB7C3CB,0xFBB9C4CD,0xFBB8C4CC,0xFEB5C0C8,0xFFAFB9C1,0xFFABB5BD,0xFFADB7BF,0xFFB4BFC7,0xFEB5BFC7,0xFDB5C0C8,0xFDB6C0C8,0xFDB6C0C8,0xFDB5C0C8,0xFEB5BFC7,0xFFB4BFC7,0xFFADB7BF,0xFFABB5BD,0xFFAFB9C1,0xFEB5C0C8,0xFBB8C4CC,0xFBB9C4CD,0xFBB7C3CB,0xFBB6C2CA,0xF7B7C2CB,0xFF393B3D,0x78040404,0x00000101,
    0x00000101,0x78040404,0xFF393B3D,0xF7B7C2CB,0xFEB5C0C8,0xFFAFB9C1,0xFFABB5BD,0xFFADB7BF,0xFFB4BEC7,0xFCB8C2CB,0xFBB9C4CD,0xFBB8C4CC,0xFBB6C2CA,0xFBB6C2CA,0xFBB6C2CA,0xFBB6C2CA,0xFBB6C2CA,0xFBB6C2CA,0xFBB6C2CA,0xFBB6C2CA,0xFBB8C4CC,0xFBB9C4CD,0xFCB8C2CB,0xFFB4BEC7,0xFFADB7BF,0xFFABB5BD,0xFFAFB9C1,0xFEB5C0C8,0xF7B7C2CB,0xFF393B3D,0x78040404,0x00000101,
    0x01000000,0x1C1B1B1B,0xE30F0F0F,0xFF37393B,0xFF45484B,0xFF8A9298,0xFFB6C1C9,0xFFA6AFB7,0xFF4F5255,0xFF474A4D,0xFF4F5255,0xFF4B4E51,0xFF494C4F,0xFF494D4F,0xFF494D4F,0xFF494D4F,0xFF494D4F,0xFF494D4F,0xFF494D4F,0xFF494C4F,0xFF4B4E51,0xFF4F5255,0xFF474A4D,0xFF4F5255,0xFFA6AFB7,0xFFB6C1C9,0xFF8A9298,0xFF45484B,0xFF37393B,0xE30F0F0F,0x1C1B1B1B,0x01000000,
    0x01000000,0x00000000,0x1A1D1D1D,0x760A0A0A,0xEA000000,0xFF767D82,0xFEBBC6CE,0xFFA1AAB2,0xFF151616,0xA2000000,0x89030101,0x8A010100,0x88010100,0x88010100,0x88010100,0x88010100,0x88010100,0x88010100,0x88010100,0x88010100,0x8A010100,0x89030101,0xA2000000,0xFF151616,0xFFA1AAB2,0xFEBBC6CE,0xFF767D82,0xEA000000,0x760A0A0A,0x1A1D1D1D,0x00000000,0x01000000,
    0x00000000,0x02000000,0x00000000,0x00020202,0xD10C0C0A,0xFF7B8287,0xFDBBC6CE,0xFEA2ABB2,0xFF202122,0x2A12120C,0x00010101,0x00010101,0x00010101,0x00010101,0x00010101,0x00010101,0x00010101,0x00010101,0x00010101,0x00010101,0x00010101,0x00010101,0x2A12120C,0xFF202122,0xFEA2ABB2,0xFDBBC6CE,0xFF7B8287,0xD10C0C0A,0x00020202,0x00000000,0x02000000,0x00000000,
    0x00000000,0x01000000,0x02000000,0x06555555,0xD5090908,0xFF7A8186,0xFDBBC6CE,0xFEA2ABB2,0xFF1E1F20,0x3B080804,0x04000000,0x07000000,0x04000000,0x04000000,0x04000000,0x04000000,0x04000000,0x04000000,0x04000000,0x04000000,0x07000000,0x04000000,0x3B080804,0xFF1E1F20,0xFEA2ABB2,0xFDBBC6CE,0xFF7A8186,0xD5090908,0x06555555,0x02000000,0x01000000,0x00000000,
    0x00000000,0x01000000,0x00000000,0x02FFFFFF,0xD4090908,0xFF7A8186,0xFDBBC6CE,0xFEA2ABB2,0xFF1E1F20,0x38090904,0x00000000,0x03000000,0x00000000,0x00000000,0x00000000,0x00000000,0x00000000,0x00000000,0x00000000,0x00000000,0x03000000,0x00000000,0x38090904,0xFF1E1F20,0xFEA2ABB2,0xFDBBC6CE,0xFF7A8186,0xD4090908,0x02FFFFFF,0x00000000,0x01000000,0x00000000,
    0x00000000,0x01000000,0x00000000,0x02FFFFFF,0xD4090908,0xFF7A8186,0xFDBBC6CE,0xFEA2ABB2,0xFF1E1F20,0x38090904,0x00000000,0x03000000,0x00000000,0x00000000,0x00000000,0x00000000,0x00000000,0x00000000,0x00000000,0x00000000,0x03000000,0x00000000,0x38090904,0xFF1E1F20,0xFEA2ABB2,0xFDBBC6CE,0xFF7A8186,0xD4090908,0x02FFFFFF,0x00000000,0x01000000,0x00000000,
    0x00000000,0x01000000,0x00000000,0x02FFFFFF,0xD4090908,0xFF7A8186,0xFDBBC6CE,0xFEA2ABB2,0xFF1E1F20,0x38090904,0x00000000,0x03000000,0x00000000,0x00000000,0x00000000,0x00000000,0x00000000,0x00000000,0x00000000,0x00000000,0x03000000,0x00000000,0x38090904,0xFF1E1F20,0xFEA2ABB2,0xFDBBC6CE,0xFF7A8186,0xD4090908,0x02FFFFFF,0x00000000,0x01000000,0x00000000,
    0x00000000,0x01000000,0x00000000,0x02FFFFFF,0xD4090908,0xFF7A8186,0xFDBBC6CE,0xFEA2ABB2,0xFF1E1F20,0x38090904,0x00000000,0x03000000,0x00000000,0x00000000,0x00000000,0x00000000,0x00000000,0x00000000,0x00000000,0x00000000,0x03000000,0x00000000,0x38090904,0xFF1E1F20,0xFEA2ABB2,0xFDBBC6CE,0xFF7A8186,0xD4090908,0x02FFFFFF,0x00000000,0x01000000,0x00000000,
    0x00000000,0x01000000,0x00000000,0x02FFFFFF,0xD4090908,0xFF7A8186,0xFDBBC6CE,0xFEA2ABB2,0xFF1E1F20,0x38090904,0x00000000,0x03000000,0x00000000,0x00000000,0x00000000,0x00000000,0x00000000,0x00000000,0x00000000,0x00000000,0x03000000,0x00000000,0x38090904,0xFF1E1F20,0xFEA2ABB2,0xFDBBC6CE,0xFF7A8186,0xD4090908,0x02FFFFFF,0x00000000,0x01000000,0x00000000,
    0x00000000,0x01000000,0x00000000,0x02FFFFFF,0xD4090908,0xFF7A8186,0xFDBBC6CE,0xFEA2ABB2,0xFF1E1F20,0x38090904,0x00000000,0x03000000,0x00000000,0x00000000,0x00000000,0x00000000,0x00000000,0x00000000,0x00000000,0x00000000,0x03000000,0x00000000,0x38090904,0xFF1E1F20,0xFEA2ABB2,0xFDBBC6CE,0xFF7A8186,0xD4090908,0x02FFFFFF,0x00000000,0x01000000,0x00000000,
    0x00000000,0x01000000,0x00000000,0x02FFFFFF,0xD4090908,0xFF7A8186,0xFDBBC6CE,0xFEA2ABB2,0xFF1E1F20,0x38090904,0x00000000,0x03000000,0x00000000,0x00000000,0x00000000,0x00000000,0x00000000,0x00000000,0x00000000,0x00000000,0x03000000,0x00000000,0x38090904,0xFF1E1F20,0xFEA2ABB2,0xFDBBC6CE,0xFF7A8186,0xD4090908,0x02FFFFFF,0x00000000,0x01000000,0x00000000,
    0x00000000,0x01000000,0x00000000,0x02FFFFFF,0xD4090908,0xFF7A8186,0xFDBBC6CE,0xFEA2ABB2,0xFF1E1F20,0x38090904,0x00000000,0x03000000,0x00000000,0x00000000,0x00000000,0x00000000,0x00000000,0x00000000,0x00000000,0x00000000,0x03000000,0x00000000,0x38090904,0xFF1E1F20,0xFEA2ABB2,0xFDBBC6CE,0xFF7A8186,0xD4090908,0x02FFFFFF,0x00000000,0x01000000,0x00000000,
    0x00000000,0x01000000,0x00000000,0x02FFFFFF,0xD4090908,0xFF7A8186,0xFDBBC6CE,0xFEA2ABB2,0xFF1E1F20,0x38090904,0x00000000,0x03000000,0x00000000,0x00000000,0x00000000,0x00000000,0x00000000,0x00000000,0x00000000,0x00000000,0x03000000,0x00000000,0x38090904,0xFF1E1F20,0xFEA2ABB2,0xFDBBC6CE,0xFF7A8186,0xD4090908,0x02FFFFFF,0x00000000,0x01000000,0x00000000,
    0x00000000,0x01000000,0x00000000,0x02FFFFFF,0xD4090908,0xFF7A8186,0xFDBBC6CE,0xFEA2ABB2,0xFF1E1F20,0x38090904,0x00000000,0x03000000,0x00000000,0x00000000,0x00000000,0x00000000,0x00000000,0x00000000,0x00000000,0x00000000,0x03000000,0x00000000,0x38090904,0xFF1E1F20,0xFEA2ABB2,0xFDBBC6CE,0xFF7A8186,0xD4090908,0x02FFFFFF,0x00000000,0x01000000,0x00000000,
    0x00000000,0x01000000,0x00000000,0x02FFFFFF,0xD4090908,0xFF7A8186,0xFDBBC6CE,0xFEA2ABB2,0xFF1E1F20,0x38090904,0x00000000,0x03000000,0x00000000,0x00000000,0x00000000,0x00000000,0x00000000,0x00000000,0x00000000,0x00000000,0x03000000,0x00000000,0x38090904,0xFF1E1F20,0xFEA2ABB2,0xFDBBC6CE,0xFF7A8186,0xD4090908,0x02FFFFFF,0x00000000,0x01000000,0x00000000,
    0x00000000,0x01000000,0x00000000,0x02FFFFFF,0xD4090908,0xFF7A8186,0xFDBBC6CE,0xFEA2ABB2,0xFF1E1F20,0x3A080804,0x03000000,0x06000000,0x03000000,0x03000000,0x03000000,0x03000000,0x03000000,0x03000000,0x03000000,0x03000000,0x06000000,0x03000000,0x3A080804,0xFF1E1F20,0xFEA2ABB2,0xFDBBC6CE,0xFF7A8186,0xD4090908,0x02FFFFFF,0x00000000,0x01000000,0x00000000,
    0x00000000,0x01000000,0x00000000,0x02FFFFFF,0xD4090908,0xFF7A8186,0xFDBBC6CE,0xFEA2ABB2,0xFF1F2021,0x2F0A0A05,0x00000000,0x00000000,0x00000000,0x00000000,0x00000000,0x00000000,0x00000000,0x00000000,0x00000000,0x00000000,0x00000000,0x00000000,0x2F0A0A05,0xFF1F2021,0xFEA2ABB2,0xFDBBC6CE,0xFF7A8186,0xD4090908,0x02FFFFFF,0x00000000,0x01000000,0x00000000,
    0x00000000,0x01000000,0x00000000,0x02FFFFFF,0xD4090908,0xFF7B8287,0xFDBBC5CE,0xFEA2ABB2,0xFF19191A,0x64050502,0x37090909,0x3A080804,0x38090904,0x38090904,0x38090904,0x38090904,0x38090904,0x38090904,0x38090904,0x38090904,0x3A080804,0x37090909,0x64050502,0xFF19191A,0xFEA2ABB3,0xFDBBC5CE,0xFF7A8186,0xD4090908,0x01FFFFFF,0x00000000,0x01000000,0x00000000,
    0x00000000,0x00000000,0x01000000,0x00020202,0xC8060505,0xFE6E7479,0xFCBAC4CD,0xFFAEB8C0,0xFF525559,0xFF19191A,0xFF202021,0xFF1E1F20,0xFF1E1F20,0xFF1E1F20,0xFF1E1F20,0xFF1E1F20,0xFF1E1F20,0xFF1E1F20,0xFF1E1F20,0xFF1E1F20,0xFF1E1F20,0xFF202021,0xFF19191A,0xFF525659,0xFFAEB8C0,0xFCBAC4CD,0xFE6E7478,0xC8060505,0x00020202,0x01000000,0x00000000,0x00000000,
    0x00000000,0x00000000,0x04000000,0x00010101,0x87070505,0xFF383A3C,0xFAB7C2CA,0xFFB0BAC2,0xFFAEB8C0,0xFEA2ABB3,0xFEA2ABB2,0xFEA2ABB2,0xFEA2ABB2,0xFEA2ABB2,0xFEA2ABB2,0xFEA2ABB2,0xFEA2ABB2,0xFEA2ABB2,0xFEA2ABB2,0xFEA2ABB2,0xFEA2ABB2,0xFEA2ABB2,0xFEA2ABB3,0xFFAEB8C0,0xFFB0BAC2,0xFAB7C2CA,0xFF373A3B,0x86070505,0x00010101,0x04000000,0x00000000,0x00000000,
    0x00000000,0x00000000,0x02000000,0x01000000,0x1A1D1D1D,0xEC0B0A0A,0xFF5B6064,0xFBB7C3CB,0xFEB8C3CC,0xFEBAC5CE,0xFEBBC5CE,0xFEBBC5CE,0xFEBBC5CE,0xFEBBC5CE,0xFEBBC5CE,0xFEBBC5CE,0xFEBBC5CE,0xFEBBC5CE,0xFEBBC5CE,0xFEBBC5CE,0xFEBBC5CE,0xFEBBC5CE,0xFEBAC5CE,0xFEB8C3CC,0xFBB7C2CB,0xFF5B6063,0xEC0B0A0A,0x1A1D1D1D,0x01000000,0x02000000,0x00000000,0x00000000,
    0x00000000,0x00000000,0x00000000,0x02000000,0x00000000,0x3C191915,0xE30C0B0B,0xFF37393B,0xFF6C7276,0xFF797F84,0xFF787E84,0xFF787F84,0xFF787F84,0xFF787F84,0xFF787F84,0xFF787F84,0xFF787F84,0xFF787F84,0xFF787F84,0xFF787F84,0xFF787F84,0xFF787E84,0xFF797F84,0xFF6C7276,0xFF37393B,0xE20C0B0B,0x3C151519,0x00000000,0x02000000,0x00000000,0x00000000,0x00000000,
    0x00000000,0x00000000,0x00000000,0x00000000,0x02000000,0x00000000,0x1C242424,0x8E070505,0xD3070604,0xE30A0808,0xE30A0808,0xE30A0808,0xE30A0808,0xE30A0808,0xE30A0808,0xE30A0808,0xE30A0808,0xE30A0808,0xE30A0808,0xE30A0808,0xE30A0808,0xE30A0808,0xE30A0808,0xD3070604,0x8D070705,0x1B252525,0x00000000,0x02000000,0x00000000,0x00000000,0x00000000,0x00000000,
};

static const uint32_t bits32_trash_full[1024] = {
    0x00000000,0x00000000,0x00000000,0x00000000,0x00000000,0x00000000,0x00000000,0x00000000,0x02000000,0x00000000,0x1C241B1B,0x8F010A0C,0xD402090D,0xE3060C0E,0xE3060C0E,0xE3060C0E,0xE3060C0E,0xE3060C0E,0xE3060C0E,0xD302090D,0x8E010A0C,0x1C241B1B,0x00000000,0x02000000,0x00000000,0x00000000,0x00000000,0x00000000,0x00000000,0x00000000,0x00000000,0x00000000,
    0x00000000,0x00000000,0x00000000,0x00000000,0x00000000,0x00000000,0x00000000,0x02000000,0x00000000,0x3D141414,0xE3080E0F,0xFF432F28,0xFF895846,0xFF99614C,0xFF98614C,0xFF98614C,0xFF98614C,0xFF98614C,0xFF99614C,0xFF895846,0xFF422F28,0xE3080E0F,0x3C191515,0x00000000,0x02000000,0x00000000,0x00000000,0x00000000,0x00000000,0x00000000,0x00000000,0x00000000,
    0x00000000,0x00000000,0x00000000,0x00000000,0x00000000,0x00000000,0x02000000,0x01000000,0x1B251C1C,0xED080D0F,0xFF734B3D,0xFBED926F,0xFEEE9270,0xFEF09371,0xFEF19471,0xFEF19471,0xFEF19471,0xFEF19471,0xFEF09371,0xFEEE9270,0xFBED916F,0xFF724B3C,0xEC090E0F,0x1A271D1D,0x01000000,0x02000000,0x00000000,0x00000000,0x00000000,0x00000000,0x00000000,0x00000000,
    0x00000000,0x00000000,0x02000000,0x04000000,0x04000000,0x04000000,0x08000000,0x043F3F00,0x8803090D,0xFF443029,0xFAED9170,0xFFE28B6B,0xFFE08A6A,0xFFD08164,0xFFD08163,0xFFD08163,0xFFD08163,0xFFD08163,0xFFD08164,0xFFE08A6A,0xFFE28B6B,0xFAEC916F,0xFF433029,0x8703090D,0x043F3F00,0x08000000,0x04000000,0x04000000,0x04000000,0x02000000,0x00000000,0x00000000,
    0x00000000,0x01000000,0x00000000,0x00010000,0x00010000,0x00010000,0x00020000,0x00040101,0xC5060B0E,0xFE8D5A47,0xFCEE9270,0xFFE08A6A,0xFF674437,0xF61D1817,0xF2251E1B,0xF3241D1B,0xF3241D1B,0xF2251E1B,0xF61D1817,0xFF684537,0xFFE18A6A,0xFCEE9270,0xFE8C5A47,0xC5050B0E,0x00040101,0x00020000,0x00010000,0x00010000,0x00010000,0x00000000,0x01000000,0x00000000,
    0x01000000,0x00000000,0x1A1D1313,0x75020A0D,0x87000509,0x8700070B,0x8B00050B,0x8901090D,0xEB000408,0xFF975F4C,0xFEF09371,0xFFCF8163,0xFF0E1112,0xCE000609,0xBC00090C,0xC000070A,0xC000070A,0xBC00090C,0xCE000609,0xFF0E1112,0xFFCF8163,0xFEF09371,0xFF975F4C,0xEB000408,0x8901090D,0x8B00050B,0x8700070B,0x87000509,0x75020A0D,0x1A1D1313,0x00000000,0x01000000,
    0x01000000,0x1C1B1B1B,0xE30E1011,0xFF402E27,0xFF5E3F34,0xFF593C32,0xFF604135,0xFF5D3F34,0xFF51372E,0xFFB16F56,0xFFEB906F,0xFFD58465,0xFF634236,0xFF583B31,0xFF5B3D32,0xFF5A3D32,0xFF5A3D32,0xFF5B3D32,0xFF583B31,0xFF634236,0xFFD58465,0xFFEB906F,0xFFB16F56,0xFF51372E,0xFF5D3F34,0xFF604135,0xFF593C32,0xFF5E3F34,0xFF402E27,0xE30E1011,0x1C1B1B1B,0x01000000,
    0x00010000,0x7802080A,0xFF443129,0xF7ED916F,0xFBEC916E,0xFBED916F,0xFBEF9370,0xFBEE926F,0xFEE9906E,0xFFE18B6B,0xFFDC8869,0xFFDE8969,0xFFE88F6D,0xFEE98F6E,0xFDEA906E,0xFDEA906E,0xFDEA906E,0xFDEA906E,0xFEE98F6E,0xFFE88F6D,0xFFDE8969,0xFFDC8869,0xFFE18B6B,0xFEE9906E,0xFBEE926F,0xFBEF9370,0xFBED916F,0xFBEC916E,0xF7ED916F,0xFF443129,0x7802080A,0x00010000,
    0x00010000,0x7802080A,0xFF443129,0xF7ED916F,0xFEEA906E,0xFFE18B6A,0xFFDC8869,0xFFDE8969,0xFFE88F6D,0xFCEC916F,0xFBEF9370,0xFBEE926F,0xFBEC916E,0xFBEB916E,0xFBEB916E,0xFBEB916E,0xFBEB916E,0xFBEB916E,0xFBEB916E,0xFBEC916E,0xFBEE926F,0xFBEF9370,0xFCEC916F,0xFFE88F6D,0xFFDE8969,0xFFDC8869,0xFFE18B6A,0xFEEA906E,0xF7ED916F,0xFF443129,0x7802080A,0x00010000,
    0x01000000,0x1C1B1B1B,0xE30E1011,0xFF412F28,0xFF55392F,0xFFB16E56,0xFFEB906F,0xFFD58465,0xFF614135,0xFF583B31,0xFF614135,0xFF5C3E33,0xFF5A3D32,0xFF5A3D32,0xFF5A3D32,0xFF5A3D32,0xFF5A3D32,0xFF5A3D32,0xFF5A3D32,0xFF5A3D32,0xFF5C3E33,0xFF614135,0xFF583B31,0xFF614135,0xFFD58465,0xFFEB906F,0xFFB16E56,0xFF55392F,0xFF412F28,0xE30E1011,0x1C1B1B1B,0x01000000,
    0x01000000,0x00000000,0x1A1D1313,0x76080C0F,0xEA000408,0xFF965F4B,0xFEF19471,0xFFCF8063,0xFF161515,0xA2000409,0x8900070B,0x8C00070A,0x8A00070B,0x8800070B,0x8B00070B,0x8800070B,0x8800070B,0x8B00070B,0x8800070B,0x8A00070B,0x8C00070A,0x8900070B,0xA2000409,0xFF161515,0xFFCF8063,0xFEF19471,0xFF965F4B,0xEA000408,0x76080C0F,0x1A1D1313,0x00000000,0x01000000,
    0x00000000,0x02000000,0x00000000,0x00030200,0xD1090E0F,0xFF9C634D,0xFDF19471,0xFED08163,0xFF251E1B,0x29120C12,0x00010000,0x00010000,0x00030100,0x00040201,0x00010000,0x00010000,0x00010000,0x00010000,0x00040201,0x00030100,0x00010000,0x00010000,0x29120C12,0xFF251E1B,0xFED08163,0xFDF19471,0xFF9C634D,0xD1090E0F,0x00030200,0x00000000,0x02000000,0x00000000,
    0x00000000,0x01000000,0x02000000,0x067F552A,0xD5050B0E,0xFF9B624D,0xFDF19471,0xFED08163,0xFF221C1A,0x3D040C0C,0x03000000,0x2E161616,0xB4070C0F,0xD2030A0D,0x8E0A0E10,0x081F1F1F,0x081F1F1F,0x8E0A0E10,0xD2030A0D,0xB4070C0F,0x2E161616,0x03000000,0x3D040C0C,0xFF221C1A,0xFED08163,0xFDF19471,0xFF9B624D,0xD5050B0E,0x067F552A,0x02000000,0x01000000,0x00000000,
    0x00000000,0x01000000,0x00000000,0x02FFFF7F,0xD4060C0E,0xFF9B624D,0xFDF19471,0xFED08163,0xFF221C1A,0x3604090E,0x05663333,0xDC0B0F10,0xFF5A3D32,0xFF9B624D,0xFF332723,0x7D0A0E10,0x7D0A0E10,0xFF332723,0xFF9B624D,0xFF5A3D32,0xDC0B0F10,0x05663333,0x3604090E,0xFF221C1A,0xFED08163,0xFDF19471,0xFF9B624D,0xD4060C0E,0x02FFFF7F,0x00000000,0x01000000,0x00000000,
    0x00000000,0x01000000,0x00000000,0x02FFFF7F,0xD4060C0E,0xFF9B624D,0xFDF19471,0xFED08163,0xFF221C1A,0x2C050B0B,0x270D0D0D,0xFF1D1918,0xFBD48364,0xFAFFA07A,0xFC96604B,0xD4070D0E,0xD4070D0E,0xFC96604B,0xFAFFA07A,0xFBD48364,0xFF1D1918,0x270D0D0D,0x2C050B0B,0xFF221C1A,0xFED08163,0xFDF19471,0xFF9B624D,0xD4060C0E,0x02FFFF7F,0x00000000,0x01000000,0x00000000,
    0x00000000,0x01000000,0x00000000,0x02FFFF7F,0xD4060C0E,0xFF9B624D,0xFDF19471,0xFED08163,0xFF221C1A,0x2C050B0B,0x2D050B0B,0xFE231D1A,0xFED08163,0xFDED926F,0xFF9C634D,0xD6090E0F,0xD6090E0F,0xFF9C634D,0xFDED926F,0xFED08163,0xFE231D1A,0x2D050B0B,0x2C050B0B,0xFF221C1A,0xFED08163,0xFDF19471,0xFF9B624D,0xD4060C0E,0x02FFFF7F,0x00000000,0x01000000,0x00000000,
    0x00000000,0x01000000,0x00000000,0x02FFFF7F,0xD4060C0E,0xFF9B624D,0xFDF19471,0xFED08163,0xFF221C1A,0x2C050B0B,0x2C050B0B,0xFF221C1A,0xFED08163,0xFDF19471,0xFF9B624D,0xD6090E0F,0xD6090E0F,0xFF9B624D,0xFDF19471,0xFED08163,0xFF221C1A,0x2C050B0B,0x2C050B0B,0xFF221C1A,0xFED08163,0xFDF19471,0xFF9B624D,0xD4060C0E,0x02FFFF7F,0x00000000,0x01000000,0x00000000,
    0x00000000,0x01000000,0x00000000,0x02FFFF7F,0xD4060C0E,0xFF9B624D,0xFDF19471,0xFED08163,0xFF221C1A,0x2C050B0B,0x2C050B0B,0xFF221C1A,0xFED08163,0xFDF19471,0xFF9B624D,0xD6090E0F,0xD6090E0F,0xFF9B624D,0xFDF19471,0xFED08163,0xFF221C1A,0x2C050B0B,0x2C050B0B,0xFF221C1A,0xFED08163,0xFDF19471,0xFF9B624D,0xD4060C0E,0x02FFFF7F,0x00000000,0x01000000,0x00000000,
    0x00000000,0x01000000,0x00000000,0x02FFFF7F,0xD4060C0E,0xFF9B624D,0xFDF19471,0xFED08163,0xFF221C1A,0x2C050B0B,0x2C050B0B,0xFF221C1A,0xFED08163,0xFDF19471,0xFF9B624D,0xD6090E0F,0xD6090E0F,0xFF9B624D,0xFDF19471,0xFED08163,0xFF221C1A,0x2C050B0B,0x2C050B0B,0xFF221C1A,0xFED08163,0xFDF19471,0xFF9B624D,0xD4060C0E,0x02FFFF7F,0x00000000,0x01000000,0x00000000,
    0x00000000,0x01000000,0x00000000,0x02FFFF7F,0xD4060C0E,0xFF9B624D,0xFDF19471,0xFED08163,0xFF221C1A,0x2C050B0B,0x2C050B0B,0xFF221C1A,0xFED08163,0xFDF19471,0xFF9B624D,0xD6090E0F,0xD6090E0F,0xFF9B624D,0xFDF19471,0xFED08163,0xFF221C1A,0x2C050B0B,0x2C050B0B,0xFF221C1A,0xFED08163,0xFDF19471,0xFF9B624D,0xD4060C0E,0x02FFFF7F,0x00000000,0x01000000,0x00000000,
    0x00000000,0x01000000,0x00000000,0x02FFFF7F,0xD4060C0E,0xFF9B624D,0xFDF19471,0xFED08163,0xFF221C1A,0x2C050B0B,0x2C050B0B,0xFF221C1A,0xFED08163,0xFDF19471,0xFF9B624D,0xD6090E0F,0xD6090E0F,0xFF9B624D,0xFDF19471,0xFED08163,0xFF221C1A,0x2C050B0B,0x2C050B0B,0xFF221C1A,0xFED08163,0xFDF19471,0xFF9B624D,0xD4060C0E,0x02FFFF7F,0x00000000,0x01000000,0x00000000,
    0x00000000,0x01000000,0x00000000,0x02FFFF7F,0xD4060C0E,0xFF9B624D,0xFDF19471,0xFED08163,0xFF221C1A,0x2C050B0B,0x2C050B0B,0xFE221C1A,0xFECF8062,0xFDEF9370,0xFF9A614D,0xD5090E0F,0xD5090E0F,0xFF9A614D,0xFDEF9370,0xFECF8062,0xFE221C1A,0x2C050B0B,0x2C050B0B,0xFF221C1A,0xFED08163,0xFDF19471,0xFF9B624D,0xD4060C0E,0x02FFFF7F,0x00000000,0x01000000,0x00000000,
    0x00000000,0x01000000,0x00000000,0x02FFFF7F,0xD4060C0E,0xFF9B624D,0xFDF19471,0xFED08163,0xFF221C1A,0x2C050B0B,0x2D050B0B,0xFF221C1A,0xFDD78566,0xFDF89874,0xFDA0654F,0xD8080E0F,0xD8080E0F,0xFDA0654F,0xFDF89874,0xFDD78566,0xFF221C1A,0x2D050B0B,0x2C050B0B,0xFF221C1A,0xFED08163,0xFDF19471,0xFF9B624D,0xD4060C0E,0x02FFFF7F,0x00000000,0x01000000,0x00000000,
    0x00000000,0x01000000,0x00000000,0x02FFFF7F,0xD4060C0E,0xFF9B624D,0xFDF19471,0xFED08163,0xFF221C1A,0x32050A0F,0x112D1E1E,0xFA0F1112,0xFF8E5B48,0xFADF8969,0xFF583C32,0xA8090D0F,0xA8090D0F,0xFF583C32,0xFADF8969,0xFF8E5B48,0xFA0F1112,0x112D1E1E,0x32050A0F,0xFF221C1A,0xFED08163,0xFDF19471,0xFF9B624D,0xD4060C0E,0x02FFFF7F,0x00000000,0x01000000,0x00000000,
    0x00000000,0x01000000,0x00000000,0x02FFFF7F,0xD4060C0E,0xFF9B624D,0xFDF19471,0xFED08163,0xFF221C1A,0x3D040C0C,0x00000000,0x67111113,0xF1101313,0xFF1D1918,0xD60D1011,0x23151515,0x23151515,0xD60D1011,0xFF1D1918,0xF1101313,0x68111113,0x00000000,0x3D040C0C,0xFF221C1A,0xFED08163,0xFDF19471,0xFF9B624D,0xD4060C0E,0x02FFFF7F,0x00000000,0x01000000,0x00000000,
    0x00000000,0x01000000,0x00000000,0x02FFFF7F,0xD4060C0E,0xFF9B624D,0xFDF19471,0xFED08163,0xFF241D1B,0x2E050B10,0x00000000,0x00000000,0x0E362424,0x290C1212,0x00020100,0x00000000,0x00000000,0x00020100,0x290C1212,0x0E362424,0x00000000,0x00000000,0x2E050B10,0xFF241D1B,0xFED08163,0xFDF19471,0xFF9B624D,0xD4060C0E,0x02FFFF7F,0x00000000,0x01000000,0x00000000,
    0x00000000,0x01000000,0x00000000,0x02FFFF7F,0xD4060C0E,0xFF9C624D,0xFDF09471,0xFED08163,0xFF1B1817,0x6400070C,0x3704090D,0x3C04080C,0x32050A0F,0x2C050B0B,0x3604090E,0x3904080D,0x3904080D,0x3604090E,0x2C050B0B,0x32050A0F,0x3C04080C,0x3704090D,0x6400070C,0xFF1B1817,0xFED08163,0xFDF09471,0xFF9B624D,0xD4060C0E,0x01FFFFFF,0x00000000,0x01000000,0x00000000,
    0x00000000,0x00000000,0x01000000,0x00020101,0xC8020A0C,0xFE8B5947,0xFCEE9270,0xFFE08A6A,0xFF654336,0xFF1A1817,0xFF231D1B,0xFF221C1A,0xFF221C1A,0xFF221C1A,0xFF221C1A,0xFF221C1A,0xFF221C1A,0xFF221C1A,0xFF221C1A,0xFF221C1A,0xFF221C1A,0xFF231D1B,0xFF1A1817,0xFF664336,0xFFE08A6A,0xFCEE9270,0xFE8B5947,0xC802080C,0x00030101,0x01000000,0x00000000,0x00000000,
    0x00000000,0x00000000,0x04000000,0x00010000,0x8701090D,0xFF443029,0xFAEC916F,0xFFE28B6B,0xFFE08A6A,0xFED08163,0xFED08163,0xFED08163,0xFED08163,0xFED08163,0xFED08163,0xFED08163,0xFED08163,0xFED08163,0xFED08163,0xFED08163,0xFED08163,0xFED08163,0xFED08163,0xFFE08A6A,0xFFE28B6B,0xFAEC916F,0xFF433029,0x8603090D,0x00010000,0x04000000,0x00000000,0x00000000,
    0x00000000,0x00000000,0x02000000,0x01000000,0x1A271D1D,0xEC090E0F,0xFF724B3C,0xFBED916F,0xFEEE9270,0xFEF09371,0xFEF19471,0xFEF19471,0xFEF19471,0xFEF19471,0xFEF19471,0xFEF19471,0xFEF19471,0xFEF19471,0xFEF19471,0xFEF19471,0xFEF19471,0xFEF19471,0xFEF09371,0xFEEE9270,0xFBEC916F,0xFF724B3C,0xEC090E0F,0x1A271D1D,0x01000000,0x02000000,0x00000000,0x00000000,
    0x00000000,0x00000000,0x00000000,0x02000000,0x00000000,0x3C191515,0xE3080E0F,0xFF422F28,0xFF895846,0xFF99614C,0xFF98614C,0xFF98614C,0xFF98614C,0xFF98614C,0xFF98614C,0xFF98614C,0xFF98614C,0xFF98614C,0xFF98614C,0xFF98614C,0xFF98614C,0xFF98614C,0xFF99614C,0xFF895846,0xFF422F28,0xE2090E0F,0x3C191515,0x00000000,0x02000000,0x00000000,0x00000000,0x00000000,
    0x00000000,0x00000000,0x00000000,0x00000000,0x02000000,0x00000000,0x1C241B1B,0x8E030A0C,0xD302090D,0xE3060C0E,0xE3060C0E,0xE3060C0E,0xE3060C0E,0xE3060C0E,0xE3060C0E,0xE3060C0E,0xE3060C0E,0xE3060C0E,0xE3060C0E,0xE3060C0E,0xE3060C0E,0xE3060C0E,0xE3060C0E,0xD302090D,0x8D030A0C,0x1B251C1C,0x00000000,0x02000000,0x00000000,0x00000000,0x00000000,0x00000000,
};

static const uint32_t bits32_up[1024] = {
    0x00000000,0x00000000,0x00000000,0x00000000,0x00000000,0x00000000,0x00000000,0x00000000,0x00000000,0x00000000,0x00000000,0x00000000,0x00000000,0x00000000,0x00000000,0x00000000,0x00000000,0x00000000,0x00000000,0x00000000,0x00000000,0x00000000,0x00000000,0x00000000,0x00000000,0x00000000,0x00000000,0x00000000,0x00000000,0x00000000,0x00000000,0x00000000,
    0x00000000,0x00000000,0x00000000,0x00000000,0x00000000,0x00000000,0x00000000,0x00000000,0x00000000,0x00000000,0x00000000,0x00000000,0x00000000,0x00000000,0x00000000,0x01000000,0x01000000,0x00000000,0x00000000,0x00000000,0x00000000,0x00000000,0x00000000,0x00000000,0x00000000,0x00000000,0x00000000,0x00000000,0x00000000,0x00000000,0x00000000,0x00000000,
    0x00000000,0x00000000,0x00000000,0x00000000,0x00000000,0x00000000,0x00000000,0x00000000,0x00000000,0x00000000,0x00000000,0x00000000,0x00000000,0x00000000,0x03000000,0x00000000,0x00000000,0x03000000,0x00000000,0x00000000,0x00000000,0x00000000,0x00000000,0x00000000,0x00000000,0x00000000,0x00000000,0x00000000,0x00000000,0x00000000,0x00000000,0x00000000,
    0x00000000,0x00000000,0x00000000,0x00000000,0x00000000,0x00000000,0x00000000,0x00000000,0x00000000,0x00000000,0x00000000,0x00000000,0x00000000,0x02000000,0x00000000,0x00020203,0x00020203,0x00000000,0x02000000,0x00000000,0x00000000,0x00000000,0x00000000,0x00000000,0x00000000,0x00000000,0x00000000,0x00000000,0x00000000,0x00000000,0x00000000,0x00000000,
    0x00000000,0x00000000,0x00000000,0x00000000,0x00000000,0x00000000,0x00000000,0x00000000,0x00000000,0x00000000,0x00000000,0x00000000,0x03000000,0x00000001,0x65111111,0xD20C0804,0xD20C0804,0x65111111,0x00000001,0x03000000,0x00000000,0x00000000,0x00000000,0x00000000,0x00000000,0x00000000,0x00000000,0x00000000,0x00000000,0x00000000,0x00000000,0x00000000,
    0x00000000,0x00000000,0x00000000,0x00000000,0x00000000,0x00000000,0x00000000,0x00000000,0x00000000,0x00000000,0x00000000,0x04000000,0x00000101,0x6E100D0B,0xFF151616,0xFF5D7692,0xFF5E7692,0xFF161616,0x6F100D0B,0x00010101,0x04000000,0x00000000,0x00000000,0x00000000,0x00000000,0x00000000,0x00000000,0x00000000,0x00000000,0x00000000,0x00000000,0x00000000,
    0x00000000,0x00000000,0x00000000,0x00000000,0x00000000,0x00000000,0x00000000,0x00000000,0x00000000,0x00000000,0x04000000,0x00000101,0x6D12100E,0xFF121110,0xFB6987A8,0xFC9BC8FD,0xFC9AC8FD,0xFB6A87A9,0xFF121211,0x6E10100D,0x00000101,0x04000000,0x00000000,0x00000000,0x00000000,0x00000000,0x00000000,0x00000000,0x00000000,0x00000000,0x00000000,0x00000000,
    0x00000000,0x00000000,0x00000000,0x00000000,0x00000000,0x00000000,0x00000000,0x00000000,0x00000000,0x04000000,0x00000101,0x6C10100E,0xFF121110,0xFC6A86A7,0xFE98C4F7,0xFF8CB4E3,0xFF8CB4E3,0xFE98C4F7,0xFC6A86A8,0xFF121211,0x6E10100D,0x00000101,0x04000000,0x00000000,0x00000000,0x00000000,0x00000000,0x00000000,0x00000000,0x00000000,0x00000000,0x00000000,
    0x00000000,0x00000000,0x00000000,0x00000000,0x00000000,0x00000000,0x00000000,0x00000000,0x04000000,0x00000101,0x6D10100E,0xFF121110,0xFC6A86A7,0xFE97C3F6,0xFF8DB5E4,0xFF8FB8E8,0xFF8FB8E8,0xFF8DB5E4,0xFE97C3F6,0xFC6A86A8,0xFF121211,0x6E10100D,0x00000101,0x04000000,0x00000000,0x00000000,0x00000000,0x00000000,0x00000000,0x00000000,0x00000000,0x00000000,
    0x00000000,0x00000000,0x00000000,0x00000000,0x00000000,0x00000000,0x00000000,0x04000000,0x00000101,0x6C10100E,0xFF121110,0xFC6A86A7,0xFE97C2F5,0xFF90B9E9,0xFF90B9E9,0xFF8EB7E7,0xFF8EB7E7,0xFF90B9E9,0xFF8FB9E9,0xFE97C2F5,0xFC6A87AA,0xFF121211,0x6E10100D,0x00000101,0x04000000,0x00000000,0x00000000,0x00000000,0x00000000,0x00000000,0x00000000,0x00000000,
    0x00000000,0x00000000,0x00000000,0x00000000,0x00000000,0x00000000,0x04000000,0x00000101,0x6C10100E,0xFF121110,0xFC6A86A7,0xFE96C2F4,0xFF93BDEF,0xFE7EA1CA,0xFF51657D,0xFF92BCED,0xFF92BCED,0xFF51657D,0xFE7DA1C9,0xFF93BEEF,0xFE96C1F4,0xFC6A87AA,0xFF121211,0x6E10100D,0x00000101,0x04000000,0x00000000,0x00000000,0x00000000,0x00000000,0x00000000,0x00000000,
    0x00000000,0x00000000,0x00000000,0x00000000,0x00000000,0x04000000,0x00000101,0x6C10100E,0xFF121110,0xFC6A86A7,0xFE96C2F4,0xFF91BBEC,0xFD88AFDC,0xFF1E2228,0xFF36424F,0xFF96C1F3,0xFF96C1F3,0xFF36424F,0xFF1E2127,0xFD88AEDB,0xFF91BBEC,0xFE96C1F4,0xFC6A87AA,0xFF121211,0x6E10100D,0x00000101,0x04000000,0x00000000,0x00000000,0x00000000,0x00000000,0x00000000,
    0x00000000,0x00000000,0x00000000,0x00000000,0x03000000,0x00000101,0x6C10100E,0xFF121110,0xFC6A86A7,0xFE96C2F4,0xFF91BBEC,0xFD87ADD9,0xFF282F36,0xF8050100,0xFF404E5F,0xFF94BFF1,0xFF94BFF1,0xFF404E5F,0xF7050100,0xFF272E35,0xFD86ACD8,0xFF91BBEC,0xFE96C1F4,0xFC6A87AA,0xFF121211,0x6E10100D,0x00000101,0x03000000,0x00000000,0x00000000,0x00000000,0x00000000,
    0x00000000,0x00000000,0x00000000,0x02000000,0x00000001,0x6C100E0B,0xFF121111,0xFC6A86A7,0xFE96C2F4,0xFF91BBEC,0xFA88AEDC,0xFF272E35,0xA00C0906,0x8D0A0705,0xFF3F4C5C,0xFC95C1F3,0xFC95C1F3,0xFF3F4C5C,0x8C0A0705,0x9F0C0906,0xFF272D34,0xFA87AEDB,0xFF91BBEC,0xFE96C1F4,0xFC6A87AA,0xFF121211,0x6E100D0B,0x00000001,0x02000000,0x00000000,0x00000000,0x00000000,
    0x00000000,0x00000000,0x03000000,0x00000000,0x58111111,0xFF141414,0xFC6985A6,0xFE96C2F4,0xFF91BBEC,0xFA88AEDC,0xFF272D34,0xB70B0804,0x00030405,0x82050000,0xFF3F4D5D,0xFB96C2F4,0xFB96C2F4,0xFF3F4D5D,0x82050000,0x00030405,0xB60B0804,0xFF272D33,0xFA87AEDB,0xFF91BBEC,0xFE96C1F4,0xFC6986A7,0xFF141414,0x58111111,0x00000000,0x03000000,0x00000000,0x00000000,
    0x00000000,0x00000000,0x01000000,0x00020203,0xCC0B0703,0xFE586E88,0xFC99C7FA,0xFF91BBEC,0xFA87AEDB,0xFF272D33,0xB30B0804,0x076D6D91,0x00000001,0x8A050100,0xFF3F4D5D,0xFB96C2F4,0xFB96C2F4,0xFF3F4D5D,0x8A050100,0x00000001,0x076D6D91,0xB20B0804,0xFF272D33,0xFA87AEDB,0xFF91BBEC,0xFC99C7FA,0xFE586E88,0xCC0B0703,0x00020203,0x01000000,0x00000000,0x00000000,
    0x00000000,0x00000000,0x01000000,0x00020203,0xCC0B0703,0xFE556B84,0xF8A1CFFF,0xFA84A9D5,0xFF272D34,0xB20B0804,0x059999CC,0x03000000,0x0100FFFF,0x88050100,0xFF3F4D5D,0xFB96C2F4,0xFB96C2F4,0xFF3F4D5D,0x88050100,0x0100FFFF,0x03000000,0x059999CC,0xB20B0804,0xFF272D34,0xFA84A9D5,0xF8A1CFFF,0xFF556B84,0xCC0B0703,0x00020203,0x01000000,0x00000000,0x00000000,
    0x00000000,0x00000000,0x03000000,0x00000000,0x5811110E,0xFF161717,0xFF3B4857,0xFF22262B,0xB00B0805,0x06557FAA,0x01000000,0x06000000,0x00000101,0x88050100,0xFF3F4D5D,0xFB96C2F4,0xFB96C2F4,0xFF3F4D5D,0x88050100,0x00000101,0x06000000,0x01000000,0x056699CC,0xB00B0805,0xFF22262B,0xFF3B4857,0xFF161717,0x5811110E,0x00000000,0x03000000,0x00000000,0x00000000,
    0x00000000,0x00000000,0x00000000,0x01000000,0x00000000,0x3D101010,0x83050100,0x5E0D0A08,0x027FFFFF,0x00000000,0x02000000,0x04000000,0x00000101,0x88050100,0xFF3F4D5D,0xFB96C2F4,0xFB96C2F4,0xFF3F4D5D,0x88050100,0x00000101,0x04000000,0x02000000,0x00000000,0x027FFFFF,0x5E0D0A08,0x83050100,0x3D101010,0x00000000,0x01000000,0x00000000,0x00000000,0x00000000,
    0x00000000,0x00000000,0x00000000,0x00000000,0x01000000,0x00000000,0x00000101,0x00000000,0x00000000,0x01000000,0x00000000,0x04000000,0x00000101,0x88050100,0xFF3F4D5D,0xFB96C2F4,0xFB96C2F4,0xFF3F4D5D,0x88050100,0x00000101,0x04000000,0x00000000,0x01000000,0x00000000,0x00000000,0x00000101,0x00000000,0x01000000,0x00000000,0x00000000,0x00000000,0x00000000,
    0x00000000,0x00000000,0x00000000,0x00000000,0x00000000,0x03000000,0x04000000,0x04000000,0x01000000,0x00000000,0x00000000,0x04000000,0x00000101,0x88050100,0xFF3F4D5D,0xFB96C2F4,0xFB96C2F4,0xFF3F4D5D,0x88050100,0x00000101,0x04000000,0x00000000,0x00000000,0x01000000,0x04000000,0x04000000,0x03000000,0x00000000,0x00000000,0x00000000,0x00000000,0x00000000,
    0x00000000,0x00000000,0x00000000,0x00000000,0x00000000,0x00000000,0x00000000,0x00000000,0x00000000,0x00000000,0x00000000,0x04000000,0x00000101,0x88050100,0xFF3F4D5D,0xFB96C2F4,0xFB96C2F4,0xFF3F4D5D,0x88050100,0x00000101,0x04000000,0x00000000,0x00000000,0x00000000,0x00000000,0x00000000,0x00000000,0x00000000,0x00000000,0x00000000,0x00000000,0x00000000,
    0x00000000,0x00000000,0x00000000,0x00000000,0x00000000,0x00000000,0x00000000,0x00000000,0x00000000,0x00000000,0x00000000,0x04000000,0x00000101,0x88050100,0xFF3F4D5D,0xFB96C2F4,0xFB96C2F4,0xFF3F4D5D,0x88050100,0x00000101,0x04000000,0x00000000,0x00000000,0x00000000,0x00000000,0x00000000,0x00000000,0x00000000,0x00000000,0x00000000,0x00000000,0x00000000,
    0x00000000,0x00000000,0x00000000,0x00000000,0x00000000,0x00000000,0x00000000,0x00000000,0x00000000,0x00000000,0x00000000,0x04000000,0x00000101,0x88050100,0xFF3F4D5D,0xFB96C2F4,0xFB96C2F4,0xFF3F4D5D,0x88050100,0x00000101,0x04000000,0x00000000,0x00000000,0x00000000,0x00000000,0x00000000,0x00000000,0x00000000,0x00000000,0x00000000,0x00000000,0x00000000,
    0x00000000,0x00000000,0x00000000,0x00000000,0x00000000,0x00000000,0x00000000,0x00000000,0x00000000,0x00000000,0x00000000,0x04000000,0x00000101,0x88050100,0xFF404E5F,0xFB95C0F2,0xFB95C0F2,0xFF404E5F,0x88050100,0x00000101,0x04000000,0x00000000,0x00000000,0x00000000,0x00000000,0x00000000,0x00000000,0x00000000,0x00000000,0x00000000,0x00000000,0x00000000,
    0x00000000,0x00000000,0x00000000,0x00000000,0x00000000,0x00000000,0x00000000,0x00000000,0x00000000,0x00000000,0x00000000,0x04000000,0x00000101,0x86070300,0xFE3A4654,0xF89ECCFF,0xF89ECCFF,0xFE3A4654,0x86050100,0x00000101,0x04000000,0x00000000,0x00000000,0x00000000,0x00000000,0x00000000,0x00000000,0x00000000,0x00000000,0x00000000,0x00000000,0x00000000,
    0x00000000,0x00000000,0x00000000,0x00000000,0x00000000,0x00000000,0x00000000,0x00000000,0x00000000,0x00000000,0x00000000,0x02000000,0x00000000,0x3E10100C,0xFF161718,0xFF576C86,0xFF576C86,0xFF161718,0x3E10100C,0x00000000,0x02000000,0x00000000,0x00000000,0x00000000,0x00000000,0x00000000,0x00000000,0x00000000,0x00000000,0x00000000,0x00000000,0x00000000,
    0x00000000,0x00000000,0x00000000,0x00000000,0x00000000,0x00000000,0x00000000,0x00000000,0x00000000,0x00000000,0x00000000,0x00000000,0x02000000,0x00000000,0x5911110E,0xC80B0703,0xC80B0703,0x5911110E,0x00000000,0x02000000,0x00000000,0x00000000,0x00000000,0x00000000,0x00000000,0x00000000,0x00000000,0x00000000,0x00000000,0x00000000,0x00000000,0x00000000,
    0x00000000,0x00000000,0x00000000,0x00000000,0x00000000,0x00000000,0x00000000,0x00000000,0x00000000,0x00000000,0x00000000,0x00000000,0x00000000,0x01000000,0x00000000,0x00010202,0x00010202,0x00000000,0x01000000,0x00000000,0x00000000,0x00000000,0x00000000,0x00000000,0x00000000,0x00000000,0x00000000,0x00000000,0x00000000,0x00000000,0x00000000,0x00000000,
    0x00000000,0x00000000,0x00000000,0x00000000,0x00000000,0x00000000,0x00000000,0x00000000,0x00000000,0x00000000,0x00000000,0x00000000,0x00000000,0x00000000,0x03000000,0x01000000,0x01000000,0x03000000,0x00000000,0x00000000,0x00000000,0x00000000,0x00000000,0x00000000,0x00000000,0x00000000,0x00000000,0x00000000,0x00000000,0x00000000,0x00000000,0x00000000,
    0x00000000,0x00000000,0x00000000,0x00000000,0x00000000,0x00000000,0x00000000,0x00000000,0x00000000,0x00000000,0x00000000,0x00000000,0x00000000,0x00000000,0x00000000,0x00000000,0x00000000,0x00000000,0x00000000,0x00000000,0x00000000,0x00000000,0x00000000,0x00000000,0x00000000,0x00000000,0x00000000,0x00000000,0x00000000,0x00000000,0x00000000,0x00000000,
    0x00000000,0x00000000,0x00000000,0x00000000,0x00000000,0x00000000,0x00000000,0x00000000,0x00000000,0x00000000,0x00000000,0x00000000,0x00000000,0x00000000,0x00000000,0x00000000,0x00000000,0x00000000,0x00000000,0x00000000,0x00000000,0x00000000,0x00000000,0x00000000,0x00000000,0x00000000,0x00000000,0x00000000,0x00000000,0x00000000,0x00000000,0x00000000,
};

static const uint32_t bits32_back[1024] = {
    0x00000000,0x00000000,0x00000000,0x00000000,0x00000000,0x00000000,0x00000000,0x00000000,0x00000000,0x00000000,0x00000000,0x00000000,0x00000000,0x00000000,0x00000000,0x00000000,0x00000000,0x00000000,0x00000000,0x00000000,0x00000000,0x00000000,0x00000000,0x00000000,0x00000000,0x00000000,0x00000000,0x00000000,0x00000000,0x00000000,0x00000000,0x00000000,
    0x00000000,0x00000000,0x00000000,0x00000000,0x00000000,0x00000000,0x00000000,0x00000000,0x00000000,0x00000000,0x00000000,0x00000000,0x00000000,0x00000000,0x00000000,0x00000000,0x00000000,0x00000000,0x00000000,0x00000000,0x00000000,0x00000000,0x00000000,0x00000000,0x00000000,0x00000000,0x00000000,0x00000000,0x00000000,0x00000000,0x00000000,0x00000000,
    0x00000000,0x00000000,0x00000000,0x00000000,0x00000000,0x00000000,0x00000000,0x00000000,0x00000000,0x00000000,0x00000000,0x00000000,0x00000000,0x00000000,0x03000000,0x01000000,0x01000000,0x03000000,0x00000000,0x00000000,0x00000000,0x00000000,0x00000000,0x00000000,0x00000000,0x00000000,0x00000000,0x00000000,0x00000000,0x00000000,0x00000000,0x00000000,
    0x00000000,0x00000000,0x00000000,0x00000000,0x00000000,0x00000000,0x00000000,0x00000000,0x00000000,0x00000000,0x00000000,0x00000000,0x00000000,0x02000000,0x00000000,0x00010203,0x00010202,0x00000000,0x01000000,0x00000000,0x00000000,0x00000000,0x00000000,0x00000000,0x00000000,0x00000000,0x00000000,0x00000000,0x00000000,0x00000000,0x00000000,0x00000000,
    0x00000000,0x00000000,0x00000000,0x00000000,0x00000000,0x00000000,0x00000000,0x00000000,0x00000000,0x00000000,0x00000000,0x00000000,0x04000000,0x00000001,0x5A131111,0xC80A0703,0xC80B0703,0x59110E0E,0x00000000,0x02000000,0x00000000,0x00000000,0x00000000,0x00000000,0x00000000,0x00000000,0x00000000,0x00000000,0x00000000,0x00000000,0x00000000,0x00000000,
    0x00000000,0x00000000,0x00000000,0x00000000,0x00000000,0x00000000,0x00000000,0x00000000,0x00000000,0x00000000,0x00000000,0x04000000,0x00000101,0x6D100E0B,0xFF141413,0xFF586E88,0xFF566B84,0xFF161718,0x3D101010,0x00000000,0x02000000,0x00000000,0x00000000,0x00000000,0x00000000,0x00000000,0x00000000,0x00000000,0x00000000,0x00000000,0x00000000,0x00000000,
    0x00000000,0x00000000,0x00000000,0x00000000,0x00000000,0x00000000,0x00000000,0x00000000,0x00000000,0x00000000,0x04000000,0x00000101,0x6D10100E,0xFF121111,0xFC6985A6,0xFC9AC7FB,0xF8A1CFFF,0xFC3B4857,0x89050100,0x00000101,0x04000000,0x00000000,0x00000000,0x00000000,0x00000000,0x00000000,0x00000000,0x00000000,0x00000000,0x00000000,0x00000000,0x00000000,
    0x00000000,0x00000000,0x00000000,0x00000000,0x00000000,0x00000000,0x00000000,0x00000000,0x00000000,0x04000000,0x00000101,0x6D10100E,0xFF121110,0xFC6A86A7,0xFE96C1F4,0xFF91BBEC,0xFA84AAD6,0xFF22262B,0x5F0D0A08,0x00000000,0x04000000,0x00000000,0x00000000,0x00000000,0x00000000,0x00000000,0x00000000,0x00000000,0x00000000,0x00000000,0x00000000,0x00000000,
    0x00000000,0x00000000,0x00000000,0x00000000,0x00000000,0x00000000,0x00000000,0x00000000,0x04000000,0x00000101,0x6D10100E,0xFF121110,0xFC6A86A7,0xFE96C2F4,0xFF91BBEC,0xFA88AEDC,0xFF282D34,0xB10B0805,0x05666699,0x02000000,0x01000000,0x00000000,0x00000000,0x00000000,0x00000000,0x00000000,0x00000000,0x00000000,0x00000000,0x00000000,0x00000000,0x00000000,
    0x00000000,0x00000000,0x00000000,0x00000000,0x00000000,0x00000000,0x00000000,0x04000000,0x00000101,0x6C10100E,0xFF121110,0xFC6A86A7,0xFE96C2F4,0xFF91BBEC,0xFA88AEDC,0xFF272D34,0xB20A0704,0x05669999,0x00000000,0x01000000,0x00000000,0x00000000,0x00000000,0x00000000,0x00000000,0x00000000,0x00000000,0x00000000,0x00000000,0x00000000,0x00000000,0x00000000,
    0x00000000,0x00000000,0x00000000,0x00000000,0x00000000,0x00000000,0x04000000,0x00000101,0x6C10100E,0xFF121110,0xFC6A86A7,0xFE96C2F4,0xFF91BBEC,0xFB88ADDB,0xFF272D34,0xB3090804,0x059999CC,0x01000000,0x02000000,0x00000000,0x00000000,0x00000000,0x00000000,0x00000000,0x00000000,0x00000000,0x00000000,0x00000000,0x00000000,0x00000000,0x00000000,0x00000000,
    0x00000000,0x00000000,0x00000000,0x00000000,0x00000000,0x04000000,0x00000101,0x6C10100E,0xFF121110,0xFC6A86A7,0xFE96C2F4,0xFF91BBEC,0xFD87ADD9,0xFF282E34,0xB70B0804,0x09557171,0x05000000,0x06000000,0x04000000,0x04000000,0x04000000,0x04000000,0x04000000,0x04000000,0x04000000,0x04000000,0x03000000,0x00000000,0x00000000,0x00000000,0x00000000,0x00000000,
    0x00000000,0x00000000,0x00000000,0x00000000,0x03000000,0x00000101,0x6C10100E,0xFF121110,0xFC6A86A7,0xFE97C2F5,0xFF93BEEF,0xFD89AFDC,0xFD282F36,0xA00C0906,0x00030406,0x00000001,0x00000102,0x00000101,0x00000101,0x00000101,0x00000101,0x00000101,0x00000101,0x00000101,0x00000102,0x00000101,0x00000000,0x01000000,0x00000000,0x00000000,0x00000000,0x00000000,
    0x00000000,0x00000000,0x00000000,0x02000000,0x00000101,0x6F100D0B,0xFF121110,0xFC6A86A7,0xFE97C3F6,0xFF8FB9E9,0xFE7EA1CB,0xFF1F2226,0xF6050100,0x8D0A0703,0x86050000,0x8A050100,0x88050100,0x88050100,0x88050100,0x88050100,0x88050100,0x88050100,0x88050100,0x87050100,0x88050100,0x84070100,0x3E101010,0x00000000,0x01000000,0x00000000,0x00000000,0x00000000,
    0x00000000,0x00000000,0x03000000,0x00000000,0x63121212,0xFF151616,0xFB6987A8,0xFE98C4F7,0xFF8DB5E4,0xFF90B9E9,0xFF51657D,0xFF37424F,0xFF404E5F,0xFF3F4C5C,0xFF3F4D5D,0xFF3F4D5D,0xFF3F4D5D,0xFF3F4D5D,0xFF3F4D5D,0xFF3F4D5D,0xFF3F4D5D,0xFF3F4D5D,0xFF3F4D5D,0xFF3E4C5C,0xFF404E5E,0xFF3A4654,0xFF171718,0x5811110E,0x00000000,0x03000000,0x00000000,0x00000000,
    0x00000000,0x01000000,0x01000000,0x03AAAAFF,0xD70B0804,0xFD5D7693,0xFC9BC8FD,0xFF8CB4E3,0xFF8FB8E8,0xFF8EB7E7,0xFF92BCED,0xFF96C1F3,0xFF94BFF1,0xFC95C1F3,0xFB96C2F4,0xFB96C2F4,0xFB96C2F4,0xFB96C2F4,0xFB96C2F4,0xFB96C2F4,0xFB96C2F4,0xFB96C2F4,0xFB96C2F4,0xFB96C2F4,0xFB94C0F1,0xF89ECCFF,0xFE576C86,0xCC0B0703,0x00020203,0x01000000,0x00000000,0x00000000,
    0x00000000,0x01000000,0x01000000,0x03AAAAFF,0xD70B0804,0xFD5D7693,0xFC9BC8FD,0xFF8CB4E3,0xFF8FB8E8,0xFF8EB7E7,0xFF92BCED,0xFF96C1F3,0xFF94BFF1,0xFC95C1F3,0xFB96C2F4,0xFB96C2F4,0xFB96C2F4,0xFB96C2F4,0xFB96C2F4,0xFB96C2F4,0xFB96C2F4,0xFB96C2F4,0xFB96C2F4,0xFB96C2F4,0xFB94C0F1,0xF89ECCFF,0xFE576C86,0xCC0B0703,0x00020203,0x01000000,0x00000000,0x00000000,
    0x00000000,0x00000000,0x03000000,0x00000000,0x63121212,0xFF151616,0xFB6987A7,0xFE98C4F7,0xFF8DB5E4,0xFF90B9E9,0xFF51667D,0xFF37424F,0xFF404E5F,0xFF3F4C5C,0xFF3F4D5D,0xFF3F4D5D,0xFF3F4D5D,0xFF3F4D5D,0xFF3F4D5D,0xFF3F4D5D,0xFF3F4D5D,0xFF3F4D5D,0xFF3F4D5D,0xFF3E4C5C,0xFF404E5E,0xFF3A4654,0xFF171718,0x5811110E,0x00000000,0x03000000,0x00000000,0x00000000,
    0x00000000,0x00000000,0x00000000,0x02000000,0x00000101,0x6F100D0B,0xFF121110,0xFC6A85A6,0xFE97C3F6,0xFF8FB9E9,0xFE7EA1CB,0xFF1F2226,0xF6050100,0x8D0A0703,0x86050000,0x8A050100,0x88050100,0x88050100,0x88050100,0x88050100,0x88050100,0x88050100,0x88050100,0x87050100,0x88050100,0x84070100,0x3E101010,0x00000000,0x01000000,0x00000000,0x00000000,0x00000000,
    0x00000000,0x00000000,0x00000000,0x00000000,0x03000000,0x00000101,0x6C101010,0xFF121110,0xFC6A86A7,0xFE97C2F5,0xFF93BEEF,0xFD89AFDC,0xFD282F36,0xA00C0906,0x00030406,0x00000001,0x00000102,0x00000101,0x00000101,0x00000101,0x00000101,0x00000101,0x00000101,0x00000101,0x00000102,0x00000101,0x00000000,0x01000000,0x00000000,0x00000000,0x00000000,0x00000000,
    0x00000000,0x00000000,0x00000000,0x00000000,0x00000000,0x04000000,0x00000101,0x6C10100E,0xFF121110,0xFC6A86A7,0xFE96C2F4,0xFF91BBEC,0xFD87ADD9,0xFF282E34,0xB70B0804,0x09557171,0x05000000,0x06000000,0x04000000,0x04000000,0x04000000,0x04000000,0x04000000,0x04000000,0x04000000,0x04000000,0x03000000,0x00000000,0x00000000,0x00000000,0x00000000,0x00000000,
    0x00000000,0x00000000,0x00000000,0x00000000,0x00000000,0x00000000,0x04000000,0x00000101,0x6C10100E,0xFF121110,0xFC6A86A7,0xFE96C2F4,0xFF91BBEC,0xFB88AEDB,0xFF272E34,0xB3090804,0x059999CC,0x01000000,0x02000000,0x00000000,0x00000000,0x00000000,0x00000000,0x00000000,0x00000000,0x00000000,0x00000000,0x00000000,0x00000000,0x00000000,0x00000000,0x00000000,
    0x00000000,0x00000000,0x00000000,0x00000000,0x00000000,0x00000000,0x00000000,0x04000000,0x00000101,0x6C10100E,0xFF121110,0xFC6A86A7,0xFE96C2F4,0xFF91BBEC,0xFA88AFDC,0xFF272E34,0xB20A0704,0x05669999,0x00000000,0x01000000,0x00000000,0x00000000,0x00000000,0x00000000,0x00000000,0x00000000,0x00000000,0x00000000,0x00000000,0x00000000,0x00000000,0x00000000,
    0x00000000,0x00000000,0x00000000,0x00000000,0x00000000,0x00000000,0x00000000,0x00000000,0x04000000,0x00000101,0x6D10100E,0xFF121110,0xFC6A86A7,0xFE96C2F4,0xFF91BBEC,0xFA88AFDC,0xFF282E35,0xB10B0805,0x05666699,0x02000000,0x01000000,0x00000000,0x00000000,0x00000000,0x00000000,0x00000000,0x00000000,0x00000000,0x00000000,0x00000000,0x00000000,0x00000000,
    0x00000000,0x00000000,0x00000000,0x00000000,0x00000000,0x00000000,0x00000000,0x00000000,0x00000000,0x04000000,0x00000101,0x6D10100E,0xFF121110,0xFC6A86A7,0xFE96C1F4,0xFF91BBEC,0xFA84AAD6,0xFF22262B,0x5F0D0A08,0x00000000,0x04000000,0x00000000,0x00000000,0x00000000,0x00000000,0x00000000,0x00000000,0x00000000,0x00000000,0x00000000,0x00000000,0x00000000,
    0x00000000,0x00000000,0x00000000,0x00000000,0x00000000,0x00000000,0x00000000,0x00000000,0x00000000,0x00000000,0x04000000,0x00000101,0x6D10100E,0xFF121111,0xFC6985A6,0xFC9AC7FB,0xF8A1CFFF,0xFC3B4857,0x89050100,0x00000101,0x04000000,0x00000000,0x00000000,0x00000000,0x00000000,0x00000000,0x00000000,0x00000000,0x00000000,0x00000000,0x00000000,0x00000000,
    0x00000000,0x00000000,0x00000000,0x00000000,0x00000000,0x00000000,0x00000000,0x00000000,0x00000000,0x00000000,0x00000000,0x04000000,0x00000101,0x6D100E0B,0xFF141413,0xFF586E88,0xFF566B84,0xFF161718,0x3D101010,0x00000000,0x02000000,0x00000000,0x00000000,0x00000000,0x00000000,0x00000000,0x00000000,0x00000000,0x00000000,0x00000000,0x00000000,0x00000000,
    0x00000000,0x00000000,0x00000000,0x00000000,0x00000000,0x00000000,0x00000000,0x00000000,0x00000000,0x00000000,0x00000000,0x00000000,0x04000000,0x00000001,0x5A131111,0xC80A0703,0xC80B0703,0x59110E0E,0x00000000,0x02000000,0x00000000,0x00000000,0x00000000,0x00000000,0x00000000,0x00000000,0x00000000,0x00000000,0x00000000,0x00000000,0x00000000,0x00000000,
    0x00000000,0x00000000,0x00000000,0x00000000,0x00000000,0x00000000,0x00000000,0x00000000,0x00000000,0x00000000,0x00000000,0x00000000,0x00000000,0x02000000,0x00000000,0x00010203,0x00010202,0x00000000,0x01000000,0x00000000,0x00000000,0x00000000,0x00000000,0x00000000,0x00000000,0x00000000,0x00000000,0x00000000,0x00000000,0x00000000,0x00000000,0x00000000,
    0x00000000,0x00000000,0x00000000,0x00000000,0x00000000,0x00000000,0x00000000,0x00000000,0x00000000,0x00000000,0x00000000,0x00000000,0x00000000,0x00000000,0x03000000,0x01000000,0x01000000,0x03000000,0x00000000,0x00000000,0x00000000,0x00000000,0x00000000,0x00000000,0x00000000,0x00000000,0x00000000,0x00000000,0x00000000,0x00000000,0x00000000,0x00000000,
    0x00000000,0x00000000,0x00000000,0x00000000,0x00000000,0x00000000,0x00000000,0x00000000,0x00000000,0x00000000,0x00000000,0x00000000,0x00000000,0x00000000,0x00000000,0x00000000,0x00000000,0x00000000,0x00000000,0x00000000,0x00000000,0x00000000,0x00000000,0x00000000,0x00000000,0x00000000,0x00000000,0x00000000,0x00000000,0x00000000,0x00000000,0x00000000,
    0x00000000,0x00000000,0x00000000,0x00000000,0x00000000,0x00000000,0x00000000,0x00000000,0x00000000,0x00000000,0x00000000,0x00000000,0x00000000,0x00000000,0x00000000,0x00000000,0x00000000,0x00000000,0x00000000,0x00000000,0x00000000,0x00000000,0x00000000,0x00000000,0x00000000,0x00000000,0x00000000,0x00000000,0x00000000,0x00000000,0x00000000,0x00000000,
};

static const uint32_t bits32_home[1024] = {
    0x00000000,0x00000000,0x00000000,0x00000000,0x00000000,0x00000000,0x00000000,0x00000000,0x00000000,0x00000000,0x01000000,0x02000000,0x00000001,0x43131313,0xAD070400,0xDC0B0804,0xDC0B0804,0xAD070400,0x43131313,0x00000001,0x02000000,0x01000000,0x00000000,0x00000000,0x00000000,0x00000000,0x00000000,0x00000000,0x00000000,0x00000000,0x00000000,0x00000000,
    0x00000000,0x00000000,0x00000000,0x00000000,0x00000000,0x00000000,0x00000000,0x00000000,0x00000000,0x02000000,0x01000000,0x00010203,0x800D0B09,0xFC131312,0xFF425162,0xFF617B99,0xFF617B99,0xFF425162,0xFC131312,0x810D0B09,0x00010203,0x01000000,0x02000000,0x00000000,0x00000000,0x00000000,0x00000000,0x00000000,0x00000000,0x00000000,0x00000000,0x00000000,
    0x00000000,0x00000000,0x00000000,0x00000000,0x00000000,0x00000000,0x00000000,0x00000000,0x03000000,0x00000000,0x067FAAAA,0xA20B0906,0xFF1C1F21,0xFE708FB3,0xFC99C6F9,0xFE97C3F7,0xFE97C3F7,0xFC98C5F9,0xFE708FB3,0xFF1D1F22,0xA40A0904,0x076D9191,0x00000000,0x03000000,0x00000000,0x00000000,0x00000000,0x00000000,0x00000000,0x00000000,0x00000000,0x00000000,
    0x00000000,0x00000000,0x00000000,0x00000000,0x00000000,0x00000000,0x00000000,0x04000000,0x00000000,0x162E3945,0xBF0A0602,0xFF272C33,0xFB81A4CF,0xFE95C0F2,0xFF92BCEC,0xFC8CB5E4,0xFC8CB5E4,0xFF92BCED,0xFE95C0F2,0xFB81A5D0,0xFF272D33,0xC00A0602,0x172C3742,0x00000000,0x04000000,0x00000000,0x00000000,0x00000000,0x00000000,0x00000000,0x00000000,0x00000000,
    0x00000000,0x00000000,0x00000000,0x00000000,0x00000000,0x00000000,0x04000000,0x00000000,0x2B1D2329,0xD8090502,0xFF343E4A,0xFB8BB2E1,0xFF92BCED,0xFE95C0F3,0xFD789BC2,0xFF272D34,0xFF272C34,0xFD779AC1,0xFE95C0F3,0xFF92BCED,0xFB8BB3E1,0xFF343F4B,0xDA090502,0x2C1C2228,0x00000000,0x04000000,0x00000000,0x00000000,0x00000000,0x00000000,0x00000000,0x00000000,
    0x00000000,0x00000000,0x00000000,0x00000000,0x00000000,0x04000000,0x00000000,0x45161919,0xEC0B0704,0xFF425264,0xFB92BCED,0xFF90B9EA,0xFE96C2F5,0xFD6B89AB,0xFF181919,0x8C0A0703,0x8A0B0703,0xFF171819,0xFD6A88A9,0xFE96C2F5,0xFF90B9EA,0xFB93BCEE,0xFF435365,0xED0A0804,0x47151919,0x00000000,0x04000000,0x01000000,0x00000000,0x00000000,0x00000000,0x00000000,
    0x00000000,0x00000000,0x00000000,0x01000000,0x03000000,0x00000101,0x63121212,0xFB0D0B09,0xFF526780,0xFC96C2F4,0xFF8FB8E8,0xFD97C2F5,0xFF5B738E,0xFF110F0E,0x740F0F0D,0x00010102,0x00010102,0x720F0F0D,0xFF100F0C,0xFF5A728D,0xFD97C2F5,0xFF8FB8E9,0xFC96C2F4,0xFF536982,0xFC0E0C09,0x6511110F,0x00000101,0x03000000,0x01000000,0x00000000,0x00000000,0x00000000,
    0x00000000,0x00000000,0x02000000,0x01000000,0x00010203,0x820D0B09,0xFF131312,0xFE637D9C,0xFD97C3F5,0xFF8FB9E9,0xFC93BFF1,0xFF4C5E73,0xF50C0906,0x54151215,0x00000101,0x04000000,0x04000000,0x00000001,0x52151515,0xF40B0906,0xFF4A5C71,0xFC94BFF0,0xFF90B9E9,0xFD97C3F5,0xFE647E9D,0xFF141313,0x850D0B09,0x00020203,0x01000000,0x02000000,0x00000000,0x00000000,
    0x00000000,0x01000000,0x00000000,0x06557FAA,0xA20B0906,0xFF1C1E20,0xFC7292B7,0xFE96C1F4,0xFF91BBEB,0xFB90B8E9,0xFF3B4958,0xE30A0602,0x391A1A1F,0x00000000,0x04000000,0x00000000,0x00000000,0x04000000,0x00000000,0x381B1B1F,0xE20A0602,0xFF3B4756,0xFB8FB7E7,0xFF91BBEB,0xFE96C1F4,0xFC7393B8,0xFF1C1E21,0xA30A0904,0x07486D91,0x00000000,0x01000000,0x00000000,
    0x01000000,0x02000000,0x0F333344,0xBE0C0905,0xFF262C33,0xFB81A4CF,0xFF94BFF1,0xFF93BDEF,0xFB86ACD9,0xFF2D353F,0xCC0A0602,0x2027272F,0x00000000,0x04000000,0x00000000,0x00000000,0x00000000,0x00000000,0x04000000,0x00000000,0x1F292931,0xCC0A0602,0xFF2C343D,0xFB86ABD8,0xFF93BDEF,0xFF94BFF1,0xFB81A5D0,0xFF272D34,0xBF0A0805,0x0F333344,0x02000000,0x01000000,
    0x03000000,0x00010102,0xAC0B0A05,0xFF2E363F,0xF98CB4E3,0xFF92BDEE,0xFE95C0F2,0xFB799CC5,0xFF21252A,0xB10A0702,0x0D3A4E62,0x00000000,0x03000000,0x00000000,0x00000000,0x00000000,0x00000000,0x00000000,0x00000000,0x03000000,0x00000000,0x0D3A4E62,0xB10B0704,0xFF212429,0xFB799CC4,0xFE95C0F2,0xFF92BCEE,0xF98CB5E4,0xFF2E363F,0xAB0B0A05,0x00010102,0x03000000,
    0x00000000,0x35130E0E,0xFF161717,0xFB7DA1CB,0xFF94C0F2,0xFF94BEF0,0xFF6B88AA,0xFF171819,0x920C0A06,0x01FFFFFF,0x00000000,0x04000000,0x04000000,0x04000000,0x04000000,0x04000000,0x04000000,0x04000000,0x04000000,0x04000000,0x04000000,0x00000000,0x01FFFFFF,0x920C0A06,0xFF171819,0xFF6B88AA,0xFF94BEF0,0xFF94C0F2,0xFC7DA0CA,0xFF161717,0x34130E0E,0x00000000,
    0x00000101,0x76060200,0xFE35404C,0xFB95C0F2,0xFF93BEEF,0xFD6682A2,0xF80E0C0A,0x730F0F0D,0x00010202,0x02000000,0x04000000,0x00000000,0x00000001,0x00000102,0x00000101,0x00000101,0x00000101,0x00000101,0x00000102,0x00000001,0x00000000,0x04000000,0x02000000,0x00010102,0x730F0F0D,0xF80E0C0A,0xFD6683A2,0xFF93BEEF,0xFB94C0F1,0xFE353F4C,0x75060200,0x00000101,
    0x00000102,0x87050100,0xFF3F4E5E,0xFB96C2F4,0xFB97C3F5,0xFF3C4857,0x95050100,0x00000202,0x05000000,0x03000000,0x00000000,0x1E191922,0x6E090400,0x86050100,0x88050100,0x88050100,0x88050100,0x87050100,0x86050100,0x6E090400,0x1E192222,0x00000000,0x03000000,0x05000000,0x00000202,0x96050100,0xFF3C4958,0xFB97C3F5,0xFB96C1F3,0xFF3F4E5E,0x86050100,0x00000102,
    0x00000102,0x86050100,0xFF3F4D5D,0xFB96C2F4,0xFB96C2F4,0xFF404E5E,0x85050101,0x02007F7F,0x07000000,0x00000000,0x51121212,0xF00F0E0C,0xFF2F3741,0xFF404E5F,0xFF3F4C5C,0xFF3F4D5D,0xFF3F4D5D,0xFF3F4C5C,0xFF404E5F,0xFF2F3741,0xEF100D0C,0x50131313,0x00000000,0x07000000,0x02007F7F,0x85050101,0xFF404E5E,0xFB96C2F4,0xFB96C2F4,0xFF3F4D5D,0x86050100,0x00000102,
    0x00000102,0x86050100,0xFF3F4D5D,0xFB96C2F4,0xFB96C2F4,0xFF3F4D5D,0x89050100,0x00000102,0x01000000,0x1F181820,0xF50F0E0C,0xFF576E87,0xFA97C3F6,0xFB96C2F4,0xFB96C1F3,0xFB96C2F4,0xFB96C2F4,0xFB96C1F3,0xFB96C2F4,0xFA97C3F6,0xFF576D87,0xF50F0D0C,0x1E191922,0x01000000,0x00000102,0x89050100,0xFF3F4D5D,0xFB96C2F4,0xFB96C2F4,0xFF3F4D5D,0x86050100,0x00000102,
    0x00000102,0x86050100,0xFF3F4D5D,0xFB96C2F4,0xFB96C2F4,0xFF3F4D5D,0x88050100,0x00010102,0x00000001,0x71060402,0xFF2F3841,0xFA96C3F6,0xFF8FB8E8,0xFF92BCED,0xFD96C0F3,0xFB96C2F4,0xFB96C2F4,0xFD96C0F3,0xFF92BCED,0xFF8FB8E8,0xFA96C2F6,0xFF2F3741,0x70060402,0x00000001,0x00010102,0x88050100,0xFF3F4D5D,0xFB96C2F4,0xFB96C2F4,0xFF3F4D5D,0x86050100,0x00000102,
    0x00000102,0x86050100,0xFF3F4D5D,0xFB96C2F4,0xFB96C2F4,0xFF3F4D5D,0x88050100,0x00010102,0x00010102,0x89050100,0xFE404E5F,0xFB96C2F4,0xFF91BBEC,0xFF59708B,0xFF394553,0xFF404E5F,0xFF404E5F,0xFF394553,0xFF59708B,0xFF91BBEC,0xFB96C2F4,0xFE404E5F,0x89050100,0x00010102,0x00010102,0x88050100,0xFF3F4D5D,0xFB96C2F4,0xFB96C2F4,0xFF3F4D5D,0x86050100,0x00000102,
    0x00000102,0x86050100,0xFF3F4D5D,0xFB96C2F4,0xFB96C2F4,0xFF3F4D5D,0x88050100,0x00010102,0x00010102,0x88050100,0xFF3F4D5D,0xFB96C2F4,0xFD95C1F3,0xFF394553,0xC7000000,0x85090300,0x85090300,0xC7000000,0xFF394553,0xFD95C1F3,0xFB96C2F4,0xFF3F4D5D,0x88050100,0x00010102,0x00010102,0x88050100,0xFF3F4D5D,0xFB96C2F4,0xFB96C2F4,0xFF3F4D5D,0x86050100,0x00000102,
    0x00000102,0x86050100,0xFF3F4D5D,0xFB96C2F4,0xFB96C2F4,0xFF3F4D5D,0x88050100,0x00010102,0x00010102,0x88050100,0xFF3F4D5D,0xFB96C2F4,0xFB96C2F4,0xFF404F5F,0x80070505,0x00010203,0x00010203,0x80070505,0xFF404F5F,0xFB96C2F4,0xFB96C2F4,0xFF3F4D5D,0x88050100,0x00010102,0x00010102,0x88050100,0xFF3F4D5D,0xFB96C2F4,0xFB96C2F4,0xFF3F4D5D,0x86050100,0x00000102,
    0x00000102,0x86050100,0xFF3F4D5D,0xFB96C2F4,0xFB96C2F4,0xFF3F4D5D,0x88050100,0x00010102,0x00010102,0x88050100,0xFF3F4D5D,0xFB96C2F4,0xFB96C2F4,0xFF3F4D5D,0x8A050100,0x043F3F7F,0x043F3F7F,0x8A050100,0xFF3F4D5D,0xFB96C2F4,0xFB96C2F4,0xFF3F4D5D,0x88050100,0x00010102,0x00010102,0x88050100,0xFF3F4D5D,0xFB96C2F4,0xFB96C2F4,0xFF3F4D5D,0x86050100,0x00000102,
    0x00000102,0x86050100,0xFF3F4D5D,0xFB96C2F4,0xFB96C2F4,0xFF3F4D5D,0x88050100,0x00010102,0x00010102,0x88050100,0xFF3F4D5D,0xFB96C2F4,0xFB96C2F4,0xFF3F4D5D,0x88050100,0x00010102,0x00010102,0x88050100,0xFF3F4D5D,0xFB96C2F4,0xFB96C2F4,0xFF3F4D5D,0x88050100,0x00010102,0x00010102,0x88050100,0xFF3F4D5D,0xFB96C2F4,0xFB96C2F4,0xFF3F4D5D,0x86050100,0x00000102,
    0x00000102,0x86050100,0xFF3F4D5D,0xFB96C2F4,0xFB96C2F4,0xFF3F4D5D,0x88050100,0x00010102,0x00010102,0x88050100,0xFF3F4D5D,0xFB96C2F4,0xFB96C2F4,0xFF3F4D5D,0x88050100,0x00010102,0x00010102,0x88050100,0xFF3F4D5D,0xFB96C2F4,0xFB96C2F4,0xFF3F4D5D,0x88050100,0x00010102,0x00010102,0x88050100,0xFF3F4D5D,0xFB96C2F4,0xFB96C2F4,0xFF3F4D5D,0x86050100,0x00000102,
    0x00000102,0x86050100,0xFF3F4D5D,0xFB96C2F4,0xFB96C2F4,0xFF3F4D5D,0x8A050100,0x043F3F7F,0x043F3F7F,0x8A050100,0xFF3F4D5D,0xFB96C2F4,0xFB96C2F4,0xFF3F4D5D,0x8A050100,0x043F3F7F,0x043F3F7F,0x8A050100,0xFF3F4D5D,0xFB96C2F4,0xFB96C2F4,0xFF3F4D5D,0x8A050100,0x043F3F7F,0x043F3F7F,0x8A050100,0xFF3F4D5D,0xFB96C2F4,0xFB96C2F4,0xFF3F4D5D,0x86050100,0x00000102,
    0x00000102,0x86050100,0xFF3F4D5D,0xFB96C2F4,0xFB96C2F4,0xFF3F4C5C,0x80070505,0x00010203,0x00010203,0x80070505,0xFF404F5F,0xFB96C2F4,0xFB96C2F4,0xFF404F5F,0x80070505,0x00010203,0x00010203,0x80070505,0xFF404F5F,0xFB96C2F4,0xFB96C2F4,0xFF404F5F,0x80070505,0x00010203,0x00010203,0x80070505,0xFF3F4C5C,0xFB96C2F4,0xFB96C2F4,0xFF3F4D5D,0x86050100,0x00000102,
    0x00000102,0x85050100,0xFE3F4C5C,0xFB96C1F3,0xFD96C2F4,0xFF415061,0xC8000000,0x85090501,0x85090300,0xC7000000,0xFF394553,0xFD95C0F3,0xFD95C0F3,0xFF394553,0xC7000000,0x85090300,0x85090300,0xC7000000,0xFF394553,0xFD95C0F3,0xFD95C0F3,0xFF394553,0xC7000000,0x85090300,0x85090501,0xC8000000,0xFF415061,0xFD96C1F4,0xFB96C1F3,0xFE3F4C5C,0x85050100,0x00000102,
    0x00000000,0x66070502,0xFF2C333C,0xFB92BCEE,0xFF91BBEB,0xFF7C9FC7,0xFF415061,0xFF3F4C5C,0xFF404F5F,0xFF394553,0xFF59708A,0xFF92BDEE,0xFF92BDEE,0xFF59708A,0xFF394553,0xFF404E5F,0xFF404E5F,0xFF394553,0xFF59708A,0xFF92BDEE,0xFF92BDEE,0xFF59708A,0xFF394553,0xFF404F5F,0xFF3F4C5C,0xFF415061,0xFF7C9FC8,0xFF91BBEC,0xFB92BBEE,0xFF2C333C,0x65070502,0x00000000,
    0x00000000,0x1C1B241B,0xF70E0D0B,0xFD6682A2,0xFD9CC9FF,0xFF91BBEC,0xFD96C1F4,0xFB96C1F3,0xFB96C2F4,0xFD96C0F3,0xFF92BCED,0xFF8DB6E5,0xFF8DB6E5,0xFF92BCED,0xFD96C0F3,0xFB96C2F4,0xFB96C2F4,0xFD96C0F3,0xFF92BCED,0xFF8DB6E5,0xFF8DB6E5,0xFF92BCED,0xFD96C0F3,0xFB96C2F4,0xFB96C1F3,0xFD96C1F4,0xFF91BBEC,0xFD9CC9FF,0xFD6681A1,0xF60E0C0A,0x1B1C251C,0x00000000,
    0x03000000,0x00000000,0x700F0D0D,0xFF1A1A1C,0xFF6581A1,0xFB92BCED,0xFB95C1F3,0xFB96C2F4,0xFB96C2F4,0xFB96C2F4,0xFB96C2F5,0xFB98C4F7,0xFB98C4F7,0xFB96C2F5,0xFB96C2F4,0xFB96C2F4,0xFB96C2F4,0xFB96C2F4,0xFB96C2F5,0xFB98C4F7,0xFB98C4F7,0xFB96C2F5,0xFB96C2F4,0xFB96C2F4,0xFB96C2F4,0xFB95C1F3,0xFB92BCED,0xFF6581A0,0xFF191A1C,0x6F100D0D,0x00000000,0x03000000,
    0x00000000,0x02000000,0x00000101,0x720F0F0D,0xF10E0C0A,0xFF2C333B,0xFF3E4C5C,0xFF3F4D5D,0xFF3F4D5D,0xFF3F4D5D,0xFF3F4C5C,0xFF425062,0xFF425062,0xFF3F4C5C,0xFF3F4D5D,0xFF3F4D5D,0xFF3F4D5D,0xFF3F4D5D,0xFF3F4C5C,0xFF425062,0xFF425062,0xFF3F4C5C,0xFF3F4D5D,0xFF3F4D5D,0xFF3F4D5D,0xFF3E4C5C,0xFF2C333B,0xF10E0C0A,0x710F0F0D,0x00000101,0x02000000,0x00000000,
    0x00000000,0x00000000,0x02000000,0x00000000,0x1C1B1B24,0x62070500,0x83050100,0x86050100,0x86050100,0x86050100,0x85050100,0x88050100,0x88050100,0x85050100,0x86050100,0x86050100,0x86050100,0x86050100,0x85050100,0x88050100,0x88050100,0x85050100,0x86050100,0x86050100,0x86050100,0x83050100,0x62070500,0x1C1B1B24,0x00000000,0x02000000,0x00000000,0x00000000,
    0x00000000,0x00000000,0x00000000,0x03000000,0x00000000,0x00000001,0x00000102,0x00000102,0x00000102,0x00000102,0x00000102,0x00000102,0x00000102,0x00000102,0x00000102,0x00000102,0x00000102,0x00000102,0x00000102,0x00000102,0x00000102,0x00000102,0x00000102,0x00000102,0x00000102,0x00000102,0x00000001,0x00000000,0x03000000,0x00000000,0x00000000,0x00000000,
};

static const uint32_t bits32_new_folder[1024] = {
    0x00000000,0x01000000,0x02000000,0x00000000,0x00010100,0x00020100,0x00020100,0x00020100,0x00020100,0x00020100,0x00020100,0x00010000,0x00000000,0x02000000,0x01000000,0x00000000,0x00000000,0x00000000,0x00000000,0x00000000,0x00000000,0x00000000,0x00000000,0x00000000,0x00000000,0x00000000,0x00000000,0x00000000,0x00000000,0x00000000,0x00000000,0x00000000,
    0x01000000,0x00000000,0x00020100,0x350E0E13,0x7300000D,0x8500000D,0x8500000D,0x8600000D,0x8600000D,0x8500000D,0x8400000D,0x6F00000D,0x2E161616,0x00010100,0x00000000,0x01000000,0x00000000,0x00000000,0x00000000,0x00000000,0x00000000,0x00000000,0x00000000,0x00000000,0x00000000,0x00000000,0x00000000,0x00000000,0x00000000,0x00000000,0x00000000,0x00000000,
    0x01000000,0x0F443322,0xAA060910,0xFF171715,0xFF4F4225,0xFF625129,0xFF605029,0xFF615029,0xFF615029,0xFF605029,0xFF625129,0xFF4B3F23,0xFE131314,0x9B080910,0x076D4824,0x02000000,0x01000000,0x00000000,0x00000000,0x00000000,0x00000000,0x00000000,0x00000000,0x00000000,0x00000000,0x00000000,0x00000000,0x00000000,0x00000000,0x00000000,0x00000000,0x00000000,
    0x067F552A,0xBB060910,0xFF423922,0xFCD2A845,0xFBFCC951,0xFBFFCB51,0xFBFFCB51,0xFBFFCB51,0xFBFFCB51,0xFBFFCB51,0xFBFFCB51,0xFBFBC950,0xFDC7A043,0xFF352E1E,0xA8070A10,0x00020200,0x06000000,0x04000000,0x04000000,0x04000000,0x04000000,0x04000000,0x04000000,0x04000000,0x04000000,0x04000000,0x04000000,0x04000000,0x02000000,0x00000000,0x00000000,0x00000000,
    0x69090911,0xFF29241A,0xFAE8B94B,0xFFFECB51,0xFFF9C750,0xFCFFCB50,0xFBFFCB51,0xFBFFCB51,0xFBFFCB51,0xFBFFCB51,0xFBFFCC52,0xFFF8C54F,0xFEFFCC52,0xF9DBAF47,0xFF1D1B18,0x630F1212,0x00020200,0x00020100,0x00020100,0x00020100,0x00020100,0x00020100,0x00020100,0x00020100,0x00020100,0x00020100,0x00020100,0x00010100,0x00000000,0x02000000,0x01000000,0x00000000,
    0xC800030E,0xFD826931,0xFDFFCF52,0xFFF3C24E,0xFFA7873B,0xFF5A4B27,0xFF625129,0xFF605029,0xFF615029,0xFF615029,0xFF5B4C27,0xFEB6923E,0xFFF7C54F,0xFEFFCB51,0xFD9E8038,0xF100020D,0x8B00010E,0x8800000D,0x8800000D,0x8800000D,0x8800000D,0x8800000D,0x8800000D,0x8800000D,0x8800000D,0x8700000D,0x8700000D,0x7500000D,0x360E1212,0x00020100,0x00000000,0x01000000,
    0xE204070F,0xFFA4843A,0xFEFFCE53,0xFEE6B84A,0xFF211E17,0xA300000C,0x8500010D,0x8900000D,0x8900000D,0x8400010D,0xA100000C,0xFF1A1916,0xFDD9AE47,0xFFF7C54F,0xFFF4C24E,0xFF8C7234,0xFF5B4B27,0xFF625129,0xFF605029,0xFF605029,0xFF605029,0xFF605029,0xFF605029,0xFF605029,0xFF605029,0xFF604F29,0xFF625129,0xFF4E4224,0xFF171615,0xA8060910,0x0F443322,0x01000000,
    0xE305080F,0xFFA4843A,0xFEFFCF53,0xFEE0B249,0xFF242118,0x2A181212,0x00010100,0x00020100,0x00020100,0x00010100,0x00050401,0xB202070F,0xFF4F4224,0xF9FFCD51,0xFFF7C54F,0xFEFCC850,0xFBFFCB51,0xFBFFCB51,0xFBFFCB51,0xFBFFCB51,0xFBFFCB51,0xFBFFCB51,0xFBFFCB51,0xFBFFCB51,0xFBFFCB51,0xFBFFCB51,0xFBFFCB51,0xFBFCC951,0xFCD2A845,0xFF423822,0xBA060910,0x05996633,
    0xE305080F,0xFFA4843A,0xFEFFCF53,0xFEE1B349,0xFF232018,0x3B04040C,0x04000000,0x07000000,0x04000000,0x06000000,0x03000000,0x1933281E,0xE4070A10,0xFF63512A,0xFCE4B74A,0xFDFBC850,0xFDFCC950,0xFBFFCB51,0xFBFFCB51,0xFBFFCB51,0xFBFFCB51,0xFBFFCB51,0xFBFFCB51,0xFBFFCB51,0xFBFFCB51,0xFBFFCB51,0xFCFFCB50,0xFFF9C750,0xFFFECB51,0xFAE8B94B,0xFF28241A,0x68090911,
    0xE305080F,0xFFA4843A,0xFEFFCF53,0xFEE1B349,0xFF232018,0x3804040D,0x00000000,0x03000000,0x00000000,0x00000000,0x02000000,0x00000000,0x291F1F18,0xC7050810,0xFF232019,0xFF564826,0xFF615028,0xFF604F29,0xFF605029,0xFF605029,0xFF605029,0xFF605029,0xFF605029,0xFF605029,0xFF605029,0xFF625129,0xFF5A4B27,0xFFA8873B,0xFFF3C24E,0xFDFFCF52,0xFD816831,0xC700030E,
    0xE305080F,0xFFA4843A,0xFEFFCF53,0xFEE1B349,0xFF232018,0x3804040D,0x00000000,0x03000000,0x00000000,0x00000000,0x00000000,0x02000000,0x00000000,0x00030201,0x400B0F13,0xA900040F,0xB300040E,0x8100010D,0x8700000D,0x8800000D,0x8800000D,0x8800000D,0x8800000D,0x8800000D,0x8900000D,0x8500010D,0xA300000C,0xFF211E17,0xFEE6B84A,0xFEFFCE53,0xFFA3833A,0xE204070F,
    0xE305080F,0xFFA4843A,0xFEFFCF53,0xFEE1B349,0xFF232018,0x3804040D,0x00000000,0x03000000,0x00000000,0x00000000,0x00000000,0x01000000,0x03000000,0x05333333,0x970B0D12,0xEB1B1815,0xEC1B1916,0x920F1113,0x00030200,0x00020100,0x00020100,0x00020100,0x00020100,0x00020100,0x00020100,0x00010100,0x2A181212,0xFF242118,0xFEE0B249,0xFEFFCF53,0xFFA4843A,0xE305080F,
    0xE305080F,0xFFA4843A,0xFEFFCF53,0xFEE1B349,0xFF232018,0x3804040D,0x00000000,0x03000000,0x00000000,0x00000000,0x00000000,0x06000000,0x03000000,0x61070A0F,0xFF2C271C,0xFFCEA545,0xFFCEA545,0xFF2C271C,0x64070A11,0x07242424,0x0A000000,0x04000000,0x04000000,0x04000000,0x07000000,0x04000000,0x3B04040C,0xFF232018,0xFEE1B349,0xFEFFCF53,0xFFA4843A,0xE305080F,
    0xE305080F,0xFFA4843A,0xFEFFCF53,0xFEE1B349,0xFF232018,0x3804040D,0x00000000,0x03000000,0x00000000,0x00000000,0x01000000,0x00000000,0x00020100,0x8500000D,0xFC64522A,0xFAFFD253,0xFAFFD253,0xFD63522A,0x8500000D,0x00020100,0x00000000,0x01000000,0x00000000,0x00000000,0x03000000,0x00000000,0x3804040D,0xFF232018,0xFEE1B349,0xFEFFCF53,0xFFA4843A,0xE305080F,
    0xE305080F,0xFFA4843A,0xFEFFCF53,0xFEE1B349,0xFF232018,0x3804040D,0x00000000,0x03000000,0x00000000,0x00000000,0x00010000,0x2D111111,0x390D0D11,0xA100000C,0xFF5D4D28,0xFCFCC950,0xFCFCC950,0xFF5D4D28,0xA100000C,0x390D0D11,0x2D111111,0x00010000,0x00000000,0x00000000,0x03000000,0x00000000,0x3804040D,0xFF232018,0xFEE1B349,0xFEFFCF53,0xFFA4843A,0xE305080F,
    0xE305080F,0xFFA4843A,0xFEFFCF53,0xFEE1B349,0xFF232018,0x3804040D,0x00000000,0x03000000,0x02000000,0x062A2A2A,0xA40A0D11,0xFD151515,0xFF282319,0xFF151514,0xFF68552A,0xFFFBC850,0xFFFBC850,0xFF68552A,0xFF151514,0xFF282319,0xFD151515,0xA40A0D11,0x062A2A2A,0x02000000,0x03000000,0x00000000,0x3804040D,0xFF232018,0xFEE1B349,0xFEFFCF53,0xFFA4843A,0xE305080F,
    0xE305080F,0xFFA4843A,0xFEFFCF53,0xFEE1B349,0xFF232018,0x3804040D,0x00000000,0x06000000,0x00000000,0x5F080810,0xFF2E291C,0xFDC8A143,0xFEE4B64A,0xFFDEB249,0xFFE6B84B,0xFFF3C24E,0xFFF3C24E,0xFFE6B84B,0xFFDEB249,0xFEE4B64A,0xFDC8A143,0xFF2E291C,0x5F080810,0x00000000,0x06000000,0x00000000,0x3804040D,0xFF232018,0xFEE1B349,0xFEFFCF53,0xFFA4843A,0xE305080F,
    0xE305080F,0xFFA4843A,0xFEFFCF53,0xFEE1B349,0xFF232018,0x3804040D,0x00000000,0x07242424,0x00010100,0x8900000E,0xFC5A4A27,0xF7FFE058,0xFDFFCD52,0xFEFFCF53,0xFFFDCA51,0xFFF1C04E,0xFFF1C04E,0xFFFDCA51,0xFEFFCF53,0xFDFFCD52,0xF7FFE058,0xFC5A4A27,0x8900000D,0x00010100,0x07242424,0x00000000,0x3804040D,0xFF232018,0xFEE1B349,0xFEFFCF53,0xFFA4843A,0xE305080F,
    0xE305080F,0xFFA4843A,0xFEFFCF53,0xFEE1B349,0xFF232018,0x3804040D,0x00000000,0x05000000,0x00000000,0x3D101014,0xFF191816,0xFF856C32,0xFFAD8B3D,0xFFA18239,0xFFC09A41,0xFFF5C34F,0xFFF5C34F,0xFFC09A41,0xFFA18239,0xFFAD8B3D,0xFF856C32,0xFF191816,0x3D101014,0x00000000,0x05000000,0x00000000,0x3804040D,0xFF232018,0xFEE1B349,0xFEFFCF53,0xFFA4843A,0xE305080F,
    0xE305080F,0xFFA4843A,0xFEFFCF53,0xFEE1B349,0xFF232018,0x3804040D,0x00000000,0x03000000,0x02000000,0x00000000,0x5A0E0E11,0xC602060F,0xD2080A11,0xEA00000B,0xFF574825,0xFEFCC850,0xFEFCC850,0xFF574825,0xEA00000B,0xD2080A11,0xC602060F,0x5A0E0E11,0x00000000,0x02000000,0x03000000,0x00000000,0x3804040D,0xFF232018,0xFEE1B349,0xFEFFCF53,0xFFA4843A,0xE305080F,
    0xE305080F,0xFFA4843A,0xFEFFCF53,0xFEE1B349,0xFF232018,0x3804040D,0x00000000,0x03000000,0x00000000,0x01000000,0x00000000,0x00030200,0x01FFFFFF,0x8905030E,0xFF63532A,0xFBFBC950,0xFBFBC950,0xFF63532A,0x8905030E,0x01FFFFFF,0x00030200,0x00000000,0x01000000,0x00000000,0x03000000,0x00000000,0x3804040D,0xFF232018,0xFEE1B349,0xFEFFCF53,0xFFA4843A,0xE305080F,
    0xE305080F,0xFFA4843A,0xFEFFCF53,0xFEE1B349,0xFF232018,0x3804040D,0x01000000,0x04000000,0x01000000,0x01000000,0x04000000,0x06000000,0x00010100,0x8700010D,0xFF574927,0xF9FFD655,0xF9FFD655,0xFF574927,0x8700010D,0x00010100,0x06000000,0x04000000,0x01000000,0x01000000,0x04000000,0x01000000,0x3804040D,0xFF232018,0xFEE1B349,0xFEFFCF53,0xFFA4843A,0xE305080F,
    0xE305080F,0xFFA4843A,0xFEFFCF53,0xFEE1B349,0xFF242118,0x3704040D,0x00000000,0x02000000,0x00000000,0x00000000,0x00000000,0x02000000,0x00000000,0x3D101014,0xFF181716,0xFF8C7134,0xFF8C7134,0xFF181716,0x3D101014,0x00000000,0x02000000,0x00000000,0x00000000,0x00000000,0x02000000,0x00000000,0x3704040D,0xFF242118,0xFEE1B349,0xFEFFCF53,0xFFA4843A,0xE305080F,
    0xE305080F,0xFFA4843A,0xFEFFCF53,0xFEDFB249,0xFF1F1D17,0x3A111111,0x01FFFFFF,0x05996633,0x02FFFF7F,0x02FFFF7F,0x02FFFF7F,0x01FFFFFF,0x03FFAA55,0x00030201,0x5B161613,0xC9060A10,0xC9060A10,0x5B161613,0x00030201,0x03FFAA55,0x01FFFFFF,0x02FFFF7F,0x02FFFF7F,0x02FFFF7F,0x05996633,0x01FFFFFF,0x3A111111,0xFF1F1D17,0xFEDFB249,0xFEFFCF53,0xFFA4843A,0xE305080F,
    0xDE03060E,0xFF9E8039,0xFEFFCD52,0xFFEDBD4C,0xFF3B331E,0xDE00010D,0xD3070910,0xD504080F,0xD404080F,0xD404080F,0xD404080F,0xD404080F,0xD404080F,0xD504080F,0xC8050710,0xD0080B11,0xD0080B11,0xC8050710,0xD504080F,0xD404080F,0xD404080F,0xD404080F,0xD404080F,0xD404080F,0xD504080F,0xD3070910,0xDE00020D,0xFF3C331E,0xFFEDBD4D,0xFEFFCD52,0xFF9E7F38,0xDE03060E,
    0xB000020E,0xFF66542A,0xFCFFD152,0xFFF1C04E,0xFFD9AD47,0xFFA5853A,0xFFA7873B,0xFFA7873B,0xFFA7873B,0xFFA7873B,0xFFA7873B,0xFFA7873B,0xFFA7873B,0xFFA7873B,0xFFA7873B,0xFFA7873B,0xFFA7873B,0xFFA7873B,0xFFA7873B,0xFFA7873B,0xFFA7873B,0xFFA7873B,0xFFA7873B,0xFFA7873B,0xFFA7873B,0xFFA7873B,0xFFA5853A,0xFFD9AD47,0xFFF1C04E,0xFCFFD152,0xFF65532A,0xB000020E,
    0x3F101414,0xFF121314,0xFCB8933E,0xFCFFD353,0xFEFCC951,0xFDFFD052,0xFCFFD052,0xFDFFCF52,0xFDFFCF52,0xFDFFCF52,0xFDFFCF52,0xFDFFCF52,0xFDFFCF52,0xFDFFCF52,0xFDFFCF52,0xFDFFCF52,0xFDFFCF52,0xFDFFCF52,0xFDFFCF52,0xFDFFCF52,0xFDFFCF52,0xFDFFCF52,0xFDFFCF52,0xFDFFCF52,0xFDFFCF52,0xFCFFD052,0xFDFFD052,0xFEFCC951,0xFCFFD353,0xFCB7933E,0xFF121314,0x3E141014,
    0x00010000,0x7A0C0E10,0xFF1A1917,0xFF8D7234,0xFFD5AB47,0xFEE1B349,0xFEE0B349,0xFEE1B349,0xFEE1B349,0xFEE1B349,0xFEE1B349,0xFEE1B349,0xFEE1B349,0xFEE1B349,0xFEE1B349,0xFEE1B349,0xFEE1B349,0xFEE1B349,0xFEE1B349,0xFEE1B349,0xFEE1B349,0xFEE1B349,0xFEE1B349,0xFEE1B349,0xFEE1B349,0xFEE0B349,0xFEE1B349,0xFFD5AB47,0xFF8C7234,0xFF1A1917,0x7A0C0C10,0x00010100,
    0x02000000,0x00010100,0x5C0D1013,0xD103070F,0xFB191815,0xFF232018,0xFF232018,0xFF232018,0xFF232018,0xFF232018,0xFF232018,0xFF232018,0xFF232018,0xFF232018,0xFF232018,0xFF232018,0xFF232018,0xFF232018,0xFF232018,0xFF232018,0xFF232018,0xFF232018,0xFF232018,0xFF232018,0xFF232018,0xFF232018,0xFF242019,0xFA181715,0xD003070F,0x5B0E1013,0x00010000,0x02000000,
    0x00000000,0x02000000,0x00000000,0x01FFFFFF,0x280C0C13,0x3900040D,0x3804040D,0x3804040D,0x3804040D,0x3804040D,0x3804040D,0x3804040D,0x3804040D,0x3804040D,0x3804040D,0x3804040D,0x3804040D,0x3804040D,0x3804040D,0x3804040D,0x3804040D,0x3804040D,0x3804040D,0x3804040D,0x3804040D,0x3804040D,0x39040411,0x280C0C13,0x01FFFFFF,0x00000000,0x02000000,0x00000000,
    0x00000000,0x00000000,0x03000000,0x00000000,0x00000000,0x00000000,0x00000000,0x00000000,0x00000000,0x00000000,0x00000000,0x00000000,0x00000000,0x00000000,0x00000000,0x00000000,0x00000000,0x00000000,0x00000000,0x00000000,0x00000000,0x00000000,0x00000000,0x00000000,0x00000000,0x00000000,0x00000000,0x00000000,0x00000000,0x03000000,0x00000000,0x00000000,
    0x00000000,0x00000000,0x00000000,0x01000000,0x02000000,0x03000000,0x03000000,0x03000000,0x03000000,0x03000000,0x03000000,0x03000000,0x03000000,0x03000000,0x03000000,0x03000000,0x03000000,0x03000000,0x03000000,0x03000000,0x03000000,0x03000000,0x03000000,0x03000000,0x03000000,0x03000000,0x03000000,0x02000000,0x01000000,0x00000000,0x00000000,0x00000000,
};

static const uint32_t bits32_new_file[1024] = {
    0x00000000,0x00000000,0x00000000,0x02000000,0x00000101,0x43131313,0xAD000000,0xDB030303,0xE3060505,0xE3050505,0xE3050505,0xE3050505,0xE3050505,0xE3050505,0xE3050505,0xE3050505,0xE3050505,0xE3050505,0xEE080707,0xD8020202,0x98000000,0x2D1C1C1C,0x00000000,0x03000000,0x00000000,0x00000000,0x00000000,0x00000000,0x00000000,0x00000000,0x00000000,0x00000000,
    0x00000000,0x00000000,0x02000000,0x00010101,0x7C0C0C0C,0xFD131313,0xFF626466,0xFF979B9E,0xFF9DA1A5,0xFF9CA1A4,0xFF9CA1A4,0xFF9CA1A4,0xFF9CA1A4,0xFF9CA1A4,0xFF9CA1A4,0xFF9CA1A4,0xFF9CA1A4,0xFF9CA1A4,0xFFA6ABAE,0xFF929699,0xFF4F5152,0xF10C0B0B,0x640F0F0F,0x00010101,0x04000000,0x00000000,0x00000000,0x00000000,0x00000000,0x00000000,0x00000000,0x00000000,
    0x00000000,0x03000000,0x00000000,0x5A0E0E0E,0xFF1A1A1A,0xFDAFB4B8,0xFCF9FFFF,0xFEF4FCFF,0xFEF7FFFF,0xFEF7FFFF,0xFEF7FFFF,0xFEF7FFFF,0xFEF7FFFF,0xFEF7FFFF,0xFEF7FFFF,0xFEF7FFFF,0xFEF8FFFF,0xFEF5FCFF,0xFEF3FAFF,0xFEF4FCFF,0xFCF5FCFF,0xFF9B9FA3,0xFF121111,0x6D0E0E0E,0x00010101,0x04000000,0x00000000,0x00000000,0x00000000,0x00000000,0x00000000,0x00000000,
    0x01000000,0x01000000,0x05999999,0xD8040303,0xFD888C8E,0xFCFCFFFF,0xFFE5ECF1,0xFFE1E8ED,0xFED4DADF,0xFED6DCE1,0xFED5DCE1,0xFED5DCE1,0xFED5DCE1,0xFED5DCE1,0xFED5DCE1,0xFED6DCE1,0xFFD5DBE0,0xFFDFE5EA,0xFFE4EBF0,0xFFE4EBF0,0xFFE6EDF2,0xFDF6FFFF,0xFCA5AAAE,0xFF101010,0x6D100E0E,0x00010101,0x04000000,0x00000000,0x00000000,0x00000000,0x00000000,0x00000000,
    0x02000000,0x00000000,0x290C0C0C,0xFD191919,0xFFCBD1D6,0xFEF0F7FB,0xFFCED4D9,0xFF393A3B,0xFF1F1F1F,0xFF232424,0xFF222323,0xFF222323,0xFF222323,0xFF222323,0xFF222323,0xFF252526,0xFF171717,0xFFA3A8AC,0xFFF4FBFE,0xFFDAE1E5,0xFFD7DEE3,0xFFE9F0F5,0xFEF3FAFF,0xFCA5ABAE,0xFF101010,0x6D0E0E0E,0x00010101,0x04000000,0x00000000,0x00000000,0x00000000,0x00000000,
    0x03000000,0x00000000,0x39040404,0xFF232424,0xFED5DCE1,0xFDF7FFFF,0xFF9DA1A5,0xDE000000,0x39111111,0x38040400,0x38040404,0x38040404,0x38040404,0x38040404,0x38040404,0x39111111,0xDD020201,0xFF9DA2A5,0xFEF8FFFF,0xFFCFD5D9,0xFF414344,0xFED2D8DD,0xFFEBF2F7,0xFEF2F9FF,0xFCA5ABAE,0xFF101010,0x6D0E0E0E,0x00010101,0x03000000,0x00000000,0x00000000,0x00000000,
    0x03000000,0x00000000,0x38040404,0xFF222323,0xFED5DCE1,0xFDF7FFFF,0xFF9FA3A7,0xD2080807,0x00030303,0x00000000,0x00000000,0x00000000,0x00000000,0x00000000,0x00000000,0x00030303,0xD2070706,0xFF9FA3A7,0xFDF7FFFF,0xFFD8DFE3,0xFF161616,0xFF2F3030,0xFFD7DDE1,0xFFEAF1F6,0xFEF2F9FF,0xFCA5ABAE,0xFF111111,0x6B0E0E0E,0x00010101,0x02000000,0x00000000,0x00000000,
    0x03000000,0x00000000,0x38040404,0xFF222323,0xFED5DCE1,0xFDF7FFFF,0xFF9FA3A7,0xD4060604,0x05999999,0x03000000,0x04000000,0x03000000,0x03000000,0x04000000,0x03000000,0x05999999,0xD4060604,0xFF9FA3A7,0xFDF7FFFF,0xFFD6DCE1,0xFA282829,0xD7050404,0xFE353737,0xFFD9DFE4,0xFFEDF4F9,0xFEF4FBFF,0xFCA2A7AB,0xFF101010,0x41131313,0x00000000,0x03000000,0x00000000,
    0x03000000,0x00000000,0x38040404,0xFF222323,0xFED5DCE1,0xFDF7FFFF,0xFF9FA3A7,0xD4060604,0x02FFFFFF,0x00000000,0x01000000,0x00000000,0x00000000,0x01000000,0x00000000,0x02FFFFFF,0xD4060604,0xFF9FA3A7,0xFDF7FFFF,0xFFD5DBE0,0xFD171616,0xE2060606,0xFD000000,0xFF272728,0xFFC9CFD3,0xFFE6EDF2,0xFCF9FFFF,0xFF707476,0xC3020101,0x00020202,0x02000000,0x00000000,
    0x03000000,0x00000000,0x38040404,0xFF222323,0xFED5DCE1,0xFDF7FFFF,0xFF9FA3A7,0xD4060604,0x02FFFFFF,0x00000000,0x01000000,0x00000000,0x00000000,0x01000000,0x00000000,0x01FFFFFF,0xD4040403,0xFE9FA4A7,0xFDF4FBFF,0xFFDDE3E8,0xFFA3A8AB,0xFF9DA2A5,0xFFA2A7AA,0xFF94989C,0xFFB7BDC1,0xFFE8EFF4,0xFEECF4F9,0xFFC2C8CC,0xF8131212,0x20171717,0x00000000,0x02000000,
    0x03000000,0x00000000,0x38040404,0xFF222323,0xFED5DCE1,0xFDF7FFFF,0xFF9FA3A7,0xD4060604,0x02FFFFFF,0x00000000,0x01000000,0x00000000,0x00000000,0x00000000,0x03000000,0x00020202,0xAE010101,0xFF656769,0xF9FFFFFF,0xFFEBF2F7,0xFFF5FDFF,0xFEF7FFFF,0xFFF6FDFF,0xFFF9FFFF,0xFFF2F9FE,0xFFE5ECF1,0xFFEAF1F6,0xFDD9E0E4,0xFF232323,0x40030303,0x00000000,0x03000000,
    0x03000000,0x00000000,0x38040404,0xFF222323,0xFED5DCE1,0xFDF7FFFF,0xFF9FA3A7,0xD4060604,0x02FFFFFF,0x00000000,0x01000000,0x00000000,0x00000000,0x00000000,0x04000000,0x05000000,0x3B151515,0xFE100F0F,0xFF7D8183,0xFED4DADF,0xFED6DCE1,0xFED5DBE0,0xFED5DCE1,0xFED5DCE1,0xFFD6DDE1,0xFFE1E7EC,0xFFEBF2F7,0xFDD9E0E4,0xFF222323,0x3B040404,0x00000000,0x03000000,
    0x03000000,0x00000000,0x38040404,0xFF222323,0xFED5DCE1,0xFDF7FFFF,0xFF9FA3A7,0xD4060604,0x02FFFFFF,0x00000000,0x01000000,0x00000000,0x00000000,0x01000000,0x00000000,0x00010101,0x00010101,0x45121212,0xD6070707,0xFE1B1B1C,0xFF232424,0xFF222223,0xFF222323,0xFF252526,0xFF171717,0xFFA3A8AB,0xFFF5FDFE,0xFED5DCE1,0xFF222323,0x37040404,0x00000000,0x03000000,
    0x03000000,0x00000000,0x38040404,0xFF222323,0xFED5DCE1,0xFDF7FFFF,0xFF9FA3A7,0xD4060604,0x02FFFFFF,0x00000000,0x01000000,0x00000000,0x01000000,0x00000000,0x1A1D1D1D,0x77000000,0x79000000,0x0F222222,0x00030303,0x300A0A0A,0x38040404,0x38040404,0x38040404,0x39111111,0xDD020201,0xFF9EA2A5,0xFDF7FFFF,0xFED5DCE1,0xFF222323,0x38040404,0x00000000,0x03000000,
    0x03000000,0x00000000,0x38040404,0xFF222323,0xFED5DCE1,0xFDF7FFFF,0xFF9FA3A7,0xD4060604,0x02FFFFFF,0x00000000,0x01000000,0x02000000,0x01000000,0x1D1A1A1A,0xE20D0D0D,0xFF454748,0xFF454748,0xE40E0E0D,0x1C1B1B1B,0x00000000,0x00000000,0x00000000,0x00000000,0x00030303,0xD2070706,0xFF9FA3A7,0xFDF7FFFF,0xFED5DCE1,0xFF222323,0x38040404,0x00000000,0x03000000,
    0x03000000,0x00000000,0x38040404,0xFF222323,0xFED5DCE1,0xFDF7FFFF,0xFF9FA3A7,0xD4060604,0x02FFFFFF,0x00000000,0x03000000,0x08000000,0x043F3F3F,0x7B040404,0xFF414243,0xF7F3FAFF,0xF7F3FAFF,0xFF414243,0x7B040404,0x062A2A55,0x0B171717,0x05000000,0x03000000,0x05999999,0xD4060604,0xFF9FA3A7,0xFDF7FFFF,0xFED5DCE1,0xFF222323,0x38040404,0x00000000,0x03000000,
    0x03000000,0x00000000,0x38040404,0xFF222323,0xFED5DCE1,0xFDF7FFFF,0xFF9FA3A7,0xD4060604,0x02FFFFFF,0x01000000,0x00000000,0x00010101,0x00020404,0x81030303,0xFE626566,0xFBF2F9FF,0xFBF2F9FF,0xFE626566,0x81030303,0x00020404,0x00010101,0x00000000,0x01000000,0x02FFFFFF,0xD4060604,0xFF9FA3A7,0xFDF7FFFF,0xFED5DCE1,0xFF222323,0x38040404,0x00000000,0x03000000,
    0x03000000,0x00000000,0x38040404,0xFF222323,0xFED5DCE1,0xFDF7FFFF,0xFF9FA3A7,0xD4060604,0x03FFFFFF,0x00000000,0x1B1C1C1C,0x77020200,0x83000000,0xC6000000,0xFF525456,0xFDF0F7FD,0xFDF0F7FD,0xFF525456,0xC6000000,0x83000000,0x77020200,0x1B1C1C1C,0x00000000,0x03FFFFFF,0xD4060604,0xFF9FA3A7,0xFDF7FFFF,0xFED5DCE1,0xFF222323,0x38040404,0x00000000,0x03000000,
    0x03000000,0x00000000,0x38040404,0xFF222323,0xFED5DCE1,0xFDF7FFFF,0xFF9FA3A7,0xD6050505,0x01FFFFFF,0x1D1A1A1A,0xE20E0E0D,0xFF414344,0xFF626466,0xFF525455,0xFF8A8D90,0xFFECF3F9,0xFFECF3F9,0xFF8A8D90,0xFF525455,0xFF626466,0xFF414344,0xE20E0E0D,0x1D1A1A1A,0x01FFFFFF,0xD6050505,0xFF9FA3A7,0xFDF7FFFF,0xFED5DCE1,0xFF222323,0x38040404,0x00000000,0x03000000,
    0x03000000,0x00000000,0x38040404,0xFF222323,0xFED5DCE1,0xFDF7FFFF,0xFF9FA3A7,0xD9050505,0x00030303,0x79020202,0xFF454748,0xF7F3FAFF,0xFBF2F9FF,0xFDF0F7FD,0xFFECF3F8,0xFFE6EDF2,0xFFE6EDF2,0xFFECF3F8,0xFDF0F7FD,0xFBF2F9FF,0xF7F3FAFF,0xFF454748,0x79020202,0x00030303,0xD9050505,0xFF9FA3A7,0xFDF7FFFF,0xFED5DCE1,0xFF222323,0x38040404,0x00000000,0x03000000,
    0x03000000,0x00000000,0x38040404,0xFF222323,0xFED5DCE1,0xFDF7FFFF,0xFF9FA3A7,0xD9050505,0x00030303,0x79020202,0xFF454748,0xF7F3FAFF,0xFBF2F9FF,0xFDF0F7FD,0xFFECF3F8,0xFFE6EDF2,0xFFE6EDF2,0xFFECF3F8,0xFDF0F7FD,0xFBF2F9FF,0xF7F3FAFF,0xFF454748,0x79020202,0x00030303,0xD9050505,0xFF9FA3A7,0xFDF7FFFF,0xFED5DCE1,0xFF222323,0x38040404,0x00000000,0x03000000,
    0x03000000,0x00000000,0x38040404,0xFF222323,0xFED5DCE1,0xFDF7FFFF,0xFF9FA3A7,0xD6050505,0x01FFFFFF,0x1D1A1A1A,0xE20E0E0D,0xFF414344,0xFF626466,0xFF525455,0xFF8A8D90,0xFFECF3F9,0xFFECF3F9,0xFF8A8D90,0xFF525455,0xFF626466,0xFF414344,0xE20E0E0D,0x1D1A1A1A,0x01FFFFFF,0xD6050505,0xFF9FA3A7,0xFDF7FFFF,0xFED5DCE1,0xFF222323,0x38040404,0x00000000,0x03000000,
    0x03000000,0x00000000,0x38040404,0xFF222323,0xFED5DCE1,0xFDF7FFFF,0xFF9FA3A7,0xD4060604,0x03FFFFFF,0x00000000,0x1B1C1C1C,0x77020200,0x83000000,0xC6000000,0xFF525456,0xFDF0F7FD,0xFDF0F7FD,0xFF525456,0xC6000000,0x83000000,0x77020200,0x1B1C1C1C,0x00000000,0x03FFFFFF,0xD4060604,0xFF9FA3A7,0xFDF7FFFF,0xFED5DCE1,0xFF222323,0x38040404,0x00000000,0x03000000,
    0x03000000,0x00000000,0x38040404,0xFF222323,0xFED5DCE1,0xFDF7FFFF,0xFF9FA3A7,0xD4060604,0x02FFFFFF,0x01000000,0x00000000,0x00010101,0x00020404,0x81030303,0xFE626566,0xFBF2F9FF,0xFBF2F9FF,0xFE626566,0x81030303,0x00020404,0x00010101,0x00000000,0x01000000,0x02FFFFFF,0xD4060604,0xFF9FA3A7,0xFDF7FFFF,0xFED5DCE1,0xFF222323,0x38040404,0x00000000,0x03000000,
    0x03000000,0x00000000,0x38040404,0xFF222323,0xFED5DCE1,0xFDF7FFFF,0xFF9FA3A7,0xD4060604,0x05999999,0x03000000,0x05000000,0x0B171717,0x07242448,0x7D040404,0xFF414343,0xFAF0F7FD,0xFAF0F7FD,0xFF414343,0x7D040404,0x07242448,0x0B171717,0x05000000,0x03000000,0x05999999,0xD4060604,0xFF9FA3A7,0xFDF7FFFF,0xFED5DCE1,0xFF222323,0x38040404,0x00000000,0x03000000,
    0x03000000,0x00000000,0x38040404,0xFF222323,0xFED5DCE1,0xFDF7FFFF,0xFF9FA3A7,0xD2080807,0x00030303,0x00000000,0x00000000,0x00000000,0x00000000,0x122A2A2A,0xD60E0E0E,0xFF454748,0xFF454748,0xD60E0E0E,0x112D2D2D,0x00000000,0x00000000,0x00000000,0x00000000,0x00030303,0xD2080807,0xFF9FA3A7,0xFDF7FFFF,0xFED5DCE1,0xFF222323,0x38040404,0x00000000,0x03000000,
    0x03000000,0x00000000,0x39040404,0xFF232424,0xFED5DCE1,0xFDF7FFFF,0xFF9DA1A5,0xDE000000,0x39111111,0x38040400,0x38040404,0x37040404,0x39040404,0x33000000,0x510C0C09,0xAF010100,0xAF010100,0x510C0C09,0x33000000,0x39040404,0x37040404,0x38040404,0x38040400,0x39111111,0xDE000000,0xFF9DA1A5,0xFDF7FFFF,0xFED5DCE1,0xFF232424,0x39040404,0x00000000,0x03000000,
    0x02000000,0x00000000,0x290C0C0C,0xFD191919,0xFECBD1D5,0xFEF0F7FB,0xFFCED4D9,0xFF393A3B,0xFF1F1F1F,0xFF232424,0xFF222323,0xFF222323,0xFF222323,0xFF222323,0xFF222222,0xF3242425,0xF3242425,0xFF222222,0xFF222323,0xFF222323,0xFF222323,0xFF222323,0xFF232424,0xFF1F1F1F,0xFF393B3C,0xFFCED4D9,0xFEF0F7FB,0xFFCBD1D5,0xFD181818,0x290C0C0C,0x00000000,0x02000000,
    0x01000000,0x01000000,0x05999999,0xD7040303,0xFD878B8E,0xFCFCFFFF,0xFFE5ECF1,0xFFE1E8ED,0xFED4DADF,0xFED6DCE1,0xFED5DCE1,0xFED5DCE1,0xFED5DCE1,0xFED5DCE1,0xFFD6DCE1,0xFFD6DCE1,0xFFD6DCE1,0xFFD6DCE1,0xFED5DCE1,0xFED5DCE1,0xFED5DCE1,0xFED5DCE1,0xFED6DCE1,0xFED4DADF,0xFFE2E8ED,0xFFE5ECF1,0xFCFCFFFF,0xFD878B8D,0xD7030303,0x05999999,0x01000000,0x01000000,
    0x00000000,0x03000000,0x00000000,0x590E0E0E,0xFF1A1A1A,0xFDAEB3B7,0xFCF9FFFF,0xFEF4FCFF,0xFEF7FFFF,0xFEF7FFFF,0xFEF7FFFF,0xFEF7FFFF,0xFEF7FFFF,0xFEF7FFFF,0xFEF7FFFF,0xFEF7FFFF,0xFEF7FFFF,0xFEF7FFFF,0xFEF7FFFF,0xFEF7FFFF,0xFEF7FFFF,0xFEF7FFFF,0xFEF7FFFF,0xFEF7FFFF,0xFEF4FCFF,0xFCF9FFFF,0xFDAEB3B6,0xFF191A1A,0x580E0E0E,0x00000000,0x03000000,0x00000000,
    0x00000000,0x00000000,0x02000000,0x00010101,0x7B0C0C0C,0xFC131313,0xFF616365,0xFF979B9E,0xFF9DA1A5,0xFF9CA1A4,0xFF9CA1A4,0xFF9CA1A4,0xFF9CA1A4,0xFF9CA1A4,0xFF9CA1A4,0xFF9CA1A4,0xFF9CA1A4,0xFF9CA1A4,0xFF9CA1A4,0xFF9CA1A4,0xFF9CA1A4,0xFF9CA1A4,0xFF9CA1A4,0xFF9DA1A5,0xFF969B9E,0xFF606365,0xFC131212,0x7B0C0C0C,0x00010101,0x02000000,0x00000000,0x00000000,
    0x00000000,0x00000000,0x00000000,0x02000000,0x00000001,0x42131313,0xAC000000,0xDB030303,0xE3060505,0xE3050505,0xE3050505,0xE3050505,0xE3050505,0xE3050505,0xE3050505,0xE3050505,0xE3050505,0xE3050505,0xE3050505,0xE3050505,0xE3050505,0xE3050505,0xE3050505,0xE3060505,0xDB030303,0xAC000000,0x42131313,0x00000001,0x02000000,0x00000000,0x00000000,0x00000000,
};

static const uint32_t bits32_settings[1024] = {
    0x00000000,0x00000000,0x00000000,0x00000000,0x00000000,0x00000000,0x00000000,0x00000000,0x00000000,0x00000000,0x00000000,0x00000000,0x00010101,0x4B111111,0xAC010100,0xD8070505,0xD8070505,0xAC010100,0x4A111111,0x00010101,0x00000000,0x00000000,0x00000000,0x00000000,0x00000000,0x00000000,0x00000000,0x00000000,0x00000000,0x00000000,0x00000000,0x00000000,
    0x00000000,0x00000000,0x00000000,0x00000000,0x00000000,0x00000000,0x00000000,0x00000000,0x00000000,0x01000000,0x02000000,0x03AAAAAA,0x960B0A0A,0xFF171717,0xFF575A5D,0xFF7E8388,0xFF7E8388,0xFF575A5D,0xFF171717,0x960B0A0A,0x03AAAAAA,0x02000000,0x01000000,0x00000000,0x00000000,0x00000000,0x00000000,0x00000000,0x00000000,0x00000000,0x00000000,0x00000000,
    0x00000000,0x00000000,0x00000000,0x00000000,0x00000000,0x00000000,0x00000000,0x00000000,0x00000000,0x03000000,0x00010101,0x900A0A0A,0xFF282929,0xFCA6ADB4,0xFCD1DAE3,0xFECFD8E0,0xFECFD8E0,0xFCD1DAE3,0xFCA5ADB3,0xFF272829,0x8F0A0A0A,0x00010101,0x03000000,0x00000000,0x00000000,0x00000000,0x00000000,0x00000000,0x00000000,0x00000000,0x00000000,0x00000000,
    0x00000000,0x00000000,0x00000000,0x00000000,0x02000000,0x04000000,0x03000000,0x02000000,0x06000000,0x03000000,0x2F151515,0xFF121212,0xFB9DA4AA,0xFED0D9E1,0xFFC5CDD5,0xFDBFC6CE,0xFDBFC7CE,0xFFC5CDD5,0xFED0D9E1,0xFB9DA3AA,0xFF121211,0x2E161616,0x03000000,0x06000000,0x02000000,0x03000000,0x04000000,0x02000000,0x00000000,0x00000000,0x00000000,0x00000000,
    0x00000000,0x00000000,0x00000000,0x03000000,0x00000000,0x00000001,0x00020202,0x00020202,0x00010101,0x00000000,0x7C040404,0xFF444648,0xFBCDD5DD,0xFFC7CFD7,0xFF999FA6,0xFF2B2C2D,0xFF2B2C2D,0xFF9AA0A6,0xFFC7CFD7,0xFBCDD5DD,0xFF434547,0x7B040404,0x00000000,0x00010101,0x00020202,0x00020202,0x00000001,0x00000000,0x03000000,0x00000000,0x00000000,0x00000000,
    0x00000000,0x00000000,0x02000000,0x00000000,0x1F202020,0x79040202,0xB0010100,0xBB020101,0x96010000,0x49111111,0xBF000000,0xFF65696D,0xFCCFD8E0,0xFCCAD2DA,0xFE414345,0x92000000,0x92000000,0xFE414345,0xFCCAD2DA,0xFCCFD8E0,0xFF64686C,0xBE000000,0x49111111,0x96010000,0xBB020101,0xB1010100,0x7A040202,0x1F202020,0x00000000,0x02000000,0x00000000,0x00000000,
    0x00000000,0x03000000,0x00000000,0x610F0F0F,0xF00C0B0B,0xFF3D3E40,0xFF6C7074,0xFF73777B,0xFF515457,0xFF202021,0xFF343536,0xFFACB3BA,0xFFC8D0D9,0xFCBDC5CD,0xFF272829,0x340E0909,0x350E0909,0xFF282929,0xFCBEC5CD,0xFFC8D0D9,0xFFACB3BA,0xFF333536,0xFF202021,0xFF515457,0xFF73777C,0xFF6C7074,0xFF3D3F41,0xF00C0B0B,0x610F0F0F,0x00000000,0x03000000,0x00000000,
    0x03000000,0x00000000,0x53121212,0xFF141414,0xFF7F8489,0xFBCCD4DD,0xFCCFD8E0,0xFCD1DAE3,0xFBCCD5DD,0xFDB6BEC5,0xFEC0C7CF,0xFFC4CCD4,0xFCD5DEE7,0xFF7D8287,0xED090808,0x112D2D2D,0x122A2A2A,0xEE090908,0xFF7E8388,0xFCD5DEE6,0xFFC4CCD4,0xFEBFC7CF,0xFDB6BEC5,0xFBCCD5DD,0xFCD1DAE3,0xFCCFD8E1,0xFBCCD5DD,0xFF7F8489,0xFF141414,0x53121212,0x00000000,0x03000000,
    0x01000000,0x0C3F3F3F,0xE4070706,0xFE74787C,0xFCD6DFE7,0xFFC5CDD5,0xFEC6CED6,0xFBC4CCD4,0xFCCFD7E0,0xFDD1DAE2,0xFDCFD8E0,0xFBD2DAE3,0xFF91979D,0xFF191919,0x52121212,0x00010101,0x00010101,0x53121212,0xFF191A1A,0xFF92979E,0xFBD1DAE3,0xFDCFD8E0,0xFDD1DAE2,0xFCCFD7E0,0xFBC4CCD4,0xFEC6CED6,0xFFC5CDD5,0xFCD6DFE7,0xFE74787D,0xE4070706,0x0C3F3F3F,0x01000000,
    0x00000000,0x4B060606,0xFF262728,0xFCBDC5CD,0xFFC7D0D8,0xFFB4BBC2,0xFF474A4C,0xFF353638,0xFF6C7074,0xFF8B9096,0xFF83898D,0xFF515457,0xED131312,0x90111111,0x52060606,0x84000000,0x84000000,0x52060606,0x91111111,0xEE131313,0xFF515457,0xFF83888D,0xFF8B9096,0xFF6B6F73,0xFF353637,0xFF474A4B,0xFFB4BBC2,0xFFC7D0D8,0xFCBDC5CC,0xFF262728,0x4B060606,0x00000000,
    0x00010101,0x74000000,0xFE454749,0xFBCAD2DB,0xFDCED7DF,0xFF626669,0xC1000000,0x63070705,0xBB040202,0xD7090808,0xCC060605,0x97060505,0xB10E0E0E,0xDF0C0B0B,0xFF2F3031,0xFF4C4F51,0xFF4C4F51,0xFF2F3031,0xE00C0C0B,0xB20E0E0E,0x96050503,0xCD060604,0xD7090808,0xBB040202,0x63070705,0xC1000000,0xFF62666A,0xFDCED7DF,0xFBCAD2DA,0xFE444648,0x73000000,0x00010101,
    0x00010101,0x70000000,0xFE414345,0xFBC9D2DA,0xFDCDD6DF,0xFE6E7276,0xD4010000,0x16455151,0x00010202,0x06555555,0x00040505,0x9C0D0D0B,0xFF272728,0xFF8E9499,0xFCC2CAD2,0xFBCCD4DC,0xFBCCD4DC,0xFCC2CAD2,0xFF8E9399,0xFF252627,0x980D0D0D,0x00040405,0x0655557F,0x00010202,0x16455151,0xD5010000,0xFE6E7376,0xFDCED6DF,0xFBC9D2DA,0xFE404244,0x6F000000,0x00010101,
    0x00000000,0x3F0C0C0C,0xFF1F1F1F,0xFCB7BEC6,0xFFC7D0D8,0xFDC2C9D1,0xFF525558,0xE7090908,0x1F202029,0x00000000,0x800B0909,0xFF282829,0xFBB3BAC2,0xFECFD8E0,0xFFCAD2DA,0xFBCFD7E0,0xFBCFD7E0,0xFFCAD2DA,0xFECFD7E0,0xFCB1B8BF,0xFF262727,0x7B0A0A0A,0x00000000,0x201F2727,0xE7090908,0xFF535558,0xFDC2CAD2,0xFFC7D0D8,0xFCB7BEC5,0xFF1E1F1F,0x3E0C0808,0x00000000,
    0x02000000,0x05666666,0xD2070606,0xFF5F6266,0xFCD2DBE4,0xFFC5CDD5,0xFACED6DE,0xFF424446,0x9B060404,0x0F444455,0xF60B0B0B,0xFD8F949A,0xFECFD7E0,0xFFC6CED6,0xFF9FA5AB,0xFF575A5D,0xFF575A5D,0xFF9FA5AC,0xFFC6CED6,0xFECFD8E0,0xFD8C9297,0xF40B0A0A,0x0E48485B,0x9C060404,0xFF424446,0xFACED6DE,0xFFC5CDD5,0xFCD2DBE3,0xFF5F6265,0xD1070606,0x05666666,0x02000000,
    0x03000000,0x00000000,0x3717171B,0xF80C0B0B,0xFF686C6F,0xFEC5CDD5,0xFECCD4DC,0xFE989EA4,0xE00E0D0D,0x6F090909,0xFF2F3031,0xFDC1C9D1,0xFFCAD2DA,0xFE9EA5AB,0xFF131313,0xA3010000,0xA3000000,0xFF141414,0xFEA0A6AD,0xFFCAD2DA,0xFDC1C9D1,0xFF2F3031,0x6F090909,0xE10E0E0D,0xFE989EA5,0xFECBD4DC,0xFEC5CDD5,0xFF676B6F,0xF80C0B0B,0x36171717,0x00000000,0x03000000,
    0x00000000,0x02000000,0x00000000,0x351C1C1C,0xED070605,0xFE92979D,0xFDD0D8E1,0xFFB5BCC3,0xF2222223,0xBA010100,0xFE4C4E51,0xFDCAD2DB,0xFCCED6DF,0xFF575A5D,0xA3010000,0x00040405,0x00040405,0xA4010000,0xFF575B5E,0xFCCED6DF,0xFDCAD2DB,0xFE4C4E51,0xBA010100,0xF2222323,0xFFB5BCC4,0xFECFD7E0,0xFE91979D,0xEC070605,0x351C1C1C,0x00000000,0x02000000,0x00000000,
    0x00000000,0x02000000,0x00000000,0x361C1C1C,0xED070606,0xFE92989D,0xFDD0D8E1,0xFFB5BCC3,0xF2222223,0xBA010100,0xFE4C4E51,0xFDCAD2DB,0xFCCED6DF,0xFF575A5D,0xA4010000,0x00040405,0x00040405,0xA4000000,0xFF585A5D,0xFCCED7DF,0xFDCAD2DB,0xFE4C4E51,0xBA010100,0xF2222323,0xFFB5BCC4,0xFECFD7E0,0xFE92979D,0xEC070605,0x351C1C1C,0x00000000,0x02000000,0x00000000,
    0x03000000,0x00000000,0x38161616,0xF90C0C0B,0xFF686C70,0xFEC5CDD5,0xFECCD4DD,0xFE979EA4,0xE00E0D0D,0x6F090909,0xFF2F3031,0xFDC1C9D1,0xFFCAD2DA,0xFE9FA5AC,0xFF141414,0xA4000000,0xA3000000,0xFF141414,0xFEA0A6AC,0xFFCAD2DA,0xFDC1C9D1,0xFF2F2F31,0x6F090909,0xE10E0D0D,0xFE989EA4,0xFECBD4DC,0xFEC5CDD5,0xFF686C6F,0xF80C0C0B,0x37171717,0x00000000,0x03000000,
    0x02000000,0x0655557F,0xD3070606,0xFF606366,0xFCD3DBE4,0xFFC5CDD5,0xFACED6DE,0xFF414345,0x9A060404,0x0E48485B,0xF60B0B0A,0xFD8E9499,0xFECFD7E0,0xFFC6CED6,0xFFA0A6AD,0xFF575A5D,0xFF575A5D,0xFFA0A6AC,0xFFC6CED6,0xFECFD7E0,0xFD8E9499,0xF60B0B0A,0x0E48485B,0x9B060404,0xFF424446,0xFACED6DE,0xFFC5CDD5,0xFCD2DBE4,0xFF5F6266,0xD2070606,0x05666666,0x02000000,
    0x00000000,0x3F0C0C0C,0xFF1F1F20,0xFCB7BFC6,0xFFC7D0D7,0xFDC1C9D1,0xFF515557,0xE6090908,0x1F202020,0x00000000,0x7E0C0A0A,0xFF252627,0xFCB1B8BF,0xFECFD8E0,0xFFCAD2DA,0xFBCFD8E0,0xFBCFD8E0,0xFFCAD2DA,0xFECFD7E0,0xFCB1B8BF,0xFF262627,0x7E0C0A0A,0x00000000,0x1F202020,0xE6090908,0xFF525558,0xFDC1C9D1,0xFFC7D0D8,0xFCB7BEC6,0xFF1F1F20,0x3F0C0C08,0x00000000,
    0x00010101,0x70000000,0xFE414345,0xFBC9D2DA,0xFDCDD6DE,0xFE6D7175,0xD3010000,0x15485555,0x00010202,0x07484848,0x00040404,0x970D0D0D,0xFF252526,0xFF8B9196,0xFCC2CAD2,0xFBCCD4DC,0xFBCCD4DC,0xFCC2CAD2,0xFF8D9398,0xFF252626,0x980D0D0D,0x00040404,0x07484848,0x00010202,0x15485555,0xD4010000,0xFE6E7276,0xFDCDD6DF,0xFBC9D2DA,0xFE414344,0x6F000000,0x00010101,
    0x00010101,0x75000000,0xFE454749,0xFBCAD3DB,0xFDCED7DF,0xFF626669,0xC0000000,0x64070705,0xBC040202,0xD9090808,0xCE060604,0x97050503,0xAE0E0D0D,0xDD0B0B0A,0xFF2F3031,0xFF4C4E51,0xFF4C4E51,0xFF2F2F31,0xDF0C0B0B,0xB10E0E0E,0x97050503,0xCE060604,0xD9090808,0xBC040202,0x64070705,0xC1000000,0xFF63666A,0xFDCED7DF,0xFBCAD2DA,0xFE444648,0x73000000,0x00010101,
    0x00000000,0x4B060606,0xFF262728,0xFCBDC5CD,0xFFC7D0D8,0xFFB4BBC2,0xFF484A4C,0xFF353738,0xFF6C7074,0xFF8C9297,0xFF84898F,0xFF525558,0xED131313,0x90111111,0x52060606,0x84000000,0x84000000,0x52060603,0x91111111,0xEE131313,0xFF525558,0xFF84898F,0xFF8C9297,0xFF6C7074,0xFF353638,0xFF484A4D,0xFFB4BBC3,0xFFC8D0D8,0xFCBDC5CC,0xFF262627,0x4A060606,0x00000000,
    0x01000000,0x0C3F3F3F,0xE4070706,0xFE74787D,0xFCD6DFE8,0xFFC5CDD5,0xFEC6CED6,0xFBC4CCD4,0xFCCFD7E0,0xFDD1DAE2,0xFDCFD8E0,0xFBD2DBE3,0xFF93989E,0xFF1A1A1A,0x54121212,0x00010101,0x00010101,0x54121212,0xFF1A1A1A,0xFF93989E,0xFBD2DBE3,0xFDCFD8E0,0xFDD1DAE2,0xFCCFD7E0,0xFBC4CCD4,0xFEC6CED6,0xFFC5CDD5,0xFCD6DFE7,0xFE73787B,0xE4070706,0x0B454545,0x01000000,
    0x03000000,0x00000000,0x53121212,0xFF141414,0xFF7F8489,0xFBCCD4DC,0xFCCFD8E0,0xFCD1DAE3,0xFBCCD4DD,0xFDB6BDC4,0xFEBFC7CF,0xFFC4CCD4,0xFCD5DEE6,0xFF7F8388,0xEE090908,0x122A2A2A,0x122A2A2A,0xEE090908,0xFF7F8388,0xFCD5DEE6,0xFFC4CCD4,0xFEBFC7CF,0xFDB6BDC5,0xFBCCD5DD,0xFCD1DAE3,0xFCCFD8E0,0xFBCCD4DC,0xFF7E8488,0xFF141413,0x52121212,0x00000000,0x03000000,
    0x00000000,0x02000000,0x00000000,0x610F0F0F,0xF00C0B0B,0xFF3C3E40,0xFF6B6F73,0xFF72767A,0xFF515356,0xFF1F2020,0xFF333436,0xFFACB2B9,0xFFC8D0D9,0xFCBEC5CD,0xFF282929,0x340E0E09,0x350E0E09,0xFF28292A,0xFCBEC6CD,0xFFC8D0D9,0xFFACB2BA,0xFF333435,0xFF1F2020,0xFF515456,0xFF72767A,0xFF6B6F73,0xFF3C3E40,0xF00B0B0B,0x600F0F0F,0x00000000,0x02000000,0x00000000,
    0x00000000,0x00000000,0x02000000,0x00000000,0x1E222222,0x78040402,0xAF010100,0xBA020101,0x95010100,0x47111111,0xBE000000,0xFF65686C,0xFCCFD8E0,0xFCCAD2DA,0xFE414345,0x92000000,0x93000000,0xFE424445,0xFCCAD2DA,0xFCCFD8E0,0xFF64686C,0xBE000000,0x48111111,0x95010100,0xBA020101,0xAF010100,0x78040402,0x1E222222,0x00000000,0x03000000,0x00000000,0x00000000,
    0x00000000,0x00000000,0x00000000,0x03000000,0x00000000,0x00000001,0x00020202,0x00020202,0x00010101,0x00000000,0x7B040404,0xFF434547,0xFBCDD5DD,0xFFC7CFD7,0xFF9AA0A6,0xFF2C2D2E,0xFF2C2D2E,0xFF9BA0A6,0xFFC6CFD7,0xFBCDD5DD,0xFF434547,0x7B040404,0x00000000,0x00010101,0x00020202,0x00020202,0x00000001,0x00000000,0x03000000,0x00000000,0x00000000,0x00000000,
    0x00000000,0x00000000,0x00000000,0x00000000,0x02000000,0x04000000,0x03000000,0x03000000,0x06000000,0x03000000,0x2E161616,0xFF121211,0xFB9DA3AA,0xFED0D9E1,0xFFC5CDD5,0xFDBFC7CF,0xFDBFC7CF,0xFFC5CDD5,0xFED0D9E2,0xFB9DA3A9,0xFE121211,0x2E161616,0x03000000,0x06000000,0x03000000,0x03000000,0x04000000,0x02000000,0x00000000,0x00000000,0x00000000,0x00000000,
    0x00000000,0x00000000,0x00000000,0x00000000,0x00000000,0x00000000,0x00000000,0x00000000,0x00000000,0x03000000,0x00010101,0x8F0A0A0A,0xFF272829,0xFCA5ACB3,0xFCD1DAE3,0xFECFD8E0,0xFECFD8E0,0xFCD1DAE2,0xFCA4ACB2,0xFF272829,0x8E0A0A0A,0x00010101,0x03000000,0x00000000,0x00000000,0x00000000,0x00000000,0x00000000,0x00000000,0x00000000,0x00000000,0x00000000,
    0x00000000,0x00000000,0x00000000,0x00000000,0x00000000,0x00000000,0x00000000,0x00000000,0x00000000,0x01000000,0x02000000,0x03AAAAAA,0x950B0A0A,0xFF171717,0xFF56595C,0xFF7D8287,0xFF7D8287,0xFF56595C,0xFF161616,0x950B0B0A,0x03AAAAAA,0x02000000,0x01000000,0x00000000,0x00000000,0x00000000,0x00000000,0x00000000,0x00000000,0x00000000,0x00000000,0x00000000,
    0x00000000,0x00000000,0x00000000,0x00000000,0x00000000,0x00000000,0x00000000,0x00000000,0x00000000,0x00000000,0x00000000,0x00000000,0x00010101,0x49111111,0xAB010100,0xD7050504,0xD7050504,0xAA010100,0x49111111,0x00010101,0x00000000,0x00000000,0x00000000,0x00000000,0x00000000,0x00000000,0x00000000,0x00000000,0x00000000,0x00000000,0x00000000,0x00000000,
};

static const uint32_t bits32_browser[1024] = {
    0x00000000,0x00000000,0x00000000,0x00000000,0x00000000,0x00000000,0x00000000,0x03000000,0x00000000,0x00000001,0x02FFFFFF,0x3B110C08,0x7C080200,0xB0080200,0xD00B0601,0xE70D0906,0xE70D0906,0xD00B0601,0xB0080200,0x7F080400,0x3C0C0C08,0x03AAFFFF,0x00000001,0x00000000,0x03000000,0x00000000,0x00000000,0x00000000,0x00000000,0x00000000,0x00000000,0x00000000,
    0x00000000,0x00000000,0x00000000,0x00000000,0x00000000,0x01000000,0x02000000,0x00000000,0x13283543,0x740A0802,0xCF0C0702,0xFE181A1D,0xFF2F3B4A,0xFF445A75,0xFF516E91,0xFF5B7DA6,0xFF5B7DA6,0xFF516E91,0xFF445A75,0xFF2F3C4B,0xFF191B1E,0xD00C0702,0x750D0804,0x14263333,0x00000000,0x02000000,0x01000000,0x00000000,0x00000000,0x00000000,0x00000000,0x00000000,
    0x00000000,0x00000000,0x00000000,0x00000000,0x02000000,0x00000000,0x00010203,0x640F0F0C,0xE40D0804,0xFF28303A,0xFF547296,0xFF73A0D7,0xFC83B8F8,0xFD88BFFF,0xFD88BFFF,0xFE85BCFD,0xFE85BCFD,0xFD88BFFF,0xFD88BFFF,0xFC83B8F8,0xFF74A2D9,0xFF547297,0xFF27303A,0xE50D0804,0x650F0F0C,0x00010203,0x00000000,0x02000000,0x00000000,0x00000000,0x00000000,0x00000000,
    0x00000000,0x00000000,0x00000000,0x02000000,0x00000000,0x0E36485B,0xA90C0904,0xFF1A1C1F,0xFF537196,0xFB80B3F2,0xFD86BCFD,0xFF86BCFE,0xFF83B8F8,0xFF7DAFEC,0xFF7DAFEC,0xFF7EB1EF,0xFF7EB1EF,0xFF7DAFEC,0xFF7DAFEC,0xFF83B8F8,0xFF86BCFE,0xFD86BCFD,0xFB80B3F2,0xFF547398,0xFF1A1C20,0xAB0D0804,0x0F334455,0x00000000,0x02000000,0x00000000,0x00000000,0x00000000,
    0x00000000,0x00000000,0x02000000,0x00000000,0x181F2A35,0xCB0C0803,0xFF2B3440,0xFB73A1D9,0xFE85BCFD,0xFF82B6F6,0xFF84BAFB,0xFF6A93C5,0xFF5E82AD,0xFF81B4F3,0xFF80B4F2,0xFE7BACE8,0xFE7BACE8,0xFF80B4F2,0xFF80B4F3,0xFF5E81AC,0xFF6A93C6,0xFF84BAFB,0xFF82B7F6,0xFE85BCFD,0xFB73A1D9,0xFF2A3440,0xCC0C0803,0x181F2A35,0x00000000,0x02000000,0x00000000,0x00000000,
    0x00000000,0x01000000,0x02000000,0x0E36485B,0xCD0C0803,0xFF313E4E,0xFA80B3F2,0xFF82B6F6,0xFE83B9F9,0xFE729FD5,0xFF394C61,0xFF121212,0xFF6185B2,0xFF83B8F8,0xFF85BBFC,0xFF394A5F,0xFF394B60,0xFF85BBFC,0xFF83B8F8,0xFF6085B1,0xFF121211,0xFF3A4B61,0xFE729ED5,0xFE83B8F9,0xFF82B6F6,0xFA80B4F2,0xFF313E4E,0xCC0C0703,0x0E364848,0x02000000,0x01000000,0x00000000,
    0x00000000,0x03000000,0x00010202,0xAD0B0804,0xFF2B3441,0xFA80B4F2,0xFF80B4F3,0xFE84B9FA,0xFF597BA3,0xFF191C1E,0xFB050000,0xFF3A4C62,0xFF86BDFF,0xFF84B9FA,0xFE6083AF,0xFA0E0C09,0xFA0F0C09,0xFE6084B0,0xFF84B9F9,0xFF86BDFE,0xFF3A4C62,0xFB060000,0xFF191B1E,0xFF597AA2,0xFE84B9FA,0xFF80B4F3,0xFA80B3F2,0xFF2B3441,0xAC0B0804,0x00010202,0x03000000,0x00000000,
    0x03000000,0x00000000,0x610F0D0A,0xFF1A1C1F,0xFA74A2DA,0xFF82B6F6,0xFE84B9FA,0xFF506C8E,0xF40D0A06,0x90110F0E,0xF4151516,0xFE6B95C8,0xFF84B9F9,0xFC7EB1EF,0xFF272F39,0x750D0A06,0x760C0A06,0xFF272F3A,0xFC7EB2EF,0xFF84B9FA,0xFE6B94C7,0xF4141515,0x8F111010,0xF40D0906,0xFF4F6B8E,0xFE84B9FA,0xFF82B6F6,0xFA74A2DA,0xFF1A1C1F,0x610F0F0A,0x00000000,0x03000000,
    0x01000000,0x112D2D3C,0xE90C0804,0xFD547298,0xFD86BCFF,0xFE83B9F9,0xFC5A7BA4,0xFC0E0A07,0x3E181C20,0x750A0400,0xFF324050,0xFB84B8F9,0xFD86BCFD,0xFE58789F,0xE70C0804,0x09385571,0x0A334C66,0xE70D0805,0xFE5979A0,0xFD86BCFD,0xFB84B8F9,0xFF323F50,0x740A0400,0x3D191D21,0xFC0E0A06,0xFC5A7BA3,0xFE83B8F9,0xFD86BCFF,0xFD537197,0xE90C0804,0x111E2D3C,0x01000000,
    0x00000001,0x740A0602,0xFF27303A,0xFB80B3F2,0xFF82B7F6,0xFC729FD6,0xFF181A1B,0x64110F0C,0x00010204,0xDF0C0804,0xFF57769D,0xFD86BCFF,0xFB82B6F5,0xFF2E3947,0x81090500,0x00000101,0x00000101,0x82090500,0xFF2E3A48,0xFB82B6F6,0xFD86BCFF,0xFF56759C,0xDE0B0803,0x00010204,0x65110F0C,0xFF181A1B,0xFC729FD6,0xFF82B7F6,0xFB80B3F1,0xFF27303A,0x730B0602,0x00000001,
    0x06557FAA,0xD40A0702,0xFE547297,0xFD86BCFD,0xFC84BAFA,0xFF3A4C61,0xB8090500,0x00010203,0x330F0F0A,0xFE18191B,0xFE719DD3,0xFE86BCFF,0xFE6D96C9,0xFA141313,0x27131313,0x00000000,0x00000000,0x27131313,0xFA141414,0xFE6C97CA,0xFE86BCFF,0xFE719DD3,0xFE17181A,0x310F0F0A,0x00010203,0xB9090500,0xFF3A4C61,0xFC84BAFA,0xFD86BCFD,0xFE547296,0xD40A0702,0x056699CC,
    0x3C0C0C08,0xFE191B1D,0xFE74A1D9,0xFE85BBFD,0xFE6E99CD,0xFF151616,0x3C151511,0x0600002A,0x6B090400,0xFF2A3440,0xFB80B3F2,0xFD87BEFF,0xFF526F92,0xCD0B0602,0x05669999,0x05000000,0x05000000,0x05666699,0xCE0B0602,0xFF526F92,0xFD87BEFF,0xFB80B3F2,0xFF2A3340,0x6A090400,0x05000033,0x3C151511,0xFF151616,0xFE6E99CE,0xFE85BBFD,0xFE73A1D9,0xFE191B1D,0x3B0C0C08,
    0x80070300,0xFF2F3B4B,0xFC82B7F7,0xFC87BEFF,0xFF4E6A8B,0xBC0C0804,0x00010305,0x00000204,0x910A0505,0xFF3E5168,0xFB86BBFD,0xFB86BBFD,0xFF3B4E64,0x84090503,0x00000103,0x00000102,0x00000102,0x00000103,0x85090503,0xFF3C4E65,0xFB86BBFD,0xFB86BBFD,0xFF3E5068,0x900A0505,0x00000203,0x00010305,0xBC0C0804,0xFF4F6B8C,0xFC87BEFF,0xFC82B7F6,0xFF2F3B4A,0x7F080400,
    0xB3080200,0xFF435A75,0xFC87BEFF,0xFD83B7F7,0xFF2D3846,0xC9030000,0x85090500,0x860B0701,0xDB030000,0xFF496281,0xFD88BFFF,0xFD7EB2EF,0xFF242B33,0xBA050000,0x84090300,0x8A070100,0x8A070100,0x84090300,0xBA050000,0xFF242C34,0xFD7EB2EF,0xFD88BFFF,0xFF496280,0xDA030000,0x860B0701,0x85090500,0xC9030000,0xFF2D3846,0xFD83B7F7,0xFC87BEFF,0xFF435A75,0xB2080200,
    0xD10A0601,0xFF516E90,0xFD88BFFF,0xFF7CAFEB,0xFF435975,0xFF36465A,0xFF3A4B61,0xFF3A4C62,0xFF344355,0xFF6288B5,0xFF84BAFA,0xFF7CADE9,0xFF415670,0xFF37475B,0xFF3A4B61,0xFF394B60,0xFF394B60,0xFF3A4B61,0xFF37475B,0xFF415670,0xFF7CADE9,0xFF84BAFA,0xFF6288B5,0xFF344355,0xFF3A4C62,0xFF3A4B61,0xFF36465A,0xFF435975,0xFF7CAFEB,0xFD88BFFF,0xFF506D90,0xD10A0601,
    0xE60D0905,0xFF5B7DA6,0xFE86BCFF,0xFF7EB0ED,0xFF83B8F8,0xFD85BAFB,0xFB85BAFC,0xFB85BAFC,0xFE84B9FA,0xFF81B5F4,0xFF7FB1EF,0xFF7FB2F0,0xFF83B8F8,0xFD85BAFB,0xFB85BAFC,0xFB85BAFC,0xFB85BAFC,0xFB85BAFC,0xFD85BAFB,0xFF83B8F8,0xFF7FB2F0,0xFF7FB1EF,0xFF81B5F4,0xFE84B9FA,0xFB85BAFC,0xFB85BAFC,0xFD85BAFB,0xFF83B8F8,0xFF7EB0ED,0xFE86BCFF,0xFF5B7DA6,0xE60D0905,
    0xE60D0905,0xFF5B7DA6,0xFE86BCFF,0xFF7EB0ED,0xFF83B8F8,0xFD85BAFB,0xFB85BAFC,0xFB85BAFC,0xFE84B9FA,0xFF81B5F4,0xFF7FB1EF,0xFF7FB2F0,0xFF83B8F8,0xFD85BAFB,0xFB85BAFC,0xFB85BAFC,0xFB85BAFC,0xFB85BAFC,0xFD85BAFB,0xFF83B8F8,0xFF7FB2F0,0xFF7FB1EF,0xFF81B5F4,0xFE84B9FA,0xFB85BAFC,0xFB85BAFC,0xFD85BAFB,0xFF83B8F8,0xFF7EB0ED,0xFE86BCFF,0xFF5B7CA6,0xE60D0905,
    0xD10A0601,0xFF516E91,0xFD88BFFF,0xFF7CAFEB,0xFF435975,0xFF36465A,0xFF3A4B61,0xFF3A4C62,0xFF344355,0xFF6288B5,0xFF84BAFA,0xFF7CADE9,0xFF415670,0xFF37475B,0xFF3A4B61,0xFF394B60,0xFF394B60,0xFF3A4B61,0xFF37475B,0xFF415670,0xFF7CADE9,0xFF84BAFA,0xFF6288B5,0xFF344355,0xFF3A4C62,0xFF3A4B61,0xFF36465A,0xFF435A75,0xFF7CAFEB,0xFD88BFFF,0xFF506D90,0xD10A0601,
    0xB2080200,0xFF435A75,0xFC87BEFF,0xFD83B7F7,0xFF2D3846,0xC9030000,0x85090500,0x860B0701,0xDB030000,0xFF496281,0xFD88BFFF,0xFD7EB2EF,0xFF242B34,0xBA050000,0x84090300,0x8A070100,0x8A070100,0x84090300,0xBA050000,0xFF242C34,0xFD7EB2F0,0xFD88BFFF,0xFF496280,0xDA030000,0x860B0701,0x85090500,0xC9030000,0xFF2D3847,0xFD83B7F7,0xFC87BEFF,0xFF435A75,0xB2080200,
    0x7F080400,0xFF2F3B4A,0xFC82B7F7,0xFC87BEFF,0xFF4F6A8C,0xBC0C0804,0x00010305,0x00000204,0x910A0505,0xFF3E5168,0xFB86BBFD,0xFB86BBFD,0xFF3C4E64,0x85090503,0x00000103,0x00000102,0x00000102,0x00000103,0x86090503,0xFF3C4F65,0xFB86BBFD,0xFB85BBFD,0xFF3E5068,0x900A0505,0x00000203,0x00010305,0xBD0C0804,0xFF4F6B8C,0xFC87BEFF,0xFC82B7F6,0xFF2F3B4A,0x7F080400,
    0x3C0C0C08,0xFE191B1D,0xFE73A1D9,0xFE85BBFD,0xFE6E99CE,0xFF151616,0x3C151511,0x05000033,0x6B090400,0xFF2A3440,0xFB80B3F2,0xFD87BEFF,0xFF526F92,0xCE0B0702,0x05669999,0x05000000,0x05000000,0x05666699,0xCF0B0602,0xFF526F93,0xFD87BEFF,0xFB80B3F2,0xFF2A333F,0x6A090400,0x05000033,0x3C151511,0xFF151616,0xFE6E99CE,0xFE85BBFD,0xFE73A1D8,0xFE181B1D,0x3B0C0C08,
    0x06557FAA,0xD40A0702,0xFE547296,0xFD86BCFD,0xFC84BAFA,0xFF3B4C62,0xB8090500,0x00010203,0x320F0F0A,0xFE17191A,0xFE719DD3,0xFE86BCFF,0xFE6D96CA,0xFA141414,0x27131313,0x00000000,0x00000000,0x28131313,0xFA141414,0xFE6D97CA,0xFE86BCFF,0xFE719DD2,0xFE17181A,0x310F0F0A,0x00010203,0xB9090500,0xFF3B4D62,0xFC84BAFB,0xFD86BCFD,0xFE547296,0xD40A0702,0x056699CC,
    0x00000001,0x730B0602,0xFF27303A,0xFB80B3F1,0xFF82B7F6,0xFC739FD6,0xFF181A1B,0x66110F0C,0x00010204,0xDF0B0803,0xFF56769C,0xFD86BCFF,0xFB82B6F6,0xFF2E3948,0x82090500,0x00000101,0x00000101,0x83090500,0xFF2E3A48,0xFB82B6F6,0xFD86BCFF,0xFF56759B,0xDE0B0803,0x00010204,0x65110F0C,0xFF181A1C,0xFC739FD7,0xFF82B7F6,0xFB80B3F1,0xFF272F3A,0x730B0602,0x00000001,
    0x01000000,0x111E2D3C,0xE80C0804,0xFD537297,0xFD86BCFF,0xFE83B9F9,0xFC5A7CA4,0xFC0E0A07,0x3E181C20,0x750A0400,0xFF324050,0xFB84B8F9,0xFD86BCFD,0xFE5879A0,0xE70C0805,0x09385571,0x0A334C66,0xE80D0805,0xFE5979A1,0xFD86BCFD,0xFB84B8F9,0xFF323F50,0x730B0402,0x3E181C20,0xFC0E0A06,0xFC5A7CA4,0xFE83B9F9,0xFD86BCFF,0xFD537196,0xE80C0804,0x102F2F3F,0x01000000,
    0x03000000,0x00000000,0x610F0F0A,0xFF1A1C1F,0xFA74A2DA,0xFF82B6F6,0xFE83B9FA,0xFF506C8F,0xF40D0A06,0x90110F0E,0xF4141516,0xFE6B95C7,0xFF84B9FA,0xFC7EB2EF,0xFF272F39,0x760C0A06,0x770C0A06,0xFF27303A,0xFC7EB2F0,0xFF84B9FA,0xFE6B94C7,0xF3141616,0x8F111010,0xF40D0A06,0xFF506C8E,0xFE83B9FA,0xFF82B6F6,0xFA74A2D9,0xFF1A1C1F,0x600F0F0A,0x00000000,0x03000000,
    0x00000000,0x03000000,0x00010202,0xAB0B0804,0xFF2A3440,0xFA80B3F1,0xFF80B4F3,0xFE84B9FA,0xFF5A7BA4,0xFF1A1C1F,0xFB050000,0xFF3A4C62,0xFF86BDFE,0xFF84B9F9,0xFE6084B0,0xFA0F0C09,0xFA0F0C09,0xFE6085B1,0xFF84B9F9,0xFF86BCFE,0xFF394B61,0xFB060000,0xFF191B1E,0xFF5A7BA2,0xFE84B9FA,0xFF80B4F3,0xFA80B3F2,0xFF2A3440,0xAC0B0804,0x00010202,0x03000000,0x00000000,
    0x00000000,0x01000000,0x02000000,0x0E36485B,0xCC0C0703,0xFF313E4E,0xFA7FB3F2,0xFF82B6F6,0xFE83B8F9,0xFE729FD5,0xFF3A4C62,0xFF121212,0xFF6085B1,0xFF83B8F8,0xFF85BBFC,0xFF394B60,0xFF394C61,0xFF85BBFD,0xFF83B8F8,0xFF6084B0,0xFF121111,0xFF3A4C62,0xFE729ED5,0xFE83B8F9,0xFF82B6F6,0xFA7FB3F2,0xFF313E4E,0xCC0C0803,0x0E364848,0x02000000,0x01000000,0x00000000,
    0x00000000,0x00000000,0x02000000,0x00000000,0x17212C37,0xCA0C0803,0xFF2A3440,0xFB73A1D8,0xFD86BDFF,0xFF82B7F6,0xFF85BAFB,0xFF6A94C6,0xFF5E82AD,0xFF81B4F3,0xFF80B4F2,0xFE7BADE8,0xFE7BADE8,0xFF80B4F2,0xFF80B4F3,0xFF5E81AC,0xFF6A94C6,0xFF84BAFB,0xFF82B7F6,0xFE85BBFD,0xFB73A1D8,0xFF2A3440,0xCB0C0803,0x181F2A35,0x00000000,0x02000000,0x00000000,0x00000000,
    0x00000000,0x00000000,0x00000000,0x02000000,0x00000000,0x0E36485B,0xA80C0904,0xFF1A1C1E,0xFF537195,0xFB80B3F1,0xFD86BCFD,0xFF86BCFE,0xFF83B8F9,0xFF7DAFEC,0xFF7DAFEC,0xFF7EB1EF,0xFF7EB1EF,0xFF7DAFEC,0xFF7DAFEC,0xFF83B8F8,0xFF86BCFE,0xFD86BCFD,0xFB80B3F2,0xFF547296,0xFF1A1C1E,0xAA0D0904,0x0F334455,0x00000000,0x02000000,0x00000000,0x00000000,0x00000000,
    0x00000000,0x00000000,0x00000000,0x00000000,0x02000000,0x00000000,0x00010203,0x630F0F0C,0xE40D0804,0xFF272F39,0xFF547296,0xFF73A0D7,0xFC82B8F8,0xFD88BFFF,0xFD88BFFF,0xFE85BCFD,0xFE85BCFD,0xFD88BFFF,0xFD88BFFF,0xFC83B8F8,0xFF74A2D9,0xFF547296,0xFF27303A,0xE40D0804,0x64110F0C,0x00010203,0x00000000,0x02000000,0x00000000,0x00000000,0x00000000,0x00000000,
    0x00000000,0x00000000,0x00000000,0x00000000,0x00000000,0x01000000,0x02000000,0x00000000,0x122A3846,0x740D0804,0xCF0C0702,0xFE181A1C,0xFF2E3A49,0xFF445A75,0xFF516D90,0xFF5B7DA6,0xFF5B7DA6,0xFF516D90,0xFF445A75,0xFF2F3C4B,0xFE191B1E,0xD00C0702,0x750D0804,0x13283535,0x00000000,0x02000000,0x01000000,0x00000000,0x00000000,0x00000000,0x00000000,0x00000000,
    0x00000000,0x00000000,0x00000000,0x00000000,0x00000000,0x00000000,0x00000000,0x03000000,0x00000000,0x00000001,0x01FFFFFF,0x3B110C08,0x7C080400,0xB0080200,0xD00B0601,0xE70D0906,0xE70D0906,0xD00B0600,0xB0080200,0x7D080400,0x3C0C0C08,0x03AAFFFF,0x00000001,0x00000000,0x03000000,0x00000000,0x00000000,0x00000000,0x00000000,0x00000000,0x00000000,0x00000000,
};

static const uint32_t bits32_reload[1024] = {
    0x00000000,0x00000000,0x00000000,0x00000000,0x00000000,0x00000000,0x00000000,0x00000000,0x00000000,0x01000000,0x04000000,0x00000000,0x00000000,0x00000000,0x00000101,0x00000102,0x00000102,0x00000101,0x00000000,0x00000000,0x00000000,0x04000000,0x02000000,0x00000000,0x00000000,0x01000000,0x00000000,0x00000001,0x00000001,0x00000000,0x01000000,0x00000000,
    0x00000000,0x00000000,0x00000000,0x00000000,0x00000000,0x00000000,0x00000000,0x01000000,0x03000000,0x00000000,0x00000001,0x00020203,0x25141414,0x50060300,0x74060000,0x83050100,0x83050100,0x74060000,0x52090300,0x2813130C,0x01FFFFFF,0x00000001,0x00000000,0x03000000,0x02000000,0x00000000,0x19141E1E,0x76080400,0x76080400,0x1A131D1D,0x00000000,0x01000000,
    0x00000000,0x00000000,0x00000000,0x00000000,0x00000000,0x00000000,0x02000000,0x00000000,0x00000000,0x17212C2C,0x740A0602,0xCB0A0601,0xFB141414,0xFF272C33,0xFF36404D,0xFF3E4C5C,0xFF3E4C5C,0xFF36414E,0xFF272D35,0xFD151617,0xD30A0703,0x82090500,0x231D1D1D,0x00000101,0x00000000,0x20171717,0xE3100F0D,0xFF323B46,0xFF323B46,0xE4100F0D,0x1D1A1A1A,0x01000000,
    0x00000000,0x00000000,0x00000000,0x00000000,0x00000000,0x02000000,0x00000000,0x02FFFFFF,0x730D0B08,0xE80C0906,0xFF2B323A,0xFF596F8A,0xFF7B9CC4,0xFC8CB4E3,0xFB94BEF0,0xFB96C2F4,0xFB96C2F4,0xFB94BEF0,0xFC8CB5E3,0xFF7C9FC8,0xFF5E7693,0xFF323B46,0xF30F0D0B,0x920C0803,0x0D3A4E62,0x6E090404,0xFF2F3741,0xF796C2F5,0xF796C2F5,0xFF2F3742,0x76080604,0x00000101,
    0x00000000,0x00000000,0x00000000,0x00000000,0x03000000,0x00000000,0x1E222A2A,0xBE0A0804,0xFF212429,0xFF637D9B,0xFB90B9EA,0xFD97C3F6,0xFE97C2F5,0xFD99C5F8,0xFB98C5F7,0xFB96C2F4,0xFB96C2F4,0xFB98C4F7,0xFD99C5F8,0xFE97C3F6,0xFD97C3F6,0xFB93BDEF,0xFF6F8DB0,0xFF2E3740,0xD40C0907,0xBD0A0604,0xFE414F61,0xFD95C0F2,0xFB96C2F4,0xFE415061,0x88050100,0x00000102,
    0x00000000,0x00000000,0x00000000,0x02000000,0x00000000,0x291F1F25,0xE00B0704,0xFF384452,0xFB89B0DE,0xFE96C1F3,0xFF94BEF0,0xFC94C0F2,0xFE7FA3CC,0xFF617B99,0xFF4B5D72,0xFF404E5F,0xFF404E5F,0xFF4A5C71,0xFF5F7895,0xFF7B9EC7,0xFC93BEEF,0xFF95C0F2,0xFE94BFF2,0xFC91BCED,0xFF536880,0xFF090402,0xFF3B4858,0xFF94BFF2,0xFB96C2F3,0xFF3F4C5C,0x85050100,0x00000102,
    0x00000000,0x00000000,0x02000000,0x01000000,0x1B252F2F,0xE10B0704,0xFF425162,0xFB95C1F2,0xFF91BBEB,0xFE95BFF2,0xFE7A9CC4,0xFF3E4C5B,0xFF18191A,0xD50A0804,0xA7070300,0x8A050100,0x8B050100,0xA5060300,0xD1090703,0xFF151616,0xFF36414E,0xFF6E8CB0,0xFF94BFF0,0xFF90BAEA,0xFD9AC7FB,0xFD5D7593,0xFF3E4B5C,0xFF94BEF0,0xFB96C2F4,0xFF3F4D5D,0x86050100,0x00000102,
    0x00000000,0x01000000,0x03000000,0x03AAFFFF,0xC20A0703,0xFF384452,0xFB95C1F3,0xFF8FB9E8,0xFD94BFF1,0xFF586F89,0xFF141414,0xAA070400,0x3C11110C,0x03AAFFFF,0x00010102,0x00000102,0x00000102,0x00010102,0x02FFFFFF,0x29121212,0x86090503,0xF10F0E0C,0xFE425163,0xFE8CB5E3,0xFF93BEEF,0xFF93BDEE,0xFF82A6D1,0xFF8DB5E4,0xFB97C4F6,0xFF3F4D5D,0x86050100,0x00000102,
    0x00000000,0x03000000,0x00000001,0x710D0B06,0xFF212429,0xFB89B0DE,0xFF91BBEB,0xFD94BFF1,0xFF4B5D72,0xEF090602,0x53121212,0x00010203,0x00000000,0x00000000,0x03000000,0x04000000,0x04000000,0x05000000,0x00000000,0x1E191919,0xA00E0B07,0xED0D0B09,0xFE040000,0xFE22272C,0xFF7EA1CA,0xFF90BAEB,0xFF91BBEB,0xFF8EB6E5,0xFB97C4F6,0xFF3F4D5D,0x86050100,0x00000102,
    0x02000000,0x01000000,0x14262633,0xED0B0906,0xFD637D9D,0xFD97C2F5,0xFE95BFF2,0xFD586F8A,0xEF090602,0x351C2121,0x00000000,0x04000000,0x03000000,0x01000000,0x00000000,0x00000000,0x01000000,0x01000000,0x0B2E2E2E,0xDB0F0D0B,0xFF3E4B5B,0xFF6884A5,0xFF6783A3,0xFF5E7794,0xFF7494B9,0xFF91BBEC,0xFF8DB6E5,0xFF8DB5E4,0xFB96C3F4,0xFF3E4C5C,0x85050100,0x00000102,
    0x04000000,0x00000001,0x74080602,0xFF2B323A,0xFB90B9EA,0xFF93BEF0,0xFD7A9DC5,0xFF141414,0x50131313,0x00000000,0x06000000,0x00000000,0x00000000,0x00000000,0x00000000,0x00000000,0x03000000,0x00000000,0x350E0E09,0xFF191B1D,0xFA8DB6E6,0xFE9CCAFF,0xFF97C3F7,0xFF9AC7FB,0xFF96C1F3,0xFF91BAEB,0xFF91BBEC,0xFF8FB8E8,0xFA9DCAFF,0xFC445567,0x8C050000,0x00000102,
    0x01000000,0x01FFFFFF,0xCD080401,0xFE596F8A,0xFC97C3F6,0xFC94C0F2,0xFF3E4C5B,0xAC070400,0x00010202,0x05000000,0x00000000,0x00000000,0x00000000,0x00000000,0x00000000,0x00000000,0x02000000,0x00000000,0x1B121C1C,0xF7111010,0xFF5E7693,0xFC8AB2E0,0xFE84AAD6,0xFE85ABD7,0xFE86ACD9,0xFE87ADDA,0xFF86ADD9,0xFF89B0DD,0xFF7EA1CB,0xFF272C33,0x680C0907,0x00000001,
    0x00000000,0x23151515,0xFB141415,0xFF7A9DC5,0xFE97C2F5,0xFE7FA3CC,0xFE18191A,0x370D0D0D,0x01000000,0x03000000,0x00000000,0x00000000,0x00000000,0x00000000,0x00000000,0x00000000,0x00000000,0x02000000,0x00000000,0x62120F0F,0xEE12110F,0xFF1C1F22,0xFF1C1F22,0xFF1C1F22,0xFF1C1F22,0xFF1D1F22,0xFF1C1E21,0xF51E2226,0xF018191B,0xAB0E0D0B,0x0B2E2E2E,0x01000000,
    0x00000001,0x52060300,0xFF262C33,0xFC8CB4E3,0xFD99C4F8,0xFF627B99,0xD70A0803,0x03AAAAFF,0x01000000,0x00000000,0x00000000,0x00000000,0x00000000,0x00000000,0x00000000,0x00000000,0x00000000,0x00000000,0x01000000,0x00000000,0x19141E1E,0x39080804,0x37090904,0x37090904,0x39080804,0x330A0500,0x510F0C0C,0xB7090501,0xAB0B0804,0x1622222E,0x00000000,0x02000000,
    0x00000101,0x73060200,0xFF36414D,0xFB94BEF0,0xFB98C5F7,0xFF4B5D72,0xA5070300,0x00010102,0x03000000,0x00000000,0x00000000,0x00000000,0x00000000,0x00000000,0x00000000,0x00000000,0x00000000,0x00000000,0x00000000,0x02000000,0x00000000,0x00000000,0x00000000,0x00000000,0x00000000,0x121C2A2A,0xD710100F,0xFF313B46,0xFF313B46,0xE4100F0D,0x1E191919,0x01000000,
    0x00000102,0x83050100,0xFF3E4C5C,0xFB96C2F4,0xFB96C2F4,0xFF404E5F,0x8B050100,0x00000102,0x04000000,0x00000000,0x00000000,0x00000000,0x00000000,0x00000000,0x00000000,0x00000000,0x00000000,0x00000000,0x00000000,0x00000000,0x01000000,0x03000000,0x03000000,0x07000000,0x02007F7F,0x7C080604,0xFF303842,0xFA95C0F3,0xFA95C0F3,0xFF303842,0x77080604,0x00000001,
    0x00000102,0x83050100,0xFF3E4C5C,0xFB96C2F4,0xFB96C2F4,0xFF404E5F,0x8B050100,0x00000102,0x04000000,0x00000000,0x00000000,0x00000000,0x00000000,0x00000000,0x00000000,0x00000000,0x00000000,0x00000000,0x00000000,0x00000000,0x00000000,0x00000000,0x00000000,0x04000000,0x00000102,0x8D050100,0xFE435264,0xFB96C2F4,0xFB96C2F4,0xFE404E5F,0x85050000,0x00000102,
    0x00000101,0x73040000,0xFF36414D,0xFB94BEF0,0xFB98C5F8,0xFF4B5D72,0xA5070300,0x00010102,0x03000000,0x00000000,0x00000000,0x00000000,0x00000000,0x00000000,0x00000000,0x00000000,0x00000000,0x00000000,0x00000000,0x00000000,0x00000000,0x00000000,0x00000000,0x03000000,0x00010102,0xA5070300,0xFF4B5D72,0xFB98C4F7,0xFB93BDEF,0xFF343F4B,0x72060000,0x00000001,
    0x00000001,0x51060300,0xFF262C33,0xFC8CB4E2,0xFD99C4F8,0xFF627B99,0xD70A0803,0x03AAAAFF,0x01000000,0x00000000,0x00000000,0x00000000,0x00000000,0x00000000,0x00000000,0x00000000,0x00000000,0x00000000,0x00000000,0x00000000,0x00000000,0x00000000,0x00000000,0x01000000,0x03AAFFFF,0xD80B0804,0xFF627B9A,0xFD99C4F8,0xFC8BB4E2,0xFF262C32,0x50090300,0x00000000,
    0x00000000,0x23151515,0xFB141414,0xFF7A9CC4,0xFE97C2F5,0xFE7FA3CC,0xFE18191A,0x370D0D0D,0x01000000,0x03000000,0x00000000,0x00000000,0x00000000,0x00000000,0x00000000,0x00000000,0x00000000,0x00000000,0x00000000,0x00000000,0x00000000,0x00000000,0x03000000,0x01000000,0x380D0D0D,0xFE18191B,0xFE7FA3CD,0xFE97C2F5,0xFF7A9CC4,0xFA141414,0x2216160F,0x00000000,
    0x01000000,0x01FFFFFF,0xCD080401,0xFE586F89,0xFC97C3F6,0xFC94C0F2,0xFF3E4C5C,0xAD070400,0x00010202,0x05000000,0x00000000,0x00000000,0x00000000,0x00000000,0x00000000,0x00000000,0x00000000,0x00000000,0x00000000,0x00000000,0x00000000,0x00000000,0x05000000,0x00010202,0xAE070400,0xFF3F4D5D,0xFC95C0F2,0xFC97C3F6,0xFE586F89,0xCC080501,0x01FFFFFF,0x01000000,
    0x04000000,0x00000001,0x73080602,0xFF2A323A,0xFB90B9EA,0xFF93BEF0,0xFD7A9EC5,0xFF141414,0x51121212,0x00000000,0x06000000,0x00000000,0x00000000,0x00000000,0x00000000,0x00000000,0x00000000,0x00000000,0x00000000,0x00000000,0x00000000,0x06000000,0x00000000,0x52121212,0xFF141515,0xFC7C9EC7,0xFF93BEEF,0xFB90B9EA,0xFF2A3139,0x72080602,0x00000000,0x04000000,
    0x01000000,0x01000000,0x14262633,0xEC0B0906,0xFD627D9C,0xFD97C2F5,0xFE95BFF2,0xFD596F8B,0xF0090602,0x361C2125,0x00000000,0x04000000,0x03000000,0x01000000,0x00000000,0x00000000,0x00000000,0x00000000,0x01000000,0x03000000,0x04000000,0x00000000,0x371B2020,0xF0090602,0xFD59708C,0xFE95BFF1,0xFD97C2F5,0xFD627C9B,0xEC0B0906,0x14192633,0x01000000,0x01000000,
    0x00000000,0x03000000,0x00000000,0x700D0B09,0xFF202428,0xFB89AFDD,0xFF91BBEB,0xFD94BFF1,0xFF4B5D72,0xEF090602,0x54121212,0x00010203,0x00000000,0x00000000,0x03000000,0x04000000,0x04000000,0x03000000,0x00000000,0x00000000,0x00010203,0x55121212,0xF0090602,0xFF4B5E73,0xFD95BFF1,0xFF91BBEB,0xFA88B0DE,0xFF202328,0x6F0D0B09,0x00000000,0x03000000,0x00000000,
    0x00000000,0x01000000,0x03000000,0x03AAAAFF,0xC10A0703,0xFF384351,0xFB95C1F2,0xFF8FB9E8,0xFD94BFF1,0xFF596F8A,0xFF141414,0xAB080400,0x3C11110C,0x047FBFBF,0x00010102,0x00000102,0x00000102,0x00010102,0x047FBFBF,0x3D10100C,0xAB080400,0xFF151414,0xFF59708B,0xFD95BFF1,0xFF8FB9E9,0xFB95C0F2,0xFF384350,0xC00A0703,0x03AAAAFF,0x03000000,0x01000000,0x00000000,
    0x00000000,0x00000000,0x02000000,0x01000000,0x1B25252F,0xE00B0704,0xFF415162,0xFB95C0F2,0xFF91BBEB,0xFE95C0F1,0xFD7A9DC6,0xFF3E4C5C,0xFF18191A,0xD60A0804,0xA8070300,0x8B050100,0x8B050100,0xA8070300,0xD60A0804,0xFF18191A,0xFF3F4D5D,0xFD7B9EC6,0xFE95C0F1,0xFF91BBEB,0xFB95C0F2,0xFF415061,0xE00B0704,0x1A272731,0x01000000,0x02000000,0x00000000,0x00000000,
    0x00000000,0x00000000,0x00000000,0x02000000,0x00000000,0x291F1F25,0xDF0B0804,0xFF384351,0xFB89AFDD,0xFE95C1F4,0xFF94BEEF,0xFC95C0F2,0xFE7FA3CD,0xFF627C99,0xFF4C5E73,0xFF404F5F,0xFF404F5F,0xFF4C5E73,0xFF627C9A,0xFE7FA3CD,0xFC95C0F2,0xFF94BEF0,0xFE96C1F4,0xFB89AFDD,0xFF384350,0xDF0B0804,0x281F1F26,0x00000000,0x02000000,0x00000000,0x00000000,0x00000000,
    0x00000000,0x00000000,0x00000000,0x00000000,0x03000000,0x00000000,0x1D232B2B,0xBE0A0804,0xFF202428,0xFF627D9B,0xFB90B9EA,0xFD97C3F5,0xFE97C2F5,0xFD99C5F8,0xFB98C5F8,0xFB96C2F4,0xFB96C2F4,0xFB98C5F8,0xFD99C5F8,0xFE97C2F5,0xFD97C3F5,0xFB90B9EA,0xFF627C9A,0xFF202428,0xBD0A0804,0x1D232B34,0x00000000,0x03000000,0x00000000,0x00000000,0x00000000,0x00000000,
    0x00000000,0x00000000,0x00000000,0x00000000,0x00000000,0x02000000,0x00000000,0x02FFFFFF,0x720D0B08,0xE80C0906,0xFF2A313A,0xFF586F89,0xFF7A9CC4,0xFC8BB4E2,0xFB94BEF0,0xFB96C2F4,0xFB96C2F4,0xFB94BEF0,0xFC8BB4E2,0xFF7A9CC3,0xFF586F89,0xFF2A3139,0xE70C0906,0x710D0B09,0x02FFFFFF,0x00000000,0x02000000,0x00000000,0x00000000,0x00000000,0x00000000,0x00000000,
    0x00000000,0x00000000,0x00000000,0x00000000,0x00000000,0x00000000,0x02000000,0x00000000,0x00000000,0x16222E2E,0x73080602,0xCA0A0601,0xFA141414,0xFF262C32,0xFF35404C,0xFF3E4B5B,0xFF3E4B5B,0xFF35404C,0xFF262C32,0xFA141414,0xCA080601,0x730B0602,0x16222E2E,0x00000000,0x00000000,0x02000000,0x00000000,0x00000000,0x00000000,0x00000000,0x00000000,0x00000000,
    0x00000000,0x00000000,0x00000000,0x00000000,0x00000000,0x00000000,0x00000000,0x00000000,0x03000000,0x00000000,0x00000001,0x00020203,0x24151515,0x4F060300,0x73040000,0x83050100,0x83050100,0x73040000,0x4F060300,0x2415150E,0x00020203,0x00000001,0x00000000,0x03000000,0x00000000,0x00000000,0x00000000,0x00000000,0x00000000,0x00000000,0x00000000,0x00000000,
    0x00000000,0x00000000,0x00000000,0x00000000,0x00000000,0x00000000,0x00000000,0x00000000,0x00000000,0x01000000,0x04000000,0x00000000,0x00000000,0x00000000,0x00000101,0x00000102,0x00000102,0x00000101,0x00000000,0x00000000,0x00000000,0x04000000,0x01000000,0x00000000,0x00000000,0x00000000,0x00000000,0x00000000,0x00000000,0x00000000,0x00000000,0x00000000,
};

static const uint32_t bits32_network[1024] = {
    0x00000000,0x00000000,0x00000000,0x00000000,0x00000000,0x00000000,0x00000000,0x00000000,0x01000000,0x02000000,0x00010101,0x680E0C0C,0xC90A0205,0xE10C0609,0xE30C0608,0xE30C0608,0xE30C0608,0xE30C0608,0xE10C0609,0xC60A0203,0x600F0D0F,0x00000101,0x02000000,0x01000000,0x00000000,0x00000000,0x00000000,0x00000000,0x00000000,0x00000000,0x00000000,0x00000000,
    0x00000000,0x00000000,0x00000000,0x00000000,0x00000000,0x00000000,0x00000000,0x00000000,0x02000000,0x00010101,0x8D0E0A0C,0xFF1C2120,0xFF4E796C,0xFF5E9585,0xFF5D9383,0xFF5D9484,0xFF5D9484,0xFF5D9383,0xFF5E9585,0xFF4C7569,0xFF1A1E1C,0x830F0B0B,0x00000101,0x02000000,0x00000000,0x00000000,0x00000000,0x00000000,0x00000000,0x00000000,0x00000000,0x00000000,
    0x00000000,0x00000000,0x00000000,0x00000000,0x00000000,0x00000000,0x00000000,0x03000000,0x00000000,0x39111111,0xFF161717,0xFC6EB29D,0xFD91EFD3,0xFE8CE7CC,0xFE8DE9CE,0xFE8DE9CE,0xFE8DE9CE,0xFE8DE9CE,0xFE8CE7CC,0xFC91F0D4,0xFD69AA97,0xFF151515,0x34131313,0x00000000,0x02000000,0x00000000,0x00000000,0x00000000,0x00000000,0x00000000,0x00000000,0x00000000,
    0x00000000,0x00000000,0x00000000,0x00000000,0x00000000,0x00000000,0x00000000,0x04000000,0x00000101,0x7E080000,0xFE354C45,0xFB8CE8CD,0xFF82D5BC,0xFF7ECEB6,0xFF7BC9B2,0xFE7BCAB3,0xFE7BCAB3,0xFF7BC9B2,0xFF7ECEB6,0xFF82D5BD,0xFB8DE7CD,0xFE334A43,0x7B080000,0x00000101,0x04000000,0x00000000,0x00000000,0x00000000,0x00000000,0x00000000,0x00000000,0x00000000,
    0x00000000,0x00000000,0x00000000,0x00000000,0x00000000,0x00000000,0x00000000,0x04000000,0x00000101,0x89070000,0xFF3C5950,0xFB8AE3C9,0xFF89E0C6,0xFF3F5F55,0xFF151616,0xFF1E2422,0xFF1E2422,0xFF151615,0xFF3F6055,0xFF89E1C7,0xFB8AE3CA,0xFF3C5850,0x89070000,0x00000101,0x04000000,0x00000000,0x00000000,0x00000000,0x00000000,0x00000000,0x00000000,0x00000000,
    0x00000000,0x00000000,0x00000000,0x00000000,0x00000000,0x00000000,0x00000000,0x04000000,0x00000101,0x88070000,0xFF3B584F,0xFB8AE4CA,0xFC89E3C9,0xFF39554D,0xA2060000,0x380D0D0D,0x380D0D0D,0xA2060000,0xFF39554E,0xFC8AE3C9,0xFB8AE4CA,0xFF3B574F,0x88070000,0x00000101,0x04000000,0x00000000,0x00000000,0x00000000,0x00000000,0x00000000,0x00000000,0x00000000,
    0x00000000,0x00000000,0x00000000,0x00000000,0x00000000,0x00000000,0x00000000,0x04000000,0x00000101,0x88070000,0xFF3B584F,0xFB8AE4CA,0xFB8AE4CA,0xFF3B5950,0x82070100,0x00000201,0x00000201,0x82070100,0xFF3B5951,0xFB8BE4CA,0xFB8AE4CA,0xFF3B574F,0x88070000,0x00000101,0x04000000,0x00000000,0x00000000,0x00000000,0x00000000,0x00000000,0x00000000,0x00000000,
    0x00000000,0x00000000,0x00000000,0x00000000,0x00000000,0x00000000,0x00000000,0x04000000,0x00000101,0x88070000,0xFF3B584F,0xFB8AE4CA,0xFB8AE4CA,0xFF3C5A50,0x890B0503,0x0748B691,0x0748B691,0x890B0503,0xFF3C5951,0xFB8BE4CA,0xFB8AE4CA,0xFF3B574F,0x88070000,0x00000101,0x04000000,0x00000000,0x00000000,0x00000000,0x00000000,0x00000000,0x00000000,0x00000000,
    0x00000000,0x00000000,0x00000000,0x00000000,0x00000000,0x00000000,0x00000000,0x04000000,0x00000101,0x88070000,0xFF3B584F,0xFB8AE3C9,0xFE89E2C8,0xFF364F48,0xEA050000,0xDA0F0B0B,0xDA0F0B0B,0xEA050000,0xFF365048,0xFE89E2C8,0xFB8AE3C9,0xFF3B574F,0x88070000,0x00000101,0x04000000,0x00000000,0x00000000,0x00000000,0x00000000,0x00000000,0x00000000,0x00000000,
    0x00000000,0x00000000,0x00000000,0x00000000,0x00000000,0x00000000,0x00000000,0x04000000,0x00000101,0x84050000,0xFD39554D,0xFB8CE7CC,0xFF84D8BF,0xFF6BAD99,0xFF5C9282,0xFF629E8C,0xFF629E8C,0xFF5C9282,0xFF6BAC99,0xFF84D8BF,0xFB8BE6CC,0xFD39554D,0x85070000,0x00000101,0x04000000,0x00000000,0x00000000,0x00000000,0x00000000,0x00000000,0x00000000,0x00000000,
    0x00000000,0x00000000,0x00000000,0x00000000,0x00000000,0x00000000,0x00000000,0x03000000,0x00000000,0x510C0909,0xFF1F2624,0xF980D1B9,0xFE8BE5CB,0xFF8AE3C9,0xFE8CE8CD,0xFD8BE5CB,0xFD8BE5CB,0xFE8CE8CD,0xFF8AE3C9,0xFE8BE4CA,0xF982D6BD,0xFF202926,0x550C0909,0x00000000,0x04000000,0x00000000,0x00000000,0x00000000,0x00000000,0x00000000,0x00000000,0x00000000,
    0x00000000,0x00000000,0x00000000,0x00000000,0x00000000,0x00000000,0x03000000,0x05000000,0x06000000,0x0A334C4C,0xC70E080A,0xFF30433E,0xFF70B6A2,0xFF7CCAB3,0xFF7DCDB6,0xFF83D7BE,0xFF83D7BE,0xFF7DCDB6,0xFF7BCAB3,0xFF72B9A4,0xFF334942,0xCF0D090B,0x0C2A3F3F,0x06000000,0x05000000,0x03000000,0x00000000,0x00000000,0x00000000,0x00000000,0x00000000,0x00000000,
    0x00000000,0x00000000,0x00000000,0x00000000,0x00000000,0x02000000,0x00000000,0x00000101,0x00000101,0x00000101,0x02FFFFFF,0x970F0A0B,0xE2161717,0xF8161918,0xFF406057,0xFF89E0C6,0xFF89E0C6,0xFF406057,0xF8161918,0xE4161818,0x9D0E0B0B,0x076DB691,0x00000101,0x00000101,0x00000101,0x00000000,0x02000000,0x00000000,0x00000000,0x00000000,0x00000000,0x00000000,
    0x00000000,0x00000000,0x00000000,0x00000000,0x01000000,0x00000101,0x3D101010,0x7E080002,0x87070000,0x88070000,0x84050000,0x80070001,0xA30C0607,0xE1010000,0xFF344C45,0xFE89E2C8,0xFE89E2C8,0xFF344C45,0xE1010000,0xA50C0607,0x81070001,0x83050000,0x88070000,0x87070000,0x7D080002,0x3C111111,0x00000101,0x01000000,0x00000000,0x00000000,0x00000000,0x00000000,
    0x00000000,0x00000000,0x00000000,0x02000000,0x01FFFFFF,0x930F0C0C,0xFF171818,0xFF364E47,0xFF3C5950,0xFF3B574F,0xFF3B584F,0xFF3B5850,0xFF3C5A51,0xFF364F48,0xFF538375,0xFF87DEC5,0xFF87DEC5,0xFF538375,0xFF365048,0xFF3C5A51,0xFF3B584F,0xFF3B584F,0xFF3B574F,0xFF3C5950,0xFF354E47,0xFF171817,0x930F0C0C,0x01FFFFFF,0x02000000,0x00000000,0x00000000,0x00000000,
    0x00000000,0x00000000,0x04000000,0x00000000,0x630F0C0C,0xFF1D2221,0xFC6EB39E,0xFB8DE8CE,0xFB8AE3C9,0xFB8AE4CA,0xFB8AE4CA,0xFB8BE4CA,0xFC89E3C9,0xFE89E2C8,0xFF87DEC4,0xFF82D6BD,0xFF82D6BD,0xFF87DEC4,0xFE89E2C8,0xFC89E3C9,0xFB8BE4CA,0xFB8AE4CA,0xFB8AE4CA,0xFB8AE4C9,0xFB8DE8CE,0xFC6EB29D,0xFF1D2220,0x620F0D0D,0x00000000,0x03000000,0x00000000,0x00000000,
    0x00000000,0x00000000,0x02000000,0x027FFFFF,0xC50A0205,0xFD507C6F,0xFC90EFD3,0xFF81D4BC,0xFF88E1C7,0xFE89E2C8,0xFC8AE3C9,0xFB8AE4CA,0xFB8BE4CA,0xFB8AE4CA,0xFB8BE5CB,0xFB8CE7CD,0xFB8CE7CD,0xFB8BE5CB,0xFB8AE4CA,0xFB8BE4CA,0xFB8AE4CA,0xFC8AE3C9,0xFE89E2C8,0xFF88E1C7,0xFF81D4BC,0xFC90EFD3,0xFD507C6F,0xC4090205,0x027FFFFF,0x02000000,0x00000000,0x00000000,
    0x00000000,0x03000000,0x00000000,0x00010202,0xD20D0809,0xFF5F9888,0xFD8CE6CC,0xFF7ECEB7,0xFF3F6056,0xFF39564D,0xFF3B5850,0xFF3B5850,0xFF3B584F,0xFF3B584F,0xFF3B574F,0xFF3D5C53,0xFF3D5C53,0xFF3B574F,0xFF3B584F,0xFF3B584F,0xFF3B5850,0xFF3B5850,0xFF39564D,0xFF3F6056,0xFF7ECEB7,0xFD8CE6CC,0xFF5F9888,0xD20C0809,0x00010202,0x00000000,0x03000000,0x00000000,
    0x02000000,0x00000000,0x03AAFFAA,0x2E161616,0xDE0A0304,0xFF5D9484,0xFD8EE9CE,0xFF7AC9B2,0xFF131313,0xC9060000,0x950A0306,0x7A060000,0x89070000,0x88070000,0x87070000,0x8A070000,0x8A070000,0x87070000,0x88070000,0x88070000,0x7B080000,0x970A0506,0xCA060000,0xFF131313,0xFF7AC9B2,0xFD8EE9CE,0xFF5D9484,0xDE0A0304,0x2D161616,0x01FFFFFF,0x00000000,0x02000000,
    0x00000000,0x47111111,0xD30D0809,0xFD191D1B,0xFF161717,0xFF609A89,0xFF8CE7CC,0xFF7CCBB4,0xFE24302C,0xF11A1F1D,0xD4120E0F,0x64111111,0x00010202,0x00000101,0x00000101,0x00000101,0x00000101,0x00000101,0x00000101,0x00010302,0x6D121010,0xD6110F10,0xF21A1F1E,0xFF24302C,0xFF7CCBB4,0xFF8CE7CC,0xFF609A89,0xFF161717,0xFC181B1B,0xCE0D0708,0x3F141414,0x00000000,
    0x38161616,0xF9121010,0xFF4C7669,0xFE7AC7B0,0xFF7BC9B2,0xFF80D2BA,0xFF83D7BF,0xFF82D5BD,0xFF7BCAB3,0xFF7CCBB4,0xFF609888,0xFF1D2120,0x780E0C0C,0x02007F7F,0x07000000,0x04000000,0x04000000,0x07000000,0x027F7F7F,0x820F0B0B,0xFF1F2624,0xFF639D8D,0xFF7CCBB3,0xFF7CCAB3,0xFF82D5BD,0xFF83D7BF,0xFF80D2BA,0xFF7BC9B3,0xFF79C6AF,0xFF496F64,0xF4100D0E,0x31141A1A,
    0xB8090204,0xFF3E5D54,0xFA91F1D5,0xFF87DEC4,0xFF8CE7CD,0xFD8DE7CD,0xFD8BE5CA,0xFD8CE6CB,0xFF8DE9CE,0xFF87DFC5,0xFC90F0D4,0xFD5F9887,0xEE0F0A0B,0x111E2D2D,0x00000000,0x01000000,0x01000000,0x00000000,0x131A2828,0xF10F0B0C,0xFC639E8D,0xFC90EFD4,0xFF87DEC5,0xFF8DE9CE,0xFD8CE6CB,0xFD8BE5CA,0xFD8DE7CD,0xFF8CE7CC,0xFF87DFC5,0xFA90EFD3,0xFF3A574F,0xB20A0205,
    0xE10B0506,0xFE5C9383,0xFE8CE6CB,0xFF7FD0B9,0xFF609A89,0xFF5E9685,0xFF649F8E,0xFF609A89,0xFF5C9282,0xFF76C1AB,0xFF87DEC5,0xFE7CCAB3,0xFF1A1F1E,0x34090409,0x00000000,0x03000000,0x03000000,0x00000000,0x35090409,0xFF1B1F1E,0xFE7CCBB3,0xFF87DEC5,0xFF76C1AB,0xFF5C9282,0xFF609A89,0xFF649F8E,0xFF5E9685,0xFF609A89,0xFF7FD0B8,0xFE8CE6CC,0xFE5C9283,0xE00B0506,
    0xE30C0608,0xFF5D9484,0xFE8DE9CE,0xFF7BC9B2,0xFF151716,0xDE0A0305,0xDD0F090B,0xD80E0A0B,0xF7070000,0xFF5C9382,0xFF8DE9CD,0xFE7BC9B2,0xFE1C211F,0x37090404,0x00000000,0x03000000,0x03000000,0x00000000,0x37090404,0xFE1C211F,0xFE7BC8B2,0xFF8DE9CE,0xFF5C9282,0xF7070000,0xD80E0A0B,0xDD0F090B,0xDE0A0305,0xFF151716,0xFF7BC9B2,0xFE8DE9CE,0xFF5D9484,0xE30C0608,
    0xE30C0608,0xFF5D9484,0xFE8DE9CE,0xFE7BC9B2,0xFF1D2322,0x3B15110C,0x09385555,0x0A669966,0xD50D0A0A,0xFF5F9887,0xFD8EE9CE,0xFE7BC9B2,0xFF1C211F,0x37090404,0x00000000,0x03000000,0x03000000,0x00000000,0x37090404,0xFF1C211F,0xFE7BC9B2,0xFD8EE9CE,0xFF5F9887,0xD50D0A0A,0x0A669966,0x09385555,0x3B15110C,0xFF1D2322,0xFE7BC9B2,0xFE8DE9CE,0xFF5D9484,0xE30C0608,
    0xE30C0608,0xFF5D9484,0xFE8DE9CE,0xFE7BC9B2,0xFF1D2221,0x2E100505,0x00000000,0x00020302,0xD30C0809,0xFF5F9786,0xFD8EE9CE,0xFE7BC9B2,0xFF1C211F,0x37090404,0x00000000,0x03000000,0x03000000,0x00000000,0x37090404,0xFF1C211F,0xFE7BC9B2,0xFD8EE9CE,0xFF5F9786,0xD30C0809,0x00020302,0x00000000,0x2E100505,0xFF1D2221,0xFE7BC9B2,0xFE8DE9CE,0xFF5D9484,0xE30C0608,
    0xE30C0608,0xFF5D9484,0xFE8DE9CE,0xFE7BC9B2,0xFF1A1E1D,0x640A0205,0x380D0409,0x3B111111,0xDE0A0305,0xFF5E9685,0xFD8EE9CE,0xFE7BC9B2,0xFF1C211F,0x37090404,0x00000000,0x03000000,0x03000000,0x00000000,0x37090404,0xFF1C211F,0xFE7BC9B2,0xFD8EE9CE,0xFF5E9685,0xDE0A0305,0x3B111111,0x380D0409,0x640A0205,0xFF1A1E1D,0xFE7BC9B2,0xFE8DE9CE,0xFF5D9484,0xE30C0608,
    0xE30C0608,0xFF5E9585,0xFE8CE8CD,0xFF7CCBB4,0xFF222D2A,0xFF1A1E1D,0xFF1D2221,0xFF1D2321,0xFF161717,0xFF609A89,0xFF8CE7CC,0xFE7BC9B2,0xFF1C2220,0x38090404,0x00000000,0x03000000,0x03000000,0x00000000,0x38090404,0xFF1D2220,0xFE7BC9B2,0xFF8CE7CC,0xFF609B89,0xFF161717,0xFF1D2321,0xFF1D2221,0xFF1A1E1D,0xFF222D29,0xFF7CCBB4,0xFE8CE8CD,0xFF5D9585,0xE30C0608,
    0xDA0A0305,0xFD578A7A,0xFD8EEBD0,0xFF7FD1B9,0xFF7CCBB4,0xFE7BC9B2,0xFE7BCAB2,0xFE7BCAB3,0xFF7BC9B2,0xFF7FD0B8,0xFF87DEC4,0xFE79C6AF,0xFF171A19,0x2D110B0B,0x00000000,0x02000000,0x02000000,0x00000000,0x2B0B0B0B,0xFF171918,0xFE79C5AF,0xFF87DFC5,0xFF7FD0B8,0xFF7BC9B2,0xFE7BCAB3,0xFE7BCAB2,0xFE7BC9B2,0xFF7CCBB3,0xFF7FD1BA,0xFD8EEACF,0xFD578B7B,0xDB0A0305,
    0x8D0C0707,0xFF293733,0xFA84DAC0,0xFE8DEACF,0xFE8DE8CD,0xFE8DE9CE,0xFE8DE9CE,0xFE8DE9CE,0xFE8DE9CE,0xFE8BE6CB,0xFA91F1D5,0xFF4C7569,0xDA0C0709,0x07246D48,0x01000000,0x01000000,0x01000000,0x01000000,0x06555555,0xD50D0708,0xFF486E63,0xFA90EFD4,0xFE8CE6CC,0xFE8DE9CE,0xFE8DE9CE,0xFE8DE9CE,0xFE8DE9CE,0xFE8DE8CD,0xFE8DE9CE,0xFA86DEC4,0xFF2C3C37,0x930C0508,
    0x0F223333,0xC30E090A,0xFF293833,0xFF56897A,0xFF5D9584,0xFF5D9484,0xFF5D9484,0xFF5D9484,0xFF5D9484,0xFF5C9383,0xFF3D5C53,0xF5110F10,0x44121212,0x00000000,0x03000000,0x00000000,0x00000000,0x02000000,0x00000000,0x3C151515,0xF0110D0E,0xFF3B584F,0xFF5C9282,0xFF5D9484,0xFF5D9484,0xFF5D9484,0xFF5D9484,0xFF5D9584,0xFF588A7C,0xFF2C3C38,0xCB0D0A0B,0x13282828,
    0x00000000,0x0D273A3A,0x8C0C0709,0xD50A0305,0xE30C0708,0xE30C0608,0xE30C0608,0xE30C0608,0xE30C0608,0xDD0B0506,0xB20A0204,0x3A151515,0x00000000,0x02000000,0x00000000,0x00000000,0x00000000,0x00000000,0x02000000,0x00000000,0x34181818,0xAE0A0205,0xDC0B0506,0xE30C0608,0xE30C0608,0xE30C0608,0xE30C0608,0xE30C0708,0xD60A0305,0x910C0507,0x111E2D2D,0x00000000,
};

static const uint32_t bits32_code[1024] = {
    0x00000000,0x00000000,0x00000000,0x00000000,0x00000000,0x00000000,0x00000000,0x00000000,0x00000000,0x00000000,0x00000000,0x00000000,0x00000000,0x00000000,0x00000000,0x00000000,0x00000000,0x00000000,0x02000000,0x03000000,0x01000000,0x00000000,0x00000000,0x00000000,0x00000000,0x00000000,0x00000000,0x00000000,0x00000000,0x00000000,0x00000000,0x00000000,
    0x00000000,0x00000000,0x00000000,0x00000000,0x00000000,0x00000000,0x00000000,0x00000000,0x00000000,0x00000000,0x00000000,0x00000000,0x00000000,0x00000000,0x00000000,0x00000000,0x00000000,0x02000000,0x00000000,0x00000000,0x00000000,0x02000000,0x00000000,0x00000000,0x00000000,0x00000000,0x00000000,0x00000000,0x00000000,0x00000000,0x00000000,0x00000000,
    0x00000000,0x00000000,0x00000000,0x00000000,0x00000000,0x00000000,0x00000000,0x00000000,0x00000000,0x00000000,0x00000000,0x00000000,0x00000000,0x00000000,0x00000000,0x00000000,0x01000000,0x00000000,0x1A1D131D,0x35090E09,0x07482448,0x00000000,0x01000000,0x00000000,0x00000000,0x00000000,0x00000000,0x00000000,0x00000000,0x00000000,0x00000000,0x00000000,
    0x00000000,0x00000000,0x00000000,0x00000000,0x00000000,0x00000000,0x00000000,0x00000000,0x00000000,0x00000000,0x00000000,0x00000000,0x00000000,0x00000000,0x00000000,0x02000000,0x00000000,0x6212120F,0xEE121211,0xFF1B1A1D,0xD30D0E0C,0x29181218,0x01000000,0x02000000,0x00000000,0x00000000,0x00000000,0x00000000,0x00000000,0x00000000,0x00000000,0x00000000,
    0x00000000,0x00000000,0x00000000,0x00000000,0x00000000,0x00000000,0x00000000,0x00000000,0x00000000,0x00000000,0x00000000,0x00000000,0x00000000,0x00000000,0x01000000,0x00000000,0x191E1E1E,0xF80E0F0D,0xFF7E6497,0xFAC59AE8,0xFF50425E,0xB4080B05,0x00010102,0x03000000,0x00000000,0x00000000,0x00000000,0x00000000,0x00000000,0x00000000,0x00000000,0x00000000,
    0x00000000,0x00000000,0x00000000,0x00000000,0x00000000,0x00000000,0x00000000,0x00000000,0x00000000,0x00000000,0x00000000,0x00000000,0x00000000,0x00000000,0x04000000,0x00000000,0x60050702,0xFF302936,0xFBCB9DF4,0xFDDAAAFF,0xFD8A6DA5,0xD4060902,0x00020203,0x00000000,0x01000000,0x00000000,0x00000000,0x00000000,0x00000000,0x00000000,0x00000000,0x00000000,
    0x00000000,0x00000000,0x00000000,0x00000000,0x00000000,0x00000000,0x03000000,0x01000000,0x01000000,0x03000000,0x00000000,0x00000000,0x00000000,0x00000000,0x03000000,0x00020103,0xAE010500,0xFE624F74,0xFBD2A3FF,0xFBD1A2FB,0xFF574766,0x9F010600,0x03AA55AA,0x04000000,0x01000000,0x03000000,0x00000000,0x00000000,0x00000000,0x00000000,0x00000000,0x00000000,
    0x00000000,0x00000000,0x00000000,0x00000000,0x00000000,0x02000000,0x00000000,0x00020103,0x00020103,0x00000000,0x01000000,0x00000000,0x00000000,0x01000000,0x00000000,0x122A2A2A,0xED0B0D0A,0xFF9777B5,0xFED2A4FF,0xFCBF95E6,0xFF27232C,0x51060903,0x00000000,0x00020103,0x00020103,0x00000000,0x02000000,0x00000000,0x00000000,0x00000000,0x00000000,0x00000000,
    0x00000000,0x00000000,0x00000000,0x00000000,0x04000000,0x00000001,0x5A111111,0xC8060802,0xC8060A03,0x590E110E,0x00000000,0x02000000,0x00000000,0x04000000,0x00000000,0x50060903,0xFF28232C,0xFCBF95E6,0xFED2A4FF,0xFF9676B4,0xEF0B0D09,0x09383855,0x570E110E,0xC8060A03,0xC8060802,0x5A111111,0x00000001,0x04000000,0x00000000,0x00000000,0x00000000,0x00000000,
    0x00000000,0x00000000,0x00000000,0x04000000,0x00010001,0x6D0E100B,0xFF141413,0xFF765E8C,0xFF735C88,0xFF171717,0x3D101010,0x00000000,0x02000000,0x03000000,0x00010102,0x9E010600,0xFE574767,0xFBD2A3FD,0xFBD3A4FF,0xFF624F73,0xA2010600,0x2F201B20,0xFF171718,0xFF735C88,0xFF765E8C,0xFF141413,0x6D0E100B,0x00010001,0x04000000,0x00000000,0x00000000,0x00000000,
    0x00000000,0x00000000,0x04000000,0x00010001,0x6D10100E,0xFF111210,0xFC8F71AC,0xFCD7A6FF,0xF8E1AEFF,0xFC4C3F5A,0x89000300,0x00010001,0x05000000,0x00000000,0x0A4C334C,0xE3080B06,0xFF8D6FA8,0xFDD3A5FF,0xFCC498EC,0xFF302A36,0x4C060A06,0x78000400,0xFC4C3F5A,0xF8E1AEFF,0xFCD7A6FF,0xFC8F71AC,0xFF111210,0x6E10100D,0x00010001,0x04000000,0x00000000,0x00000000,
    0x00000000,0x04000000,0x00010001,0x6D10100E,0xFF111210,0xFC9072AE,0xFED1A3FD,0xFFCA9EF4,0xFAB78FDD,0xFF28242C,0x5F0A0D08,0x00000000,0x07242424,0x00000000,0x42070B07,0xFF211E23,0xFDB890DE,0xFED2A4FF,0xFFA07EC0,0xF70F100E,0x0C3F2A3F,0x59080B08,0xFF28242C,0xFAB78EDC,0xFFCA9EF4,0xFED1A3FC,0xFC9072AE,0xFF121211,0x6D10100E,0x00010101,0x04000000,0x00000000,
    0x04000000,0x00010001,0x6D10100E,0xFF111210,0xFC9072AE,0xFED1A3FC,0xFFCA9EF4,0xFABC93E3,0xFF302936,0xB1080B04,0x05666699,0x02000000,0x05000000,0x00010001,0x8F010500,0xFF4D3F59,0xFBD0A1FB,0xFCD4A4FF,0xFF6D5780,0xBC020600,0x00020103,0x06555555,0xB0070B04,0xFF2F2935,0xFABC92E2,0xFFCB9EF4,0xFED1A3FC,0xFC9273AF,0xFF121210,0x6E0D100D,0x00010101,0x04000000,
    0x00010001,0x6A0E0E0C,0xFF121210,0xFC9072AE,0xFED1A3FD,0xFFCB9EF4,0xFBBB93E2,0xFF2F2936,0xB2070A02,0x059999CC,0x00000000,0x02000000,0x00000000,0x04BF7FBF,0xD8050903,0xFF83689C,0xFDD3A5FF,0xFBCA9DF3,0xFF393041,0x6F020600,0x01FF00FF,0x03000000,0x059966CC,0xB1070A02,0xFF2F2834,0xFBBB92E2,0xFFCB9EF4,0xFED1A3FC,0xFC9273AF,0xFF121211,0x6C0B0E0B,0x00010001,
    0x5F121212,0xFF131413,0xFC9072AD,0xFED2A3FF,0xFFCC9FF6,0xFDBB93E2,0xFF2F2935,0xB3070902,0x05CC99CC,0x01000000,0x02000000,0x02000000,0x00000000,0x340E0E09,0xFE1A191B,0xFEB08AD4,0xFED2A4FF,0xFEA884CA,0xFB141414,0x27131313,0x00000000,0x04000000,0x01000000,0x05CC99CC,0xB3070902,0xFF2F2834,0xFDBB92E1,0xFFCC9FF6,0xFED2A3FD,0xFC9172AF,0xFF141414,0x5F121210,
    0xDB050903,0xFE745C89,0xFDD7A8FF,0xFFC69BF0,0xFCB58CD9,0xFF2A252F,0xAB080B05,0x04BFBFFF,0x02000000,0x02000000,0x00000000,0x04000000,0x00000001,0x7F020600,0xFF43384D,0xFBCDA0F7,0xFCD4A4FF,0xFF775F8E,0xCA030701,0x01FFFFFF,0x01000000,0x00000000,0x02000000,0x02000000,0x04BFBFFF,0xAB080B05,0xFF2A252F,0xFCB58CD9,0xFFC69BEF,0xFDD7A8FF,0xFE745C89,0xDB050902,
    0xDB050903,0xFE745C89,0xFDD7A8FF,0xFFC69BF0,0xFCB58DD9,0xFF2A252F,0xAB080B05,0x04BFBFFF,0x02000000,0x02000000,0x00000000,0x01000000,0x01FFFFFF,0xCB030701,0xFF785F8E,0xFCD4A4FF,0xFBCD9FF7,0xFF42374D,0x7F020600,0x00000001,0x04000000,0x00000000,0x02000000,0x02000000,0x04BFBFFF,0xAB080B05,0xFF2A252F,0xFCB58CD9,0xFFC69BEF,0xFDD7A8FF,0xFE745C89,0xDB050902,
    0x5F121212,0xFF131413,0xFC9072AD,0xFED2A3FF,0xFFCC9FF6,0xFDBC93E2,0xFF2F2935,0xB3070902,0x05CC99CC,0x01000000,0x04000000,0x00000000,0x27131313,0xFB141414,0xFEA984CB,0xFED2A4FF,0xFEB08AD4,0xFE1A181B,0x330F0F0A,0x00000000,0x02000000,0x02000000,0x01000000,0x05CC99CC,0xB3070902,0xFF2F2834,0xFDBB92E1,0xFFCC9FF6,0xFED2A3FD,0xFC9172AE,0xFF141414,0x5F121210,
    0x00010001,0x6A0E100C,0xFF111210,0xFC9071AD,0xFED1A3FD,0xFFCA9EF4,0xFBBC93E2,0xFF2F2936,0xB2070A02,0x059999CC,0x03000000,0x01FF00FF,0x6F020600,0xFF393141,0xFBCA9DF3,0xFDD3A5FF,0xFF82679B,0xD7050903,0x04BF7FBF,0x00000000,0x02000000,0x01000000,0x059966CC,0xB1050A02,0xFF2F2835,0xFBBB92E2,0xFFCB9EF4,0xFED1A3FC,0xFC9173AF,0xFF121211,0x6C0B0E0B,0x00010001,
    0x04000000,0x00010001,0x6D10100E,0xFF111210,0xFC9072AD,0xFED1A3FC,0xFFCA9EF4,0xFABC93E3,0xFF302936,0xB1080B04,0x06555555,0x00020103,0xBD020600,0xFF6D5781,0xFCD3A4FF,0xFBD0A1FA,0xFF4C3F59,0x8E010500,0x00010001,0x05000000,0x02000000,0x05666699,0xB0070B04,0xFF2F2935,0xFABC92E2,0xFFCB9EF4,0xFED1A3FC,0xFC9173AF,0xFF121210,0x6E10100D,0x00010101,0x04000000,
    0x00000000,0x04000000,0x00010001,0x6D10100E,0xFF111210,0xFC9072AE,0xFED1A3FD,0xFFCA9EF4,0xFAB78FDD,0xFF28242C,0x59080B08,0x0D3A273A,0xF710100F,0xFFA07EC0,0xFED3A4FF,0xFDB890DE,0xFF201E23,0x42070B03,0x00000000,0x07242424,0x00000000,0x5F0A0D08,0xFF28242C,0xFAB78EDD,0xFFCA9EF4,0xFED1A3FC,0xFC9072AE,0xFF121211,0x6D10100E,0x00010101,0x04000000,0x00000000,
    0x00000000,0x00000000,0x04000000,0x00010001,0x6D10100E,0xFF111210,0xFC8F71AC,0xFCD7A6FF,0xF8E1AEFF,0xFC4C3F5A,0x78000400,0x4C060A06,0xFF312A37,0xFCC499EC,0xFDD4A5FF,0xFF8C6FA8,0xE3080B06,0x0A4C334C,0x00000000,0x05000000,0x00010001,0x89000500,0xFC4C3F5A,0xF8E1AEFF,0xFCD7A6FF,0xFC8F71AC,0xFF111210,0x6E10100D,0x00010001,0x04000000,0x00000000,0x00000000,
    0x00000000,0x00000000,0x00000000,0x04000000,0x00010001,0x6D0E100B,0xFF141413,0xFF765E8C,0xFF735C88,0xFF171718,0x2F201B20,0xA2010600,0xFF625074,0xFBD3A4FF,0xFBD2A3FD,0xFE574766,0x9E010600,0x00010102,0x03000000,0x02000000,0x00000000,0x3D101010,0xFF171717,0xFF735C88,0xFF765E8C,0xFF141413,0x6D0E100B,0x00010001,0x04000000,0x00000000,0x00000000,0x00000000,
    0x00000000,0x00000000,0x00000000,0x00000000,0x04000000,0x00000001,0x5A111111,0xC8060802,0xC8060A03,0x570E110E,0x09553855,0xEF0B0D0A,0xFF9777B5,0xFED3A4FF,0xFCBF95E6,0xFF28232C,0x50060903,0x00000000,0x04000000,0x00000000,0x02000000,0x00000000,0x590E110E,0xC8060A03,0xC8060802,0x5A111111,0x00000001,0x04000000,0x00000000,0x00000000,0x00000000,0x00000000,
    0x00000000,0x00000000,0x00000000,0x00000000,0x00000000,0x02000000,0x00000000,0x00020103,0x00020103,0x00000000,0x52060903,0xFF28232C,0xFCBF95E6,0xFED3A4FF,0xFF9676B4,0xED0B0D09,0x122A2A2A,0x00000000,0x01000000,0x00000000,0x00000000,0x01000000,0x00000000,0x00020103,0x00020103,0x00000000,0x02000000,0x00000000,0x00000000,0x00000000,0x00000000,0x00000000,
    0x00000000,0x00000000,0x00000000,0x00000000,0x00000000,0x00000000,0x03000000,0x01000000,0x04000000,0x03AA55AA,0x9F010600,0xFF574767,0xFBD1A2FB,0xFBD2A3FF,0xFE624F73,0xAD010500,0x00020103,0x03000000,0x00000000,0x00000000,0x00000000,0x00000000,0x03000000,0x01000000,0x01000000,0x03000000,0x00000000,0x00000000,0x00000000,0x00000000,0x00000000,0x00000000,
    0x00000000,0x00000000,0x00000000,0x00000000,0x00000000,0x00000000,0x00000000,0x01000000,0x00000000,0x00020203,0xD4060902,0xFD8B6DA5,0xFDDAAAFF,0xFBCB9DF4,0xFF302936,0x60050702,0x00000000,0x04000000,0x00000000,0x00000000,0x00000000,0x00000000,0x00000000,0x00000000,0x00000000,0x00000000,0x00000000,0x00000000,0x00000000,0x00000000,0x00000000,0x00000000,
    0x00000000,0x00000000,0x00000000,0x00000000,0x00000000,0x00000000,0x00000000,0x00000000,0x03000000,0x00010102,0xB5080B05,0xFF50425E,0xFAC59AE8,0xFF7E6496,0xF80E0F0D,0x191E1E1E,0x00000000,0x01000000,0x00000000,0x00000000,0x00000000,0x00000000,0x00000000,0x00000000,0x00000000,0x00000000,0x00000000,0x00000000,0x00000000,0x00000000,0x00000000,0x00000000,
    0x00000000,0x00000000,0x00000000,0x00000000,0x00000000,0x00000000,0x00000000,0x00000000,0x02000000,0x01000000,0x29181218,0xD30D0E0A,0xFF1B1A1D,0xEE121211,0x6212120F,0x00000000,0x02000000,0x00000000,0x00000000,0x00000000,0x00000000,0x00000000,0x00000000,0x00000000,0x00000000,0x00000000,0x00000000,0x00000000,0x00000000,0x00000000,0x00000000,0x00000000,
    0x00000000,0x00000000,0x00000000,0x00000000,0x00000000,0x00000000,0x00000000,0x00000000,0x00000000,0x01000000,0x00000000,0x06552A55,0x35090E09,0x1A1D131D,0x00000000,0x01000000,0x00000000,0x00000000,0x00000000,0x00000000,0x00000000,0x00000000,0x00000000,0x00000000,0x00000000,0x00000000,0x00000000,0x00000000,0x00000000,0x00000000,0x00000000,0x00000000,
    0x00000000,0x00000000,0x00000000,0x00000000,0x00000000,0x00000000,0x00000000,0x00000000,0x00000000,0x00000000,0x02000000,0x00000000,0x00000000,0x00000000,0x02000000,0x00000000,0x00000000,0x00000000,0x00000000,0x00000000,0x00000000,0x00000000,0x00000000,0x00000000,0x00000000,0x00000000,0x00000000,0x00000000,0x00000000,0x00000000,0x00000000,0x00000000,
    0x00000000,0x00000000,0x00000000,0x00000000,0x00000000,0x00000000,0x00000000,0x00000000,0x00000000,0x00000000,0x00000000,0x01000000,0x03000000,0x02000000,0x00000000,0x00000000,0x00000000,0x00000000,0x00000000,0x00000000,0x00000000,0x00000000,0x00000000,0x00000000,0x00000000,0x00000000,0x00000000,0x00000000,0x00000000,0x00000000,0x00000000,0x00000000,
};

static const uint32_t bits32_download[1024] = {
    0x00000000,0x00000000,0x00000000,0x00000000,0x00000000,0x00000000,0x00000000,0x00000000,0x00000000,0x00000000,0x00000000,0x00000000,0x00000000,0x01000000,0x00000000,0x00000100,0x00000100,0x00000000,0x01000000,0x00000000,0x00000000,0x00000000,0x00000000,0x00000000,0x00000000,0x00000000,0x00000000,0x00000000,0x00000000,0x00000000,0x00000000,0x00000000,
    0x00000000,0x00000000,0x00000000,0x00000000,0x00000000,0x00000000,0x00000000,0x00000000,0x00000000,0x00000000,0x00000000,0x00000000,0x01000000,0x00000000,0x19141E1E,0x760A0206,0x760A0206,0x19141E1E,0x00000000,0x01000000,0x00000000,0x00000000,0x00000000,0x00000000,0x00000000,0x00000000,0x00000000,0x00000000,0x00000000,0x00000000,0x00000000,0x00000000,
    0x00000000,0x00000000,0x00000000,0x00000000,0x00000000,0x00000000,0x00000000,0x00000000,0x00000000,0x00000000,0x00000000,0x02000000,0x01000000,0x1E191919,0xE3100E0F,0xFF2D4439,0xFF2D4439,0xE3100E0F,0x1D1A1A1A,0x01000000,0x02000000,0x00000000,0x00000000,0x00000000,0x00000000,0x00000000,0x00000000,0x00000000,0x00000000,0x00000000,0x00000000,0x00000000,
    0x00000000,0x00000000,0x00000000,0x00000000,0x00000000,0x00000000,0x00000000,0x00000000,0x00000000,0x00000000,0x00000000,0x04000000,0x00000100,0x790A0406,0xFF2B4035,0xF782EDB7,0xF782EDB7,0xFF2B4035,0x780A0406,0x00000100,0x04000000,0x00000000,0x00000000,0x00000000,0x00000000,0x00000000,0x00000000,0x00000000,0x00000000,0x00000000,0x00000000,0x00000000,
    0x00000000,0x00000000,0x00000000,0x00000000,0x00000000,0x00000000,0x00000000,0x00000000,0x00000000,0x00000000,0x00000000,0x04000000,0x00000101,0x8A070001,0xFE3A5D4C,0xFB81EBB6,0xFB81EBB6,0xFE3A5D4C,0x8A070001,0x00000101,0x04000000,0x00000000,0x00000000,0x00000000,0x00000000,0x00000000,0x00000000,0x00000000,0x00000000,0x00000000,0x00000000,0x00000000,
    0x00000000,0x00000000,0x00000000,0x00000000,0x00000000,0x00000000,0x00000000,0x00000000,0x00000000,0x00000000,0x00000000,0x04000000,0x00000101,0x87070001,0xFF385948,0xFB81EAB6,0xFB81EAB6,0xFF385948,0x87070001,0x00000101,0x04000000,0x00000000,0x00000000,0x00000000,0x00000000,0x00000000,0x00000000,0x00000000,0x00000000,0x00000000,0x00000000,0x00000000,
    0x00000000,0x00000000,0x00000000,0x00000000,0x00000000,0x00000000,0x00000000,0x00000000,0x00000000,0x00000000,0x00000000,0x04000000,0x00000101,0x88070001,0xFF385A49,0xFB81EBB6,0xFB81EBB6,0xFF385A49,0x88070001,0x00000101,0x04000000,0x00000000,0x00000000,0x00000000,0x00000000,0x00000000,0x00000000,0x00000000,0x00000000,0x00000000,0x00000000,0x00000000,
    0x00000000,0x00000000,0x00000000,0x00000000,0x00000000,0x00000000,0x00000000,0x00000000,0x00000000,0x00000000,0x00000000,0x04000000,0x00000101,0x88070001,0xFF385A49,0xFB81EBB6,0xFB81EBB6,0xFF385A49,0x88070001,0x00000101,0x04000000,0x00000000,0x00000000,0x00000000,0x00000000,0x00000000,0x00000000,0x00000000,0x00000000,0x00000000,0x00000000,0x00000000,
    0x00000000,0x00000000,0x00000000,0x00000000,0x00000000,0x00000000,0x00000000,0x00000000,0x02000000,0x03000000,0x01000000,0x04000000,0x00000101,0x88070001,0xFF385A49,0xFB81EBB6,0xFB81EBB6,0xFF385A49,0x88070001,0x00000101,0x04000000,0x01000000,0x03000000,0x02000000,0x00000000,0x00000000,0x00000000,0x00000000,0x00000000,0x00000000,0x00000000,0x00000000,
    0x00000000,0x00000000,0x00000000,0x00000000,0x00000000,0x00000000,0x00000000,0x02000000,0x00000000,0x00000000,0x00000000,0x06000000,0x00000101,0x88070001,0xFF385A49,0xFB81EBB6,0xFB81EBB6,0xFF385A49,0x88070001,0x00000101,0x06000000,0x00000000,0x00000000,0x00000000,0x02000000,0x00000000,0x00000000,0x00000000,0x00000000,0x00000000,0x00000000,0x00000000,
    0x00000000,0x00000000,0x00000000,0x00000000,0x00000000,0x00000000,0x01000000,0x00000000,0x1A131D1D,0x340E0909,0x07244848,0x00000000,0x02007F7F,0x88070001,0xFF385A49,0xFB81EBB6,0xFB81EBB6,0xFF385A49,0x88070001,0x02007F7F,0x00000000,0x07244848,0x340E0909,0x1A131D1D,0x00000000,0x01000000,0x00000000,0x00000000,0x00000000,0x00000000,0x00000000,0x00000000,
    0x00000000,0x00000000,0x00000000,0x00000000,0x00000000,0x02000000,0x00000000,0x62120F0F,0xEE131112,0xFF191D1B,0xD30F090C,0x311A1F1A,0x00000000,0x8C090003,0xFF385A49,0xFB81EBB6,0xFB81EBB6,0xFF385A49,0x8C090003,0x00000000,0x311A1A1A,0xD30F090C,0xFF191D1B,0xEE131112,0x62120F0F,0x00000000,0x02000000,0x00000000,0x00000000,0x00000000,0x00000000,0x00000000,
    0x00000000,0x00000000,0x00000000,0x00000000,0x02000000,0x00000000,0x1B121C1C,0xF7120F10,0xFF528E70,0xFB78DCAB,0xFF3C6350,0xEA0D0408,0x22253C34,0x79080000,0xFF385A49,0xFB81EBB6,0xFB81EBB6,0xFF385A49,0x79080000,0x22253C34,0xEA0D0408,0xFF3C6350,0xFB78DCAB,0xFF528E70,0xF7120F10,0x1B121C1C,0x00000000,0x02000000,0x00000000,0x00000000,0x00000000,0x00000000,
    0x00000000,0x00000000,0x00000000,0x00000000,0x03000000,0x00000000,0x360E090E,0xFF191D1B,0xFC78DBAA,0xFF81EBB7,0xFC80EAB6,0xFF3E6653,0xDA0C0509,0xB10E070A,0xFF385A49,0xFD80EAB5,0xFD80EAB5,0xFF385A49,0xB00D070A,0xDA0C0509,0xFF3E6753,0xFC80EAB6,0xFF81EBB7,0xFC78DBAA,0xFF191D1B,0x360E090E,0x00000000,0x03000000,0x00000000,0x00000000,0x00000000,0x00000000,
    0x00000000,0x00000000,0x00000000,0x00000000,0x01000000,0x01000000,0x0A333333,0xD90F090C,0xFF3D6350,0xFB81EBB6,0xFF7BE0AE,0xFE7FE9B5,0xFF3F6955,0xFF070000,0xFF385B4A,0xFF7FE9B5,0xFF7FE9B5,0xFF385C4A,0xFF060000,0xFF3F6954,0xFE7FE9B5,0xFF7BE0AE,0xFC80EAB6,0xFF3D6451,0xD90F090C,0x0A333333,0x01000000,0x01000000,0x00000000,0x00000000,0x00000000,0x00000000,
    0x00000000,0x00000000,0x02000000,0x04000000,0x04000000,0x04000000,0x00000000,0x2D161C1C,0xE70C0407,0xFF3E6652,0xFC80EBB6,0xFF7BE0AE,0xFD82EDB8,0xFE375A49,0xFF304B3E,0xFF81EBB6,0xFF81EBB6,0xFF304B3D,0xFE375948,0xFD81EDB8,0xFF7BE0AE,0xFC80EBB7,0xFF3E6853,0xE80C0408,0x2E161B1B,0x00000000,0x04000000,0x04000000,0x04000000,0x02000000,0x00000000,0x00000000,
    0x00000000,0x01000000,0x00000000,0x00000100,0x00000100,0x00000000,0x04000000,0x00000000,0x2E1B2121,0xE70C0307,0xFF3E6652,0xFC80EBB6,0xFF7CE2B0,0xFF7ADEAC,0xFF5DA481,0xFF7CE1AF,0xFF7CE1AF,0xFF5CA381,0xFF7ADDAC,0xFF7CE2B0,0xFC80EBB7,0xFF3E6853,0xE80C0407,0x2F1B2520,0x00000000,0x04000000,0x00000000,0x00000100,0x00000100,0x00000000,0x01000000,0x00000000,
    0x01000000,0x00000000,0x1B121C1C,0x780A0206,0x780A0206,0x1A131D1D,0x00000000,0x05000000,0x00000000,0x2D1C2722,0xE70C0307,0xFF3E6652,0xFC80EBB7,0xFF7BE0AE,0xFF7EE6B2,0xFF7BE0AE,0xFF7BE0AE,0xFF7EE6B2,0xFF7BE0AE,0xFC80EBB7,0xFF3E6853,0xE80C0407,0x2F1B2520,0x00000000,0x05000000,0x00000000,0x1A131D1D,0x780A0206,0x780A0206,0x1B121C1C,0x00000000,0x01000000,
    0x01000000,0x1D1A1A1A,0xE3100E0F,0xFF2D4439,0xFF2D4439,0xE3100E0F,0x1E191919,0x01000000,0x06000000,0x00000000,0x2E1B2621,0xE70C0307,0xFF3E6652,0xFC81EBB7,0xFF7ADEAD,0xFF7BDFAD,0xFF7BDFAD,0xFF7ADEAD,0xFC81ECB7,0xFF3E6753,0xE80C0407,0x2F1B2520,0x00000000,0x05000000,0x01000000,0x1E191919,0xE3100E0F,0xFF2D4439,0xFF2D4439,0xE3100E0F,0x1D1A1A1A,0x01000000,
    0x00000100,0x770A0406,0xFF2C4136,0xF782EDB7,0xF782EDB7,0xFF2B4036,0x790A0406,0x00000100,0x04000000,0x04000000,0x00000000,0x2D1C2722,0xE80C0307,0xFF3E6652,0xFC81ECB8,0xFF7ADFAD,0xFF7ADFAD,0xFC81ECB8,0xFF3E6753,0xE80C0407,0x2F1B2520,0x00000000,0x04000000,0x04000000,0x00000100,0x790A0406,0xFF2B4036,0xF782EDB7,0xF782EDB7,0xFF2C4136,0x770A0406,0x00000100,
    0x00000101,0x88070001,0xFE3A5E4D,0xFB81EBB6,0xFB81EBB6,0xFE3A5E4C,0x8A070001,0x00000101,0x04000000,0x00000000,0x04000000,0x00000000,0x2E1B2621,0xE70C0307,0xFF3F6753,0xF983F0BA,0xFA82EFB9,0xFF3F6954,0xE80C0307,0x2F1B2520,0x00000000,0x04000000,0x00000000,0x04000000,0x00000101,0x8A070001,0xFE3A5E4C,0xFB81EBB6,0xFB81EBB6,0xFE3A5E4D,0x88070001,0x00000101,
    0x00000101,0x85070001,0xFF385A49,0xFB81EBB6,0xFB81EBB6,0xFF385948,0x87070001,0x00000101,0x04000000,0x00000000,0x00000000,0x04000000,0x00000000,0x301A1A1A,0xEB0F090D,0xFF314C3E,0xFF314C3E,0xEB0F090D,0x32191919,0x00000000,0x04000000,0x00000000,0x00000000,0x04000000,0x00000101,0x87070001,0xFF385948,0xFB81EBB6,0xFB81EBB6,0xFF385A49,0x85070001,0x00000101,
    0x00000101,0x86070001,0xFF385B4A,0xFB81EBB6,0xFB81EBB6,0xFF385A49,0x88070001,0x00000101,0x04000000,0x00000000,0x00000000,0x00000000,0x03000000,0x00000000,0x221E251E,0x7F0A0004,0x7F0A0004,0x221E251E,0x00000000,0x03000000,0x00000000,0x00000000,0x00000000,0x04000000,0x00000101,0x88070001,0xFF385A49,0xFB81EBB6,0xFB81EBB6,0xFF385B4A,0x86070001,0x00000101,
    0x00000101,0x86070001,0xFF385B4A,0xFB81EBB6,0xFB81EBB6,0xFF385A49,0x8A070001,0x04003F3F,0x08000000,0x04000000,0x04000000,0x04000000,0x04000000,0x06000000,0x00000000,0x00000101,0x00000101,0x00000000,0x06000000,0x04000000,0x04000000,0x04000000,0x04000000,0x08000000,0x04003F3F,0x8A070001,0xFF385A49,0xFB81EBB6,0xFB81EBB6,0xFF385B4A,0x86070001,0x00000101,
    0x00000101,0x86070001,0xFF385B4A,0xFB81EBB6,0xFB81EBB6,0xFF385948,0x80090505,0x00000202,0x00000101,0x00000101,0x00000101,0x00000101,0x00000101,0x00000101,0x00000201,0x00000201,0x00000201,0x00000201,0x00000101,0x00000101,0x00000101,0x00000101,0x00000101,0x00000101,0x00000202,0x80090505,0xFF385948,0xFB81EBB6,0xFB81EBB6,0xFF385B4A,0x86070001,0x00000101,
    0x00000101,0x85070001,0xFE385A49,0xFB81EBB6,0xFD81EBB6,0xFF3A5E4C,0xC8020000,0x84090105,0x8A070001,0x88070001,0x88070001,0x88070001,0x88070001,0x88070001,0x88070001,0x88070001,0x88070001,0x88070001,0x88070001,0x88070001,0x88070001,0x88070001,0x88070001,0x8A070001,0x84090105,0xC8020000,0xFF3A5F4C,0xFD81EBB6,0xFB81EBB6,0xFE385949,0x85070001,0x00000101,
    0x00000100,0x660A0205,0xFF283A32,0xFB7DE6B2,0xFF7DE3B1,0xFF6BC196,0xFF3A5E4C,0xFF385A49,0xFF385A4A,0xFF385A49,0xFF385A49,0xFF385A49,0xFF385A49,0xFF385A49,0xFF385A49,0xFF385A49,0xFF385A49,0xFF385A49,0xFF385A49,0xFF385A49,0xFF385A49,0xFF385A49,0xFF385A49,0xFF385A4A,0xFF385A49,0xFF3A5E4C,0xFF6BC197,0xFF7DE3B1,0xFB7DE5B2,0xFF283A31,0x650A0205,0x00000100,
    0x00000000,0x1C1B1B1B,0xF70F0B0D,0xFD589C7A,0xFD86F5BE,0xFF7DE4B1,0xFD81EBB7,0xFB81EBB6,0xFB81ECB6,0xFB81EBB6,0xFB81EBB6,0xFB81EBB6,0xFB81EBB6,0xFB81EBB6,0xFB81EBB6,0xFB81EBB6,0xFB81EBB6,0xFB81EBB6,0xFB81EBB6,0xFB81EBB6,0xFB81EBB6,0xFB81EBB6,0xFB81EBB6,0xFB81ECB6,0xFB81EBB6,0xFD81EBB7,0xFF7DE4B1,0xFD86F5BE,0xFD589C7A,0xF60F0B0D,0x1B1C1C1C,0x00000000,
    0x03000000,0x00000000,0x700F0D0D,0xFF191C1A,0xFF589B7A,0xFB7DE5B2,0xFB81EBB6,0xFB81EBB6,0xFB81EBB6,0xFB81EBB6,0xFB81EBB6,0xFB81EBB6,0xFB81EBB6,0xFB81EBB6,0xFB81EBB6,0xFB81EBB6,0xFB81EBB6,0xFB81EBB6,0xFB81EBB6,0xFB81EBB6,0xFB81EBB6,0xFB81EBB6,0xFB81EBB6,0xFB81EBB6,0xFB81EBB6,0xFB81EBB6,0xFB7DE5B2,0xFF589B7A,0xFF191C1A,0x6F100D0D,0x00000000,0x03000000,
    0x00000000,0x02000000,0x00000101,0x720F0D0F,0xF10F0B0D,0xFF283A31,0xFF385A49,0xFF385B4A,0xFF385A4A,0xFF385B4A,0xFF385B4A,0xFF385B4A,0xFF385B4A,0xFF385B4A,0xFF385B4A,0xFF385B4A,0xFF385B4A,0xFF385B4A,0xFF385B4A,0xFF385B4A,0xFF385B4A,0xFF385B4A,0xFF385B4A,0xFF385A4A,0xFF385B4A,0xFF385A49,0xFF283A31,0xF10F0B0D,0x710F0D0F,0x00000101,0x02000000,0x00000000,
    0x00000000,0x00000000,0x02000000,0x00000000,0x1C1B241B,0x620A0005,0x83070001,0x86070001,0x86070001,0x86070001,0x86070001,0x86070001,0x86070001,0x86070001,0x86070001,0x86070001,0x86070001,0x86070001,0x86070001,0x86070001,0x86070001,0x86070001,0x86070001,0x86070001,0x86070001,0x83070001,0x620A0005,0x1C1B241B,0x00000000,0x02000000,0x00000000,0x00000000,
    0x00000000,0x00000000,0x00000000,0x03000000,0x00000000,0x00000000,0x00000101,0x00000101,0x00000101,0x00000101,0x00000101,0x00000101,0x00000101,0x00000101,0x00000101,0x00000101,0x00000101,0x00000101,0x00000101,0x00000101,0x00000101,0x00000101,0x00000101,0x00000101,0x00000101,0x00000101,0x00000000,0x00000000,0x03000000,0x00000000,0x00000000,0x00000000,
};

static const uint32_t bits32_image[1024] = {
    0x00000000,0x00000000,0x00000000,0x03000000,0x00000000,0x00000000,0x00010001,0x00020001,0x00020001,0x00020001,0x00020001,0x00020001,0x00020001,0x00020001,0x00020001,0x00020001,0x00020001,0x00020001,0x00020001,0x00020001,0x00020001,0x00020001,0x00020001,0x00020001,0x00020001,0x00010001,0x00000000,0x00000000,0x03000000,0x00000000,0x00000000,0x00000000,
    0x00000000,0x00000000,0x02000000,0x00000000,0x1A271D27,0x5F000802,0x81000300,0x86000300,0x85000300,0x86000300,0x86000300,0x86000300,0x86000300,0x86000300,0x86000300,0x86000300,0x86000300,0x86000300,0x86000300,0x86000300,0x86000300,0x86000300,0x86000300,0x85000300,0x86000300,0x81000300,0x5C000802,0x14332626,0x00000000,0x02000000,0x00000000,0x00000000,
    0x00000000,0x03000000,0x00010001,0x6D0E100E,0xEE0A0D0B,0xFF3A2D34,0xFF5A4150,0xFF5E4353,0xFF5D4352,0xFF5D4353,0xFF5D4353,0xFF5D4353,0xFF5D4353,0xFF5D4353,0xFF5D4353,0xFF5D4353,0xFF5D4353,0xFF5D4353,0xFF5D4353,0xFF5D4353,0xFF5D4353,0xFF5D4353,0xFF5D4353,0xFF5D4352,0xFF5E4353,0xFF5A4150,0xFF352A30,0xE8080D09,0x5D101310,0x00000000,0x03000000,0x00000000,
    0x03000000,0x00000000,0x6C0E0E0E,0xFF1B191A,0xFF9E6C8A,0xFBED9ECC,0xFBF3A2D2,0xFBF4A2D2,0xFBF4A2D2,0xFBF4A2D2,0xFBF4A2D2,0xFBF4A2D2,0xFBF4A2D2,0xFBF4A2D2,0xFBF4A2D2,0xFBF4A2D2,0xFBF4A2D2,0xFBF4A2D2,0xFBF4A2D2,0xFBF4A2D2,0xFBF4A2D2,0xFBF4A2D2,0xFBF4A2D2,0xFBF4A2D2,0xFBF4A2D2,0xFBF3A2D1,0xFBEB9DCB,0xFF90637D,0xFF141414,0x590E1111,0x00000000,0x03000000,
    0x00000000,0x19281E1E,0xF50A0D0B,0xFD9F6C8A,0xFCFFAADC,0xFFEC9DCB,0xFDF4A3D2,0xFBF3A2D2,0xFBF4A3D2,0xFBF4A2D2,0xFCF3A2D2,0xFDF2A2D1,0xFDF2A2D1,0xFCF3A2D2,0xFBF4A2D2,0xFBF4A2D2,0xFBF4A2D2,0xFBF4A2D2,0xFBF4A2D2,0xFBF4A2D2,0xFBF4A2D2,0xFBF4A2D2,0xFBF4A2D2,0xFBF4A3D2,0xFBF4A2D2,0xFDF4A3D2,0xFFEC9DCB,0xFCFFAADC,0xFE8E627C,0xEC070B09,0x13282828,0x01000000,
    0x00000000,0x61000702,0xFF392D34,0xFBED9ECD,0xFFEC9ECB,0xFFC886AD,0xFF624656,0xFF5C4352,0xFF5D4352,0xFF5D4352,0xFF5D4352,0xFF5D4352,0xFF5D4352,0xFF5D4352,0xFF5D4352,0xFF5D4352,0xFF5D4352,0xFF5D4352,0xFF5D4352,0xFF5D4352,0xFF5D4352,0xFF5D4352,0xFF5D4352,0xFF5E4353,0xFF5B4251,0xFF67495A,0xFFD18CB5,0xFFEC9ECB,0xFBEA9CCA,0xFF34292F,0x5B020805,0x00000000,
    0x00020001,0x82000300,0xFE5A4150,0xFBF3A2D2,0xFDF4A3D2,0xFF624556,0xC8000000,0x85010703,0x88000300,0x79000400,0x94010805,0xB7000601,0xB7000601,0x94010805,0x79000400,0x86000300,0x89000500,0x88000300,0x88000300,0x88000300,0x88000300,0x88000300,0x88000300,0x8A000500,0x84000703,0xCC000000,0xFF684A5C,0xFDF4A3D2,0xFBF3A2D1,0xFE5A4150,0x81000300,0x00020001,
    0x00020001,0x86000300,0xFF5D4353,0xFBF4A2D2,0xFBF4A2D2,0xFF5C4351,0x81050703,0x00020001,0x00040304,0x740A0F0D,0xD00B0E0C,0xEC211D1F,0xEC211D1F,0xD00B0E0C,0x750A0F0D,0x00040203,0x00010001,0x00020001,0x00010001,0x00010001,0x00010001,0x00010001,0x00010001,0x00010001,0x00020002,0x80050703,0xFF5B4250,0xFBF4A2D2,0xFBF4A2D2,0xFF5D4353,0x86000300,0x00020001,
    0x00020001,0x86000300,0xFF5D4353,0xFBF4A2D2,0xFBF4A2D2,0xFF5D4352,0x88000300,0x087F5F5F,0xC5070C0A,0xFF362A31,0xFFA67190,0xFFD28DB5,0xFFD28DB5,0xFFA77291,0xFF352A31,0xC2070B0A,0x0E362436,0x06000000,0x05000000,0x04000000,0x04000000,0x04000000,0x04000000,0x08000000,0x043F003F,0x8A000500,0xFF5E4353,0xFBF4A2D2,0xFBF4A2D2,0xFF5D4353,0x86000300,0x00020001,
    0x00020001,0x86000300,0xFF5D4353,0xFBF4A2D2,0xFBF4A2D2,0xFF5D4352,0x77000602,0x730B0D0D,0xFF362A31,0xF8E398C4,0xFDF8A5D5,0xFEF5A3D3,0xFEF5A3D3,0xFDF8A5D5,0xF8E398C4,0xFF352A31,0x86070B07,0x00010001,0x03000000,0x00000000,0x00000000,0x00000000,0x00000000,0x04000000,0x00010001,0x88000500,0xFF5D4352,0xFBF4A2D2,0xFBF4A2D2,0xFF5D4353,0x86000300,0x00020001,
    0x00020001,0x86000300,0xFF5D4353,0xFBF4A2D2,0xFCF3A2D2,0xFF5D4352,0x94010805,0xD60A0E0B,0xFDA77192,0xFDF8A5D6,0xFFE89BC8,0xFFB87C9F,0xFFB87C9F,0xFFE89BC8,0xFDF8A6D6,0xFDA77191,0xE9070C09,0x0D3A273A,0x00000000,0x01000000,0x03000000,0x04000000,0x04000000,0x07000000,0x00010001,0x88000500,0xFF5D4352,0xFBF4A2D2,0xFBF4A2D2,0xFF5D4353,0x86000300,0x00020001,
    0x00020001,0x86000300,0xFF5D4353,0xFBF4A2D2,0xFDF2A2D1,0xFF5D4352,0xB8000601,0xEE211C1F,0xFFD28DB5,0xFEF6A4D3,0xFFB77C9F,0xFA0D0F0D,0xFA0D0F0E,0xFFB87D9F,0xFEF5A4D3,0xFFD18DB5,0xFE1E1A1C,0x2F050A05,0x02000000,0x03000000,0x00000000,0x00010001,0x00010000,0x00000000,0x01FF00FF,0x8A000500,0xFF5D4352,0xFBF4A2D2,0xFBF4A2D2,0xFF5D4353,0x86000300,0x00020001,
    0x00020001,0x86000300,0xFF5D4353,0xFBF4A2D2,0xFDF2A2D1,0xFF5D4352,0xB7000601,0xEE211C1F,0xFFD28DB5,0xFEF5A4D3,0xFFB87C9F,0xFA0D0F0E,0xFA0D0F0E,0xFFB87D9F,0xFEF5A4D3,0xFFD18DB5,0xFE1E1A1C,0x32050A0A,0x00000000,0x00020102,0x370D0D0D,0x66000500,0x66000500,0x3B0C0C0C,0x00030103,0x7F000400,0xFF5D4352,0xFBF4A2D2,0xFBF4A2D2,0xFF5D4353,0x86000300,0x00020001,
    0x00020001,0x86000300,0xFF5D4353,0xFBF4A2D2,0xFCF3A2D2,0xFF5D4352,0x94010805,0xD60A0E0B,0xFDA77292,0xFDF8A6D6,0xFFE89BC8,0xFFB87D9F,0xFFB87D9F,0xFFE89BC8,0xFDF8A6D6,0xFDA77191,0xED070C09,0x06552A55,0x281F1F1F,0xC0050A07,0xFF1C191B,0xFF44333D,0xFF44333D,0xFF1C191A,0xB2070B08,0xAA060A07,0xFF5C4252,0xFDF2A1D0,0xFBF4A2D2,0xFF5D4353,0x86000300,0x00020001,
    0x00020001,0x86000300,0xFF5D4353,0xFBF4A2D2,0xFBF4A2D2,0xFF5D4352,0x77000602,0x730B0D0D,0xFF352A30,0xF8E398C4,0xFDF8A5D5,0xFEF5A3D3,0xFEF5A3D3,0xFDF8A6D5,0xF8E397C3,0xFF352A30,0x78060A08,0x2037272F,0xE9050A07,0xFF5D4353,0xFDD38EB6,0xFCEC9DCB,0xFCEC9DCB,0xFED18DB4,0xFF5F4454,0xFF000400,0xFF5D4353,0xFFF1A1D0,0xFBF4A2D2,0xFF5D4353,0x86000300,0x00020001,
    0x00020001,0x86000300,0xFF5D4353,0xFBF4A2D2,0xFBF4A2D2,0xFF5D4352,0x86000300,0x03FFAAFF,0xC1070D0A,0xFF342930,0xFFA67190,0xFFD18DB5,0xFFD18CB5,0xFFA67190,0xFF352A30,0xAF070B08,0x2C34282E,0xE3020805,0xFF694A5D,0xFBF6A3D4,0xFFEE9FCD,0xFDF5A4D3,0xFDF5A4D3,0xFFEE9FCD,0xFCF8A5D6,0xFE5D4251,0xFF4D3845,0xFFF3A2D1,0xFBF4A2D2,0xFF5D4353,0x86000300,0x00020001,
    0x00020001,0x86000300,0xFF5D4353,0xFBF4A2D2,0xFBF4A2D2,0xFF5D4352,0x8A000500,0x00010000,0x09553855,0x85050B09,0xE2070C0A,0xFE1E1A1C,0xFE1E1A1C,0xE5070C0A,0x7B060C08,0x2C34282E,0xE3020805,0xFF6A4B5D,0xFCF3A1D1,0xFFE99CC8,0xFEEC9DCB,0xFF8A6079,0xFF8A5F79,0xFEEC9DCB,0xFFEB9DCB,0xFFE599C6,0xFFA97393,0xFFE79AC7,0xFBF6A4D5,0xFF5D4353,0x86000300,0x00020001,
    0x00020001,0x86000300,0xFF5D4353,0xFBF4A2D2,0xFBF4A2D2,0xFF5D4352,0x88000300,0x00010001,0x02000000,0x00010000,0x0C3F2A3F,0x2F050A0A,0x32050A0A,0x05996666,0x1F393131,0xE6020805,0xFF6A4B5D,0xFCF3A1D1,0xFFE89BC8,0xFCF3A1D1,0xFF6C4D5F,0xE6000602,0xE6000602,0xFF6B4C5E,0xFCF3A1D1,0xFFE89BC8,0xFFEE9FCD,0xFFE599C6,0xFBF6A4D5,0xFF5D4353,0x86000300,0x00020001,
    0x00020001,0x86000300,0xFF5D4353,0xFBF4A2D2,0xFBF4A2D2,0xFF5D4352,0x88000300,0x00010001,0x05000000,0x03000000,0x00000000,0x00000000,0x00000000,0x2C282222,0xEB030906,0xFF6A4B5D,0xFCF3A1D1,0xFFE89BC8,0xFCF3A2D2,0xFF6B4C5E,0xE8030905,0x272D272D,0x272D272D,0xE8030805,0xFF6A4B5D,0xFCF4A2D2,0xFFE79AC7,0xFFE499C5,0xFBF6A4D5,0xFF5C4252,0x86000300,0x00020001,
    0x00020001,0x86000300,0xFF5D4353,0xFBF4A2D2,0xFBF4A2D2,0xFF5D4352,0x88000300,0x00010001,0x04000000,0x00000000,0x05000000,0x00000000,0x31241F1F,0xE9030905,0xFF6A4B5D,0xFCF3A1D1,0xFFE89BC8,0xFCF3A1D1,0xFF6A4B5D,0xE8030905,0x2F252020,0x00000000,0x00000000,0x2F252020,0xE8030905,0xFF6A4B5D,0xFEEF9FCD,0xFFE599C6,0xFBF6A4D5,0xFF614656,0x88000300,0x00020101,
    0x00020001,0x86000300,0xFF5D4353,0xFBF4A2D2,0xFBF4A2D2,0xFF5D4352,0x88000300,0x00010001,0x04000000,0x04000000,0x00000000,0x2F252020,0xE8030905,0xFF6A4B5D,0xFCF3A1D1,0xFFE89BC8,0xFCF3A1D1,0xFF6A4B5D,0xE8030905,0x2F252020,0x00000000,0x04000000,0x04000000,0x00000000,0x2F2B2025,0xE3000602,0xFE7E576E,0xFEF2A1D0,0xFBF4A2D3,0xFF614656,0x88000300,0x00020101,
    0x00020001,0x86000300,0xFF5D4353,0xFBF4A2D2,0xFBF4A2D2,0xFF5D4352,0x88000300,0x00010001,0x081F1F1F,0x00000000,0x2F252020,0xE8030905,0xFF6A4B5D,0xFCF3A1D1,0xFFE89BC8,0xFCF3A2D2,0xFF6A4B5D,0xE8030905,0x2F252020,0x00000000,0x04000000,0x00000000,0x00000000,0x06000000,0x00010001,0x87010701,0xFF573F4D,0xFBF4A2D2,0xFBF4A2D2,0xFF5C4252,0x86000300,0x00020001,
    0x00020001,0x86000300,0xFF5D4353,0xFBF4A2D2,0xFBF4A2D2,0xFF5D4352,0x88000300,0x02FF7F7F,0x00000000,0x2E262121,0xE8030905,0xFF6A4B5D,0xFCF3A1D1,0xFFE89BC8,0xFCF3A2D2,0xFF6B4C5E,0xE8030905,0x2F252020,0x00000000,0x04000000,0x00000000,0x00000000,0x00000000,0x04000000,0x027F007F,0x88000500,0xFF5E4453,0xFBF4A2D2,0xFBF4A2D2,0xFF5D4353,0x86000300,0x00020001,
    0x00020001,0x86000300,0xFF5D4353,0xFBF4A2D2,0xFBF4A2D2,0xFF5E4353,0x8D000500,0x00010000,0x31241F24,0xE7030905,0xFF694B5D,0xFCF3A1D1,0xFFE89BC8,0xFEF1A1D0,0xFF6B4C5E,0xEC030905,0x33231E1E,0x00000000,0x08000000,0x04000000,0x04000000,0x04000000,0x04000000,0x08000000,0x043F003F,0x8A000500,0xFF5D4352,0xFBF4A2D2,0xFBF4A2D2,0xFF5D4353,0x86000300,0x00020001,
    0x00020001,0x86000300,0xFF5D4353,0xFBF4A2D2,0xFBF4A2D2,0xFF5B4250,0x79060804,0x21452E36,0xE9030906,0xFF6A4B5D,0xFCF3A2D2,0xFFEA9DCA,0xFEF4A3D2,0xFE6D4D60,0xD6050A07,0x1C48363F,0x00010001,0x00020101,0x00010001,0x00010001,0x00010001,0x00010001,0x00010001,0x00010001,0x00020002,0x80050703,0xFF5C4251,0xFBF4A2D2,0xFBF4A2D2,0xFF5D4353,0x86000300,0x00020001,
    0x00020001,0x81000300,0xFE5A414F,0xFBF3A2D1,0xFDF4A3D2,0xFF684A5C,0xC9000000,0xDF020904,0xFF6A4B5D,0xFCF3A2D2,0xFFE89BC8,0xFFE599C6,0xFE5D4252,0xFF000200,0xB2070B08,0x7E000400,0x8B000500,0x88000300,0x88000300,0x88000300,0x88000300,0x88000300,0x88000300,0x8A000300,0x84000703,0xC8000000,0xFF624656,0xFDF4A3D2,0xFBF3A2D2,0xFE5A4150,0x82000300,0x00020001,
    0x00000000,0x5B020805,0xFF34292F,0xFBEA9CCA,0xFFEC9ECB,0xFFD38DB5,0xFF614555,0xFF7C566C,0xFEEFA0CE,0xFFE79BC7,0xFFEE9FCD,0xFFAA7493,0xFF4D3945,0xFF5E4353,0xFF5C4352,0xFF5D4352,0xFF5D4352,0xFF5D4352,0xFF5D4352,0xFF5D4352,0xFF5D4352,0xFF5D4352,0xFF5D4352,0xFF5D4352,0xFF5C4352,0xFF624656,0xFFC886AD,0xFFEC9ECB,0xFBED9ECC,0xFF392C34,0x60000702,0x00000000,
    0x01000000,0x13282828,0xEC070B09,0xFE8E627C,0xFCFFAADC,0xFFEC9DCB,0xFDF4A3D2,0xFDF2A2D1,0xFFE599C5,0xFFE599C5,0xFFE599C5,0xFFE79AC7,0xFFF3A2D1,0xFFF1A1D0,0xFDF2A2D1,0xFBF4A2D2,0xFBF4A2D2,0xFBF4A2D2,0xFBF4A2D2,0xFBF4A2D2,0xFBF4A2D2,0xFBF4A2D2,0xFBF4A2D2,0xFBF4A3D2,0xFBF3A2D2,0xFDF4A3D2,0xFFEC9DCB,0xFCFFAADC,0xFD9F6C8A,0xF50A0D0B,0x19281E1E,0x00000000,
    0x03000000,0x00000000,0x580E1111,0xFF141414,0xFF90637D,0xFBEB9DCB,0xFBF3A2D1,0xFBF4A3D2,0xFBF6A4D5,0xFBF6A4D5,0xFBF6A4D5,0xFBF6A4D4,0xFBF4A3D2,0xFBF4A2D2,0xFBF4A2D2,0xFBF4A2D2,0xFBF4A2D2,0xFBF4A2D2,0xFBF4A2D2,0xFBF4A2D2,0xFBF4A2D2,0xFBF4A2D2,0xFBF4A2D2,0xFBF4A2D2,0xFBF4A2D2,0xFBF3A2D2,0xFBED9ECC,0xFF9E6C89,0xFF1B191A,0x6B0E100E,0x00000000,0x03000000,
    0x00000000,0x03000000,0x00000000,0x5C101310,0xE8080D09,0xFF352A30,0xFF59414F,0xFF624656,0xFF614656,0xFF5D4352,0xFF5D4353,0xFF5D4353,0xFF5D4353,0xFF5D4353,0xFF5D4353,0xFF5D4353,0xFF5D4353,0xFF5D4353,0xFF5D4353,0xFF5D4353,0xFF5D4353,0xFF5D4353,0xFF5D4353,0xFF5D4352,0xFF5E4353,0xFF5B4150,0xFF3A2C34,0xEF0A0D0B,0x6D0E100E,0x00010001,0x03000000,0x00000000,
    0x00000000,0x00000000,0x02000000,0x00000000,0x14332626,0x5C000802,0x80000300,0x88000300,0x87000300,0x85000300,0x86000300,0x86000300,0x86000300,0x86000300,0x86000300,0x86000300,0x86000300,0x86000300,0x86000300,0x86000300,0x86000300,0x86000300,0x86000300,0x85000300,0x86000300,0x81000300,0x5F000802,0x1B251C25,0x00000000,0x02000000,0x00000000,0x00000000,
    0x00000000,0x00000000,0x00000000,0x03000000,0x00000000,0x00000000,0x00010001,0x00020101,0x00020101,0x00020001,0x00020001,0x00020001,0x00020001,0x00020001,0x00020001,0x00020001,0x00020001,0x00020001,0x00020001,0x00020001,0x00020001,0x00020001,0x00020001,0x00020001,0x00020001,0x00020001,0x00000000,0x00000000,0x03000000,0x00000000,0x00000000,0x00000000,
};

static const uint32_t bits32_restore[1024] = {
    0x00000000,0x00000000,0x00000000,0x00000000,0x00000000,0x00000000,0x00000000,0x00000000,0x00000000,0x00000000,0x00000000,0x02000000,0x02000000,0x00000000,0x00000000,0x00000000,0x00000000,0x00000000,0x00000000,0x00000000,0x00000000,0x00000000,0x00000000,0x00000000,0x00000000,0x00000000,0x00000000,0x00000000,0x00000000,0x00000000,0x00000000,0x00000000,
    0x00000000,0x00000000,0x00000000,0x00000000,0x00000000,0x00000000,0x00000000,0x00000000,0x00000000,0x01000000,0x01000000,0x00000000,0x00000000,0x01000000,0x00000000,0x00000000,0x00000000,0x00000000,0x00000000,0x00000000,0x00000000,0x00000000,0x00000000,0x00000000,0x00000000,0x00000000,0x00000000,0x00000000,0x00000000,0x00000000,0x00000000,0x00000000,
    0x00000000,0x00000000,0x00000000,0x00000000,0x00000000,0x00000000,0x00000000,0x00000000,0x01000000,0x00000000,0x00000101,0x2C111111,0x2C110B11,0x00000100,0x00000000,0x00000000,0x00000000,0x00000000,0x00000000,0x00000000,0x00000000,0x00000000,0x00000000,0x00000000,0x00000000,0x00000000,0x00000000,0x00000000,0x00000000,0x00000000,0x00000000,0x00000000,
    0x00000000,0x00000000,0x00000000,0x00000000,0x00000000,0x00000000,0x00000000,0x02000000,0x00000000,0x05669966,0xA60F090D,0xFD161716,0xFE161716,0xA40F0A0F,0x062A2A2A,0x02000000,0x01000000,0x00000000,0x00000000,0x00000000,0x00000000,0x00000000,0x00000000,0x00000000,0x00000000,0x00000000,0x00000000,0x00000000,0x00000000,0x00000000,0x00000000,0x00000000,
    0x00000000,0x00000000,0x00000000,0x00000000,0x00000000,0x00000000,0x02000000,0x01000000,0x0566CC66,0xB20C040B,0xFF243327,0xFD6CC37A,0xFD69BE77,0xFF202B22,0x5F0D080D,0x00000000,0x04000000,0x00000000,0x00000000,0x00000000,0x00000000,0x00000000,0x00000000,0x00000000,0x00000000,0x00000000,0x00000000,0x00000000,0x00000000,0x00000000,0x00000000,0x00000000,
    0x00000000,0x00000000,0x00000000,0x00000000,0x00000000,0x02000000,0x01000000,0x0566CC66,0xB20B050B,0xFF243226,0xFA75D484,0xFF7FE891,0xFA88FA9B,0xFC35563A,0x89070005,0x00000100,0x04000000,0x00000000,0x00000000,0x00000000,0x00000000,0x00000000,0x00000000,0x00000000,0x00000000,0x00000000,0x00000000,0x00000000,0x00000000,0x00000000,0x00000000,0x00000000,
    0x00000000,0x00000000,0x00000000,0x00000000,0x02000000,0x01000000,0x0566CC66,0xB20C050B,0xFF243226,0xFA75D484,0xFF7DE48E,0xFE81EB93,0xFC5B9F66,0xFF151415,0x3D101414,0x00000000,0x02000000,0x00000000,0x00000000,0x00000000,0x00000000,0x00000000,0x00000000,0x00000000,0x00000000,0x00000000,0x00000000,0x00000000,0x00000000,0x00000000,0x00000000,0x00000000,
    0x00000000,0x00000000,0x00000000,0x02000000,0x01000000,0x0566CC66,0xB20C040B,0xFF243226,0xFA75D484,0xFF7DE48E,0xFE81EB93,0xFF5CA268,0xFF141213,0x710F0D0F,0x00000100,0x06000000,0x04000000,0x04000000,0x04000000,0x04000000,0x04000000,0x03000000,0x01000000,0x00000000,0x00000000,0x00000000,0x00000000,0x00000000,0x00000000,0x00000000,0x00000000,0x00000000,
    0x00000000,0x00000000,0x01000000,0x00000000,0x047FFFBF,0xB10B040B,0xFF243226,0xFA75D484,0xFF7EE690,0xFE82EE95,0xFD5DA569,0xF3131213,0x5B131316,0x00000200,0x00000100,0x00000100,0x00000100,0x00000100,0x00000100,0x00000100,0x00000100,0x00000000,0x00000000,0x03000000,0x02000000,0x00000000,0x00000000,0x00000000,0x00000000,0x00000000,0x00000000,0x00000000,
    0x00000000,0x01000000,0x01000000,0x09385538,0xB20B020A,0xFF243226,0xFB74D384,0xFF7EE790,0xFF7DE48E,0xFE559460,0xFF0D040B,0xDA0A020A,0x7B080006,0x8B090005,0x88070005,0x88070005,0x88070005,0x88070005,0x88070005,0x86070005,0x77080006,0x4C0A030A,0x15242424,0x00000100,0x00000000,0x03000000,0x00000000,0x00000000,0x00000000,0x00000000,0x00000000,0x00000000,
    0x00000000,0x02000000,0x027FFF7F,0xB20E0A0E,0xFF263629,0xFA74D484,0xFF7FE790,0xFF7BE18C,0xFF70CB7F,0xFF37593D,0xFF35563B,0xFF385B3E,0xFF385A3E,0xFF385A3E,0xFF385A3E,0xFF385A3E,0xFF385A3E,0xFF385A3E,0xFF385A3E,0xFF385A3E,0xFF314C35,0xFF202B22,0xEA0F0A0E,0x980B010A,0x231D241D,0x00000000,0x03000000,0x00000000,0x00000000,0x00000000,0x00000000,0x00000000,
    0x03000000,0x00000000,0x350E0E0E,0xFF171A18,0xFB70CB80,0xFF80E991,0xFF79DC8A,0xFF7BE08C,0xFF7BDF8C,0xFF7FE991,0xFF80EA92,0xFE7FE891,0xFB81EB93,0xFB81EB93,0xFB81EB93,0xFB81EB93,0xFB81EB93,0xFB81EB93,0xFB81EB93,0xFB81EB93,0xFB7EE891,0xFC77D887,0xFF5FA86B,0xFF314C36,0xF00E080D,0x5F121012,0x00000100,0x03000000,0x00000000,0x00000000,0x00000000,0x00000000,
    0x03000000,0x00000000,0x350E0E0E,0xFF171A18,0xFB70CB80,0xFF80E991,0xFF79DC8A,0xFF7BE08C,0xFF7BDF8C,0xFF7FE991,0xFF80EA92,0xFE7FE891,0xFB81EB93,0xFB81EB93,0xFB81EB93,0xFB81EB93,0xFB81EB93,0xFB81EB93,0xFB81EB93,0xFB81EB93,0xFC82EE94,0xFE81ED93,0xFE80EA92,0xFB81EC93,0xFF52905D,0xFF151414,0x72110F11,0x00000100,0x03000000,0x00000000,0x00000000,0x00000000,
    0x00000000,0x02000000,0x027FFF7F,0xB20E0A0E,0xFF263629,0xFA74D384,0xFF7FE790,0xFF7BE18C,0xFF70CB7F,0xFF37593D,0xFF35553B,0xFF385B3E,0xFF385A3E,0xFF385A3E,0xFF385A3E,0xFF385A3E,0xFF385A3E,0xFF385A3E,0xFF385A3E,0xFF395B3E,0xFF43704A,0xFF5FA96C,0xFC7DE58F,0xFF7DE28E,0xFD84F196,0xFC5DA369,0xFF131113,0x4B141414,0x00000000,0x03000000,0x00000000,0x00000000,
    0x00000000,0x01000000,0x01000000,0x09385538,0xB20B020A,0xFF243226,0xFB74D284,0xFF7EE790,0xFF7DE48E,0xFE559460,0xFF0D040B,0xDA0A020A,0x7B080006,0x8B090005,0x88070005,0x88070005,0x88070005,0x88070005,0x88070005,0x89090005,0xAD0A0008,0xF10E090D,0xFF304B35,0xFD71CF82,0xFF7CE28D,0xFD84F196,0xFE4A7E53,0xE20C040B,0x0D273A27,0x01000000,0x01000000,0x00000000,
    0x00000000,0x00000000,0x01000000,0x00000000,0x047FFFBF,0xB10B040B,0xFF243226,0xFA75D384,0xFF7EE690,0xFE82EE95,0xFD5DA669,0xF3131213,0x5B131316,0x00000200,0x00000100,0x00000100,0x00000100,0x00000100,0x00000100,0x00000100,0x00010201,0x211E261E,0xB4090007,0xFF243226,0xFD75D486,0xFF7DE48E,0xFB7AE08C,0xFF243226,0x6B0B040B,0x00000000,0x04000000,0x00000000,
    0x00000000,0x00000000,0x00000000,0x02000000,0x01000000,0x0566CC66,0xB20C040B,0xFF243226,0xFA75D384,0xFF7DE48E,0xFE81EB93,0xFF5CA268,0xFF141213,0x710F0D0F,0x00000100,0x06000000,0x04000000,0x04000000,0x04000000,0x04000000,0x04000000,0x00000000,0x04BFFFBF,0xC6090007,0xFF3D6444,0xFC80EB92,0xFC82EE94,0xFE4B8054,0xC50A0109,0x00010301,0x02000000,0x00000000,
    0x00000000,0x00000000,0x00000000,0x00000000,0x02000000,0x01000000,0x0566CC66,0xB20C040B,0xFF243226,0xFA75D484,0xFF7DE48E,0xFE81EB93,0xFC5B9F66,0xFF151415,0x3D141414,0x00000000,0x02000000,0x00000000,0x00000000,0x00000000,0x00000000,0x05000000,0x00000000,0x3E100C10,0xFF191D1A,0xFD70CB80,0xFE82EE94,0xFF65B372,0xF1110E11,0x16172217,0x00000000,0x01000000,
    0x00000000,0x00000000,0x00000000,0x00000000,0x00000000,0x02000000,0x01000000,0x0566CC66,0xB20B050B,0xFF243226,0xFA75D484,0xFF7FE891,0xFA88FA9B,0xFC35563A,0x89070005,0x00000100,0x04000000,0x00000000,0x00000000,0x00000000,0x00000000,0x01000000,0x01000000,0x09385538,0xE40E080E,0xFF5EA66A,0xFD84F196,0xFF70CA7F,0xFF191E1A,0x310A050A,0x00000000,0x03000000,
    0x00000000,0x00000000,0x00000000,0x00000000,0x00000000,0x00000000,0x02000000,0x01000000,0x0566CC66,0xB20C040B,0xFF243327,0xFD6CC37A,0xFD69BE77,0xFF202B22,0x5F0D080A,0x00000000,0x04000000,0x00000000,0x00000000,0x00000000,0x00000000,0x01000000,0x00000000,0x027FFFFF,0xD50D070B,0xFF599C64,0xFD84F196,0xFE72CF82,0xFF1B221C,0x380D0409,0x00000000,0x03000000,
    0x00000000,0x00000000,0x00000000,0x00000000,0x00000000,0x00000000,0x00000000,0x02000000,0x00000000,0x05669966,0xA60F090D,0xFD161716,0xFE161716,0xA40F0A0F,0x062A2A2A,0x02000000,0x01000000,0x00000000,0x00000000,0x00000000,0x00000000,0x01000000,0x02000000,0x131A281A,0xF0110C0F,0xFF63B070,0xFD84F196,0xFF6DC47C,0xFD171A17,0x2A0C0C0C,0x00000000,0x02000000,
    0x00000000,0x00000000,0x00000000,0x00000000,0x00000000,0x00000000,0x00000000,0x00000000,0x01000000,0x00000000,0x00000101,0x2B111111,0x2B110B11,0x00000100,0x00000000,0x01000000,0x00000000,0x01000000,0x01000000,0x01000000,0x01000000,0x07000000,0x00000000,0x660C050C,0xFF212D23,0xFC78D988,0xFE81ED93,0xFF5EA66A,0xE60E090D,0x0B2E452E,0x00000000,0x01000000,
    0x00000000,0x00000000,0x00000000,0x00000000,0x00000000,0x00000000,0x00000000,0x00000000,0x00000000,0x01000000,0x01000000,0x00000000,0x00000000,0x05000000,0x00000000,0x00000000,0x00000000,0x00000000,0x00000000,0x00000000,0x00000000,0x00000000,0x2D1C2722,0xEC0A0108,0xFE518C5B,0xFE80E991,0xFB82EE94,0xFE3E6745,0xAB080008,0x00000201,0x03000000,0x00000000,
    0x00000000,0x00000000,0x00000000,0x00000000,0x00000000,0x00000000,0x00000000,0x00000000,0x00000000,0x00000000,0x00000000,0x02000000,0x01000000,0x00000000,0x00010302,0x027FFF7F,0x01FFFFFF,0x027FFFFF,0x027FFFFF,0x043FBF7F,0x181F2A1F,0x690C070C,0xEC0A0108,0xFF3E6644,0xFE7DE48F,0xFF7EE68F,0xFC70CA7F,0xFF181C19,0x460E0E12,0x00000000,0x03000000,0x00000000,
    0x00000000,0x00000000,0x00000000,0x00000000,0x00000000,0x00000000,0x00000000,0x00000000,0x00000000,0x00000000,0x01000000,0x01000000,0x081F3F1F,0x8C0E090E,0xD00C040B,0xD40D070C,0xD40D060C,0xD50D050B,0xD40D070C,0xD60D070B,0xEF110C10,0xFF212D23,0xFF518C5B,0xFE7DE58E,0xFF7BE18C,0xFA82ED93,0xFF335038,0xB70C040B,0x00010201,0x02000000,0x00000000,0x00000000,
    0x00000000,0x00000000,0x00000000,0x00000000,0x00000000,0x00000000,0x00000000,0x00000000,0x00000000,0x00000000,0x03000000,0x00000100,0x8C0E0A0E,0xFF253428,0xFF569660,0xFF599C64,0xFF589B63,0xFF599B64,0xFF599B64,0xFF599C64,0xFF63B070,0xFC78D988,0xFE80E991,0xFF7EE68F,0xFA81ED93,0xFF3F6946,0xE80D060C,0x1E222A22,0x01000000,0x02000000,0x00000000,0x00000000,
    0x00000000,0x00000000,0x00000000,0x00000000,0x00000000,0x00000000,0x00000000,0x00000000,0x00000000,0x01000000,0x00000000,0x00010302,0xD80B030A,0xFA5A9F66,0xFA8DFFA2,0xFD82ED94,0xFD84F196,0xFD84F196,0xFD84F196,0xFD84F196,0xFD84F196,0xFD83EE94,0xFC81ED93,0xFC70C97F,0xFF335038,0xE50D060C,0x33191E19,0x00000000,0x02000000,0x00000000,0x00000000,0x00000000,
    0x00000000,0x00000000,0x00000000,0x00000000,0x00000000,0x00000000,0x00000000,0x00000000,0x00000000,0x00000000,0x02000000,0x00000101,0xB40E070C,0xFF395B3E,0xFB74D485,0xFE72D082,0xFE73D082,0xFE73D083,0xFE73D083,0xFE72CF82,0xFF6DC47C,0xFF5EA66A,0xFF3E6645,0xFF181B19,0xB30C040B,0x201F271F,0x00000000,0x03000000,0x00000000,0x00000000,0x00000000,0x00000000,
    0x00000000,0x00000000,0x00000000,0x00000000,0x00000000,0x00000000,0x00000000,0x00000000,0x00000000,0x00000000,0x02000000,0x01000000,0x29121818,0xD4100C0F,0xFF191D1A,0xFF1C231D,0xFF1B211C,0xFF1B221C,0xFF1B221C,0xFF1B211C,0xFC171A17,0xE30E0A0E,0xA80A0009,0x49110D11,0x00010201,0x00000000,0x02000000,0x00000000,0x00000000,0x00000000,0x00000000,0x00000000,
    0x00000000,0x00000000,0x00000000,0x00000000,0x00000000,0x00000000,0x00000000,0x00000000,0x00000000,0x00000000,0x00000000,0x01000000,0x00000000,0x07244824,0x340E090E,0x38090409,0x380D0409,0x380D0409,0x380D0409,0x370D0409,0x290C0C0C,0x0B2E452E,0x00000201,0x00000000,0x01000000,0x02000000,0x00000000,0x00000000,0x00000000,0x00000000,0x00000000,0x00000000,
    0x00000000,0x00000000,0x00000000,0x00000000,0x00000000,0x00000000,0x00000000,0x00000000,0x00000000,0x00000000,0x00000000,0x00000000,0x02000000,0x00000000,0x00000000,0x00000000,0x00000000,0x00000000,0x00000000,0x00000000,0x00000000,0x00000000,0x03000000,0x03000000,0x00000000,0x00000000,0x00000000,0x00000000,0x00000000,0x00000000,0x00000000,0x00000000,
    0x00000000,0x00000000,0x00000000,0x00000000,0x00000000,0x00000000,0x00000000,0x00000000,0x00000000,0x00000000,0x00000000,0x00000000,0x00000000,0x01000000,0x03000000,0x03000000,0x03000000,0x03000000,0x03000000,0x03000000,0x02000000,0x01000000,0x00000000,0x00000000,0x00000000,0x00000000,0x00000000,0x00000000,0x00000000,0x00000000,0x00000000,0x00000000,
};

static const uint32_t bits32_play[1024] = {
    0x00000000,0x00000000,0x00000000,0x00000000,0x00000000,0x01000000,0x02000000,0x00000000,0x00000100,0x00000100,0x00000000,0x00000000,0x03000000,0x01000000,0x00000000,0x00000000,0x00000000,0x00000000,0x00000000,0x00000000,0x00000000,0x00000000,0x00000000,0x00000000,0x00000000,0x00000000,0x00000000,0x00000000,0x00000000,0x00000000,0x00000000,0x00000000,
    0x00000000,0x00000000,0x00000000,0x00000000,0x01000000,0x00000000,0x00000201,0x35130E13,0x74080006,0x82070005,0x630A0007,0x1D1A231A,0x00000100,0x00000000,0x03000000,0x00000000,0x00000000,0x00000000,0x00000000,0x00000000,0x00000000,0x00000000,0x00000000,0x00000000,0x00000000,0x00000000,0x00000000,0x00000000,0x00000000,0x00000000,0x00000000,0x00000000,
    0x00000000,0x00000000,0x00000000,0x01000000,0x00000000,0x101F2F1F,0xA90D070D,0xFF161716,0xFF304B35,0xFF385B3E,0xFF283B2B,0xF10F0A0E,0x820B030B,0x0E364836,0x00000000,0x01000000,0x02000000,0x00000000,0x00000000,0x00000000,0x00000000,0x00000000,0x00000000,0x00000000,0x00000000,0x00000000,0x00000000,0x00000000,0x00000000,0x00000000,0x00000000,0x00000000,
    0x00000000,0x00000000,0x01000000,0x02000000,0x05666666,0xBD0D080C,0xFF2A3E2E,0xFC6CC37B,0xFB80E991,0xFB81EB92,0xFB7CE48E,0xFF5CA267,0xFF253428,0xDA0B030A,0x5A110E11,0x00010301,0x00000000,0x03000000,0x01000000,0x00000000,0x00000000,0x00000000,0x00000000,0x00000000,0x00000000,0x00000000,0x00000000,0x00000000,0x00000000,0x00000000,0x00000000,0x00000000,
    0x00000000,0x00000000,0x04000000,0x00000000,0x620F070D,0xFF1F2820,0xF976D787,0xFF81EB93,0xFF7EE690,0xFC81ED93,0xFE7FE891,0xFE80EA92,0xFB7ADF8C,0xFF4B8255,0xFF1A1E1B,0xBB0A0109,0x37171717,0x00000100,0x00000000,0x04000000,0x01000000,0x00000000,0x00000000,0x00000000,0x00000000,0x00000000,0x00000000,0x00000000,0x00000000,0x00000000,0x00000000,0x00000000,
    0x00000000,0x00000000,0x02000000,0x00010201,0xBB0A0008,0xFD487A50,0xFC83F195,0xFF7BE18D,0xFF589B63,0xFF385A3D,0xFF64B271,0xFC81ED93,0xFF7EE68F,0xFD81EC93,0xFC71CC80,0xFF3B6042,0xFC110F11,0x950B030A,0x191E331E,0x00000000,0x00000000,0x03000000,0x00000000,0x00000000,0x00000000,0x00000000,0x00000000,0x00000000,0x00000000,0x00000000,0x00000000,0x00000000,
    0x00000000,0x01000000,0x00000000,0x01FFFFFF,0xD40D060C,0xFF589B64,0xFD83EF95,0xFF75D586,0xFD1A201B,0xBD060004,0xFA121112,0xFF3D6444,0xFC72CE81,0xFD82EC93,0xFF7EE690,0xFC81EC93,0xFF63B170,0xFF2C4330,0xE80D060C,0x6E0D090D,0x0566CC66,0x00000000,0x02000000,0x02000000,0x00000000,0x00000000,0x00000000,0x00000000,0x00000000,0x00000000,0x00000000,0x00000000,
    0x00000000,0x01000000,0x00000000,0x027FFFFF,0xD40D060C,0xFF599B64,0xFD84F196,0xFE73CF82,0xFF1B221C,0x2B171711,0x32191919,0xBF0A020A,0xFF1A201B,0xFF4D8456,0xFB7BE08C,0xFE80E991,0xFF7FE890,0xFB7DE690,0xFF55945F,0xFF1F2921,0xCC0B020A,0x49111111,0x00010201,0x00000000,0x04000000,0x01000000,0x00000000,0x00000000,0x00000000,0x00000000,0x00000000,0x00000000,
    0x00000000,0x01000000,0x00000000,0x027FFFFF,0xD40D060C,0xFF599B64,0xFD84F196,0xFE73D083,0xFF1B221C,0x3B0C0408,0x00000000,0x00010302,0x5D100D10,0xDC0B030A,0xFF263729,0xFF5DA469,0xFC80E991,0xFF7EE690,0xFE80EA92,0xFC76D786,0xFF44724C,0xFF151615,0xA90A0309,0x28192619,0x00000100,0x00000000,0x03000000,0x00000000,0x00000000,0x00000000,0x00000000,0x00000000,
    0x00000000,0x01000000,0x00000000,0x027FFFFF,0xD40D060C,0xFF599B64,0xFD84F196,0xFE73D083,0xFF1B221C,0x380D0409,0x02000000,0x04000000,0x00000000,0x0F334433,0x840B050B,0xF40F0A0E,0xFF345339,0xFD6BC179,0xFD82EC93,0xFF7EE68F,0xFD81EC93,0xFD6BC079,0xFF345239,0xF30E0A0E,0x830D050B,0x0F334433,0x00000000,0x01000000,0x02000000,0x00000000,0x00000000,0x00000000,
    0x00000000,0x01000000,0x00000000,0x027FFFFF,0xD40D060C,0xFF599B64,0xFD84F196,0xFE73D083,0xFF1B221C,0x380D0409,0x00000000,0x03000000,0x03000000,0x00000000,0x00000100,0x29181F18,0xAA0A0109,0xFF151716,0xFF45744D,0xFB76D887,0xFE80EA92,0xFF7EE690,0xFC7FE991,0xFF5CA368,0xFF263628,0xDB0B030A,0x5C100D10,0x00010301,0x00000000,0x02000000,0x00000000,0x00000000,
    0x00000000,0x01000000,0x00000000,0x027FFFFF,0xD40D060C,0xFF599B64,0xFD84F196,0xFE73D083,0xFF1B221C,0x380D0409,0x00000000,0x03000000,0x00000000,0x01000000,0x04000000,0x00000000,0x00010201,0x4B141114,0xCE0B0209,0xFF202A21,0xFF559560,0xFB7EE790,0xFF7FE890,0xFE80E991,0xFB7AE08C,0xFF4C8355,0xFF1A1F1B,0xBB0C0209,0x2D1C1C1C,0x00000000,0x02000000,0x00000000,
    0x00000000,0x01000000,0x00000000,0x027FFFFF,0xD40D060C,0xFF599B64,0xFD84F196,0xFE73D083,0xFF1B221C,0x380D0409,0x00000000,0x03000000,0x00000000,0x00000000,0x00000000,0x02000000,0x03000000,0x00000000,0x0655AA55,0x710D090D,0xEB0D060B,0xFF2E4531,0xFE65B472,0xFC81EC93,0xFF7EE58F,0xFD81EC93,0xFC72CE81,0xFF395B3F,0xF10F0B0E,0x38161616,0x00000000,0x02000000,
    0x00000000,0x01000000,0x00000000,0x027FFFFF,0xD40D060C,0xFF599B64,0xFD84F196,0xFE73D083,0xFF1B221C,0x380D0409,0x00000000,0x03000000,0x00000000,0x00000000,0x00000000,0x00000000,0x00000000,0x03000000,0x00000000,0x00000000,0x1C242D24,0x990B030A,0xFD121012,0xFF3D6444,0xFC72CE82,0xFE80EB92,0xFF7EE58F,0xFA85F497,0xFF416C48,0xDA0C050B,0x09385538,0x01000000,
    0x00000000,0x01000000,0x00000000,0x027FFFFF,0xD40D060C,0xFF599B64,0xFD84F196,0xFE73D083,0xFF1B221C,0x380D0409,0x00000000,0x03000000,0x00000000,0x00000000,0x00000000,0x00000000,0x00000000,0x00000000,0x01000000,0x04000000,0x00000000,0x00000201,0x3A151515,0xBF0A0209,0xFF1B201C,0xFF4E8758,0xFF7ADE8A,0xFF7DE38E,0xFB78DB89,0xFF1F2820,0x4E0D060D,0x00000000,
    0x00000000,0x01000000,0x00000000,0x027FFFFF,0xD40D060C,0xFF599B64,0xFD84F196,0xFE73D083,0xFF1B221C,0x380D0409,0x00000000,0x03000000,0x00000000,0x00000000,0x00000000,0x00000000,0x00000000,0x00000000,0x00000000,0x00000000,0x01000000,0x03000000,0x00000000,0x00020302,0x50131313,0xDE080005,0xFE44734C,0xFE7FE991,0xFB80EA92,0xFE36553B,0x80070005,0x00000100,
    0x00000000,0x01000000,0x00000000,0x027FFFFF,0xD40D060C,0xFF599B64,0xFD84F196,0xFE73D083,0xFF1B221C,0x380D0409,0x00000000,0x03000000,0x00000000,0x00000000,0x00000000,0x00000000,0x00000000,0x00000000,0x00000000,0x00000000,0x01000000,0x03000000,0x00000000,0x00020302,0x51121212,0xDE080005,0xFE44734C,0xFD81EB92,0xFB80EA92,0xFE35553B,0x80070005,0x00000100,
    0x00000000,0x01000000,0x00000000,0x027FFFFF,0xD40D060C,0xFF599B64,0xFD84F196,0xFE73D083,0xFF1B221C,0x380D0409,0x00000000,0x03000000,0x00000000,0x00000000,0x00000000,0x00000000,0x00000000,0x00000000,0x01000000,0x04000000,0x00000000,0x00000201,0x3A151A15,0xBF0A0209,0xFF1B201B,0xFF4E8758,0xFF7ADE8A,0xFF7DE38E,0xFB78DB89,0xFF1E2820,0x4E0D060D,0x00000000,
    0x00000000,0x01000000,0x00000000,0x027FFFFF,0xD40D060C,0xFF599B64,0xFD84F196,0xFE73D083,0xFF1B221C,0x380D0409,0x00000000,0x03000000,0x00000000,0x00000000,0x00000000,0x00000000,0x00000000,0x03000000,0x00000000,0x00000000,0x1C242D24,0x990B030A,0xFE121012,0xFF3D6444,0xFC72CE82,0xFE80EB92,0xFF7EE58F,0xFA85F397,0xFF416C48,0xDA0C050B,0x09385538,0x01000000,
    0x00000000,0x01000000,0x00000000,0x027FFFFF,0xD40D060C,0xFF599B64,0xFD84F196,0xFE73D083,0xFF1B221C,0x380D0409,0x00000000,0x03000000,0x00000000,0x00000000,0x00000000,0x02000000,0x03000000,0x00000000,0x07489148,0x720D080D,0xEB0D060B,0xFF2D4431,0xFE65B472,0xFC81EC93,0xFF7EE58F,0xFD81EC93,0xFC72CE82,0xFF395B3E,0xF00F0A0E,0x37171B17,0x00000000,0x02000000,
    0x00000000,0x01000000,0x00000000,0x027FFFFF,0xD40D060C,0xFF599B64,0xFD84F196,0xFE73D083,0xFF1B221C,0x380D0409,0x00000000,0x03000000,0x00000000,0x01000000,0x04000000,0x00000000,0x00010201,0x4B141111,0xCF0B0209,0xFF202A21,0xFF559560,0xFB7EE790,0xFF7FE890,0xFE80E991,0xFB7AE08C,0xFF4C8355,0xFF1A1F1B,0xBC0C040A,0x2D1C1C1C,0x00000000,0x02000000,0x00000000,
    0x00000000,0x01000000,0x00000000,0x027FFFFF,0xD40D060C,0xFF599B64,0xFD84F196,0xFE73D083,0xFF1B221C,0x380D0409,0x00000000,0x03000000,0x03000000,0x00000000,0x00000100,0x2A181E1E,0xAB0A0208,0xFF151716,0xFF45744D,0xFC77D786,0xFE80EA92,0xFF7EE790,0xFC7FE991,0xFF5CA368,0xFF253628,0xDB0B030A,0x5C100D10,0x00010301,0x00000000,0x02000000,0x00000000,0x00000000,
    0x00000000,0x01000000,0x00000000,0x027FFFFF,0xD40D060C,0xFF599B64,0xFD84F196,0xFE73D083,0xFF1B221C,0x380D0409,0x02000000,0x04000000,0x00000000,0x102F4F2F,0x840D050B,0xF40F0A0E,0xFF355339,0xFD6BC179,0xFD82EC93,0xFF7EE68F,0xFD81EC93,0xFD6AC079,0xFF345239,0xF30E090E,0x830D050B,0x0F334433,0x00000000,0x01000000,0x02000000,0x00000000,0x00000000,0x00000000,
    0x00000000,0x01000000,0x00000000,0x027FFFFF,0xD40D060C,0xFF599B64,0xFD84F196,0xFE73D083,0xFF1B221C,0x3B0C0408,0x00000000,0x00010302,0x5E100D10,0xDD0B030A,0xFF263729,0xFF5DA469,0xFC80E991,0xFF7EE690,0xFE80EA92,0xFC76D786,0xFF44724C,0xFF151615,0xA90A0309,0x28191F19,0x00000100,0x00000000,0x03000000,0x00000000,0x00000000,0x00000000,0x00000000,0x00000000,
    0x00000000,0x01000000,0x00000000,0x027FFFFF,0xD40D060C,0xFF599B64,0xFD84F196,0xFE73CF82,0xFF1B221C,0x2B171711,0x33191919,0xBF0A0209,0xFF1A201B,0xFF4D8456,0xFB7BE08C,0xFE80E991,0xFF7FE890,0xFB7DE690,0xFF54945F,0xFF1F2921,0xCC0B020A,0x49111111,0x00010201,0x00000000,0x04000000,0x01000000,0x00000000,0x00000000,0x00000000,0x00000000,0x00000000,0x00000000,
    0x00000000,0x01000000,0x00000000,0x01FFFFFF,0xD40D060C,0xFF589A64,0xFD83EF95,0xFF75D586,0xFD1A201B,0xBE060004,0xFA121112,0xFF3D6444,0xFC72CE81,0xFD81EC93,0xFF7EE690,0xFC81EC92,0xFF63B170,0xFF2C4330,0xE80D060C,0x6E0D090D,0x0566CC66,0x00000000,0x02000000,0x02000000,0x00000000,0x00000000,0x00000000,0x00000000,0x00000000,0x00000000,0x00000000,0x00000000,
    0x00000000,0x00000000,0x02000000,0x00010201,0xBB0A0008,0xFD487A50,0xFC83F195,0xFF7BE18D,0xFF589B63,0xFF385B3E,0xFF64B271,0xFC81ED93,0xFF7EE68F,0xFD81EC93,0xFC71CC80,0xFF3B6041,0xFC110F11,0x950B030A,0x191E331E,0x00000000,0x00000000,0x03000000,0x00000000,0x00000000,0x00000000,0x00000000,0x00000000,0x00000000,0x00000000,0x00000000,0x00000000,0x00000000,
    0x00000000,0x00000000,0x04000000,0x00000000,0x620F070D,0xFF1F2820,0xF976D787,0xFF81EC93,0xFF7EE690,0xFC81ED93,0xFE7FE891,0xFE80EA92,0xFB7ADF8C,0xFF4B8255,0xFF1A1E1A,0xBB0A0109,0x37171717,0x00000100,0x00000000,0x04000000,0x01000000,0x00000000,0x00000000,0x00000000,0x00000000,0x00000000,0x00000000,0x00000000,0x00000000,0x00000000,0x00000000,0x00000000,
    0x00000000,0x00000000,0x01000000,0x02000000,0x05666666,0xBD0D080C,0xFF2A3E2D,0xFC6CC37A,0xFB80E991,0xFB81EB92,0xFB7CE38E,0xFF5CA167,0xFF253528,0xDA0B030A,0x5A110E11,0x00010301,0x00000000,0x03000000,0x01000000,0x00000000,0x00000000,0x00000000,0x00000000,0x00000000,0x00000000,0x00000000,0x00000000,0x00000000,0x00000000,0x00000000,0x00000000,0x00000000,
    0x00000000,0x00000000,0x00000000,0x01000000,0x00000000,0x0F223322,0xA90D070D,0xFF161716,0xFF304A34,0xFF385B3E,0xFF283A2B,0xF00F0A0E,0x820B030B,0x0E364836,0x00000000,0x01000000,0x02000000,0x00000000,0x00000000,0x00000000,0x00000000,0x00000000,0x00000000,0x00000000,0x00000000,0x00000000,0x00000000,0x00000000,0x00000000,0x00000000,0x00000000,0x00000000,
    0x00000000,0x00000000,0x00000000,0x00000000,0x01000000,0x00000000,0x00000101,0x35130E13,0x73080006,0x81070005,0x620A0007,0x1C1B241B,0x00000100,0x00000000,0x03000000,0x00000000,0x00000000,0x00000000,0x00000000,0x00000000,0x00000000,0x00000000,0x00000000,0x00000000,0x00000000,0x00000000,0x00000000,0x00000000,0x00000000,0x00000000,0x00000000,0x00000000,
    0x00000000,0x00000000,0x00000000,0x00000000,0x00000000,0x01000000,0x02000000,0x00000000,0x00000100,0x00000100,0x00000000,0x00000000,0x03000000,0x01000000,0x00000000,0x00000000,0x00000000,0x00000000,0x00000000,0x00000000,0x00000000,0x00000000,0x00000000,0x00000000,0x00000000,0x00000000,0x00000000,0x00000000,0x00000000,0x00000000,0x00000000,0x00000000,
};

static const uint32_t bits32_save[1024] = {
    0x00000000,0x00000000,0x00000000,0x03000000,0x00000000,0x00000001,0x00000102,0x00000102,0x00000102,0x00000102,0x00000102,0x00000102,0x00000102,0x00000102,0x00000102,0x00000102,0x00000102,0x00000102,0x00000102,0x00000102,0x00000102,0x00000000,0x00000000,0x03000000,0x00000000,0x00000000,0x00000000,0x00000000,0x00000000,0x00000000,0x00000000,0x00000000,
    0x00000000,0x00000000,0x02000000,0x00000000,0x1D1A2323,0x63070500,0x83050100,0x85050100,0x86050100,0x89050100,0x85050100,0x86050100,0x86050100,0x86050100,0x86050100,0x86050100,0x86050100,0x86050100,0x86050100,0x86050100,0x82050000,0x5D080500,0x1622222E,0x00000000,0x03000000,0x00000000,0x00000000,0x00000000,0x00000000,0x00000000,0x00000000,0x00000000,
    0x00000000,0x02000000,0x00000101,0x730F0D0D,0xF10F0D0B,0xFF2C333C,0xFF3F4D5D,0xFF3F4D5D,0xFF404E5E,0xFF435264,0xFF3F4D5D,0xFF3F4D5D,0xFF3F4D5D,0xFF3F4D5D,0xFF3F4D5D,0xFF3F4D5D,0xFF3F4D5D,0xFF3F4D5D,0xFF3F4D5D,0xFF3F4D5D,0xFF3E4C5B,0xFF282F36,0xEA0D0A08,0x6012120F,0x00000001,0x04000000,0x00000000,0x00000000,0x00000000,0x00000000,0x00000000,0x00000000,
    0x03000000,0x00000000,0x710F0F0D,0xFF1A1B1D,0xFF6682A1,0xFB92BCEE,0xFB95C1F3,0xFB96C2F4,0xFB97C4F6,0xFB98C4F7,0xFB97C3F5,0xFB96C2F4,0xFB96C2F4,0xFB96C2F4,0xFB96C2F4,0xFB96C2F4,0xFB96C2F4,0xFB96C2F4,0xFB96C2F4,0xFB96C1F4,0xFB96C1F3,0xFB91BAEB,0xFF5E7693,0xFF141312,0x6E100D0D,0x00000101,0x04000000,0x00000000,0x00000000,0x00000000,0x00000000,0x00000000,
    0x00000000,0x1C1B241B,0xF70E0D0B,0xFC6783A3,0xFD9CC9FD,0xFF91BBEC,0xFE95C0F3,0xFF94BEF0,0xFF8EB7E6,0xFF8DB5E4,0xFF90B9EA,0xFE95BFF2,0xFB96C2F4,0xFB96C2F4,0xFB96C2F4,0xFB96C2F4,0xFB96C2F4,0xFB96C2F4,0xFB96C2F4,0xFB96C1F4,0xFC96C2F5,0xFF91BBEB,0xFD9AC6F9,0xFC6A86A7,0xFF121110,0x6E10100D,0x00000101,0x04000000,0x00000000,0x00000000,0x00000000,0x00000000,
    0x00000000,0x66070502,0xFF2C333C,0xFB92BCEE,0xFF91BBEC,0xFF7C9FC7,0xFF3F4D5E,0xFF425264,0xFF89B0DD,0xFF96C1F3,0xFF7393B7,0xFF394554,0xFF404E5F,0xFF3F4D5D,0xFF3F4D5D,0xFF3F4D5D,0xFF3F4D5D,0xFF3F4D5D,0xFF3F4D5E,0xFF3E4B5B,0xFF445467,0xFD84A9D5,0xFF92BBEC,0xFE96C2F4,0xFC6A86A7,0xFF121110,0x6E10100D,0x00000101,0x04000000,0x00000000,0x00000000,0x00000000,
    0x00000102,0x85050100,0xFE3F4C5C,0xFB96C1F3,0xFE95C0F3,0xFF415061,0xE2000000,0xF9171719,0xFF85AAD6,0xFE99C6FA,0xFF637D9B,0xEB040000,0x88090501,0x87050100,0x88050100,0x87050100,0x87050100,0x87050100,0x89050100,0x83070300,0xC0050000,0xFF272D34,0xFB87ADDA,0xFF91BBEC,0xFE96C1F4,0xFC6A86A7,0xFF121211,0x6E10100D,0x00000101,0x04000000,0x00000000,0x00000000,
    0x00000102,0x86050100,0xFF3F4D5D,0xFB96C2F4,0xFD95C0F2,0xFF3F4B5C,0xBA090504,0xF21F2328,0xFF86ABD8,0xFD99C6F9,0xFF6782A2,0xD10F0E0C,0x00040507,0x00020304,0x00020304,0x00020304,0x00020304,0x00020304,0x00020304,0x00020304,0x00040608,0xA40A0703,0xFF272D33,0xFA87AEDB,0xFF91BBEC,0xFE96C1F4,0xFC6A87AA,0xFF121211,0x6E100D0D,0x00000101,0x03000000,0x00000000,
    0x00000102,0x86050100,0xFF3F4D5D,0xFB96C2F4,0xFD95C0F2,0xFF3F4C5D,0xC0060200,0xF31E2125,0xFF86ABD7,0xFF99C5F9,0xFF637D9B,0xF8050100,0xD90C0B09,0xD90B0905,0xD90B0905,0xD90B0905,0xD90B0905,0xD90B0905,0xD80B0905,0xD90B0905,0xC30A0703,0x5717171A,0xA90A0704,0xFF272D33,0xFA87AEDB,0xFF91BBEC,0xFE96C1F4,0xFC6A86A8,0xFF131313,0x5E101010,0x00000000,0x03000000,
    0x00000102,0x86050100,0xFF3F4D5D,0xFB96C2F4,0xFD95C0F2,0xFF3F4C5D,0xBE080200,0xF21D2024,0xFF87ADDA,0xFF92BCEE,0xFF80A4CE,0xFF637D9C,0xFF6682A1,0xFF6681A0,0xFF6681A0,0xFF6681A0,0xFF6681A0,0xFF6681A0,0xFF65809F,0xFF6884A5,0xFF546981,0xFF171718,0x3A1A1E23,0xA60A0704,0xFF272D33,0xFB87ADDA,0xFF92BBEC,0xFD99C6F9,0xFE5E7693,0xEF0C0A08,0x15242424,0x01000000,
    0x00000102,0x86050100,0xFF3F4D5D,0xFB96C2F4,0xFC95C1F3,0xFF3F4C5D,0x9C090601,0xE00F0E0D,0xFC6C89AC,0xFC9CCBFF,0xFF92BCEE,0xFE99C5F9,0xFD99C5F9,0xFD99C6F9,0xFD99C6F9,0xFD99C6F9,0xFD99C6F9,0xFD99C6F9,0xFD99C6F9,0xFD98C4F7,0xF7A5D4FF,0xFD3C4857,0x86050000,0x00030305,0xB60B0804,0xFF272D34,0xFD84A9D5,0xFF91BBEC,0xFC90BAEA,0xFF282E36,0x5E080502,0x00000000,
    0x00000102,0x86050100,0xFF3F4D5D,0xFB96C2F4,0xFB96C2F4,0xFF3F4D5D,0x79060200,0x6E10100D,0xFF202428,0xFF6B87A9,0xFE87ACDA,0xFE85ABD7,0xFE85ABD7,0xFE85ABD7,0xFE85ABD7,0xFE85ABD7,0xFE85ABD7,0xFE85ABD7,0xFE85AAD6,0xFE87AEDB,0xFD789AC1,0xFF24282E,0x630C0A07,0x00000000,0x085F7FBF,0xBF050000,0xFF445466,0xFC96C2F5,0xFB95C1F3,0xFE3E4B5B,0x84050100,0x00000102,
    0x00000102,0x86050100,0xFF3F4D5D,0xFB96C2F4,0xFB96C2F4,0xFF3F4D5D,0x88050100,0x00010102,0x850D0D09,0xEC0F0E0B,0xFF1C1F21,0xFF1D1F23,0xFF1D1F22,0xFF1D1F22,0xFF1D1F22,0xFF1D1F22,0xFF1D1F22,0xFF1D1F22,0xFF1C1F22,0xFF1E2124,0xFF151616,0xA80F0D0C,0x07242424,0x05333333,0x00000101,0x81050301,0xFF3E4C5B,0xFB96C2F4,0xFB96C2F4,0xFF3F4D5D,0x86050100,0x00000102,
    0x00000102,0x86050100,0xFF3F4D5D,0xFB96C2F4,0xFB96C2F4,0xFF3F4D5D,0x89050100,0x0100FFFF,0x00000001,0x0F223333,0x2A0C0606,0x2C0B0505,0x2C0B0505,0x2C0B0505,0x2C0B0505,0x2C0B0505,0x2C0B0505,0x2C0B0505,0x2B0B0505,0x2E0B0505,0x1E191919,0x00000001,0x00000000,0x08000000,0x0100FFFF,0x89050100,0xFF3F4D5E,0xFB96C2F4,0xFB96C2F4,0xFF3F4D5D,0x86050100,0x00000102,
    0x00000102,0x86050100,0xFF3F4D5D,0xFB96C2F4,0xFB96C2F4,0xFF3F4D5D,0x89050100,0x0100FFFF,0x00000001,0x101F2F2F,0x2B0B0505,0x2C0B0505,0x2C0B0505,0x2C0B0505,0x2C0B0505,0x2C0B0505,0x2C0B0505,0x2C0B0505,0x2C0B0505,0x2B0B0505,0x2F0A0500,0x37090904,0x15242424,0x00000000,0x0100FFFF,0x89050100,0xFF3F4D5D,0xFB96C2F4,0xFB96C2F4,0xFF3F4D5D,0x86050100,0x00000102,
    0x00000102,0x86050100,0xFF3F4D5D,0xFB96C2F4,0xFB96C2F4,0xFF3F4D5D,0x88050100,0x00010102,0x860F0D0B,0xEC0F0E0B,0xFF1C1F21,0xFF1D1F23,0xFF1D1F22,0xFF1D1F22,0xFF1D1F22,0xFF1D1F22,0xFF1D1F22,0xFF1D1F22,0xFF1D1F22,0xFF1D1F22,0xFF1D1F23,0xFF1C1E21,0xEB0F0E0B,0x850D0D09,0x00010102,0x88050100,0xFF3F4D5D,0xFB96C2F4,0xFB96C2F4,0xFF3F4D5D,0x86050100,0x00000102,
    0x00000102,0x86050100,0xFF3F4D5D,0xFB96C2F4,0xFB96C2F4,0xFF3F4D5D,0x79060200,0x6F10100D,0xFF212428,0xFF6B88AA,0xFE87ADDA,0xFE85ABD7,0xFE85ABD7,0xFE85ABD7,0xFE85ABD7,0xFE85ABD7,0xFE85ABD7,0xFE85ABD7,0xFE85ABD7,0xFE85ABD7,0xFE85ABD7,0xFE87ADDA,0xFF6B87A9,0xFF202428,0x6E10100D,0x79060200,0xFF3F4D5D,0xFB96C2F4,0xFB96C2F4,0xFF3F4D5D,0x86050100,0x00000102,
    0x00000102,0x86050100,0xFF3F4D5D,0xFB96C2F4,0xFC95C1F3,0xFF3F4C5D,0x9D090601,0xE1110F0D,0xFC6C89AC,0xFC9CCBFF,0xFF92BCEE,0xFE99C5F9,0xFD99C5F9,0xFD99C6F9,0xFD99C6F9,0xFD99C6F9,0xFD99C6F9,0xFD99C6F9,0xFD99C6F9,0xFD99C5F9,0xFE99C5F9,0xFF92BCEE,0xFC9CCBFF,0xFC6C89AC,0xE00F0E0D,0x9C090601,0xFF3F4C5D,0xFC95C1F3,0xFB96C2F4,0xFF3F4D5D,0x86050100,0x00000102,
    0x00000102,0x86050100,0xFF3F4D5D,0xFB96C2F4,0xFD95C0F2,0xFF3F4C5D,0xBE080200,0xF21D2024,0xFF87ADDA,0xFF92BCEE,0xFF80A4CE,0xFF637D9C,0xFF6682A1,0xFF6681A0,0xFF6681A0,0xFF6681A0,0xFF6681A0,0xFF6681A0,0xFF6681A0,0xFF6682A1,0xFF637D9C,0xFF80A4CE,0xFF92BCEE,0xFF87ADDA,0xF21D2023,0xBE080200,0xFF3F4C5D,0xFD95C0F2,0xFB96C2F4,0xFF3F4D5D,0x86050100,0x00000102,
    0x00000102,0x86050100,0xFF3F4D5D,0xFB96C2F4,0xFD95C0F2,0xFF3F4C5D,0xBF060200,0xF31E2125,0xFF86ABD7,0xFF99C5F9,0xFF637D9B,0xF8050100,0xD50D0B09,0xD40C0906,0xD40C0906,0xD40C0906,0xD40C0906,0xD40C0906,0xD40C0906,0xD50D0B09,0xF8050100,0xFF637D9B,0xFF99C5F9,0xFF86ABD7,0xF31E2125,0xBF060200,0xFF3F4C5D,0xFD95C0F2,0xFB96C2F4,0xFF3F4D5D,0x86050100,0x00000102,
    0x00000102,0x86050100,0xFF3F4D5D,0xFB96C2F4,0xFD95C0F2,0xFF3F4C5D,0xBF060200,0xF31E2125,0xFF86ABD8,0xFD99C6F9,0xFF6682A1,0xD40E0C09,0x04FFFFFF,0x02FFFFFF,0x03AAAAFF,0x02FFFFFF,0x02FFFFFF,0x03AAAAFF,0x02FFFFFF,0x04FFFFFF,0xD40E0C09,0xFF6682A1,0xFD99C6F9,0xFF86ABD8,0xF31E2125,0xBF060200,0xFF3F4C5D,0xFD95C0F2,0xFB96C2F4,0xFF3F4D5D,0x86050100,0x00000102,
    0x00000102,0x86050100,0xFF3F4D5D,0xFB96C2F4,0xFD95C0F2,0xFF3F4C5D,0xBF060200,0xF31E2125,0xFF86ABD8,0xFD99C6F9,0xFF6681A0,0xD40C0906,0x01FFFFFF,0x00000000,0x00000000,0x00000000,0x00000000,0x00000000,0x00000000,0x01FFFFFF,0xD40C0906,0xFF6681A0,0xFD99C6F9,0xFF86ABD8,0xF31E2125,0xBF060200,0xFF3F4C5D,0xFD95C0F2,0xFB96C2F4,0xFF3F4D5D,0x86050100,0x00000102,
    0x00000102,0x86050100,0xFF3F4D5D,0xFB96C2F4,0xFD95C0F2,0xFF3F4C5D,0xBF060200,0xF31E2125,0xFF86ABD8,0xFD99C6F9,0xFF6681A0,0xD40C0906,0x03AAAAFF,0x01000000,0x02000000,0x01000000,0x01000000,0x02000000,0x01000000,0x03AAAAFF,0xD40C0906,0xFF6681A0,0xFD99C6F9,0xFF86ABD8,0xF31E2125,0xBF060200,0xFF3F4C5D,0xFD95C0F2,0xFB96C2F4,0xFF3F4D5D,0x86050100,0x00000102,
    0x00000102,0x86050100,0xFF3F4D5D,0xFB96C2F4,0xFD95C0F2,0xFF3F4C5D,0xC0060200,0xF31E2125,0xFF86ABD8,0xFD99C6F9,0xFF6681A0,0xD50B0905,0x0655557F,0x04000000,0x05000000,0x04000000,0x04000000,0x05000000,0x04000000,0x0655557F,0xD50B0905,0xFF6681A0,0xFD99C6F9,0xFF86ABD8,0xF31E2125,0xC0060200,0xFF3F4C5D,0xFD95C0F2,0xFB96C2F4,0xFF3F4D5D,0x86050100,0x00000102,
    0x00000102,0x86050100,0xFF3F4D5D,0xFB96C2F4,0xFD95C0F2,0xFF3F4B5C,0xBB090504,0xF21F2329,0xFF86ABD8,0xFD99C6F9,0xFF6782A1,0xD10E0C09,0x00020304,0x00000101,0x00000101,0x00000101,0x00000101,0x00000101,0x00000101,0x00020304,0xD10E0C09,0xFF6782A1,0xFD99C6F9,0xFF86ABD8,0xF21F2329,0xBB090504,0xFF3F4B5C,0xFD95C0F2,0xFB96C2F4,0xFF3F4D5D,0x86050100,0x00000102,
    0x00000102,0x85050100,0xFE3F4C5C,0xFB96C1F3,0xFE95C1F3,0xFF415061,0xE2000000,0xF9171719,0xFF85AAD6,0xFE99C6FA,0xFF637D9B,0xEB040000,0x89090501,0x88050100,0x88050100,0x88050100,0x88050100,0x88050100,0x88050100,0x89090501,0xEB040000,0xFF637D9B,0xFE99C6FA,0xFF85AAD6,0xF9171719,0xE2000000,0xFF425062,0xFE95C0F3,0xFB96C1F3,0xFE3F4C5C,0x85050100,0x00000102,
    0x00000000,0x66070502,0xFF2C333C,0xFB92BCEE,0xFF91BBEB,0xFF7D9FC8,0xFF404E5E,0xFF425164,0xFF89B0DD,0xFF96C1F3,0xFF7393B7,0xFF394554,0xFF404E5F,0xFF3F4D5D,0xFF3F4D5D,0xFF3F4D5D,0xFF3F4D5D,0xFF3F4D5D,0xFF3F4D5D,0xFF404E5F,0xFF394554,0xFF7393B7,0xFF96C1F3,0xFF89B0DD,0xFF425163,0xFF404E5E,0xFF7D9FC8,0xFF91BBEC,0xFB92BBEE,0xFF2C333C,0x65070502,0x00000000,
    0x00000000,0x1C1B241B,0xF70E0D0B,0xFD6682A2,0xFD9CC9FF,0xFF91BBEC,0xFE95C0F3,0xFF94BEF0,0xFF8EB7E6,0xFF8DB5E4,0xFF90B9EA,0xFE95BFF2,0xFB96C2F4,0xFB96C2F4,0xFB96C2F4,0xFB96C2F4,0xFB96C2F4,0xFB96C2F4,0xFB96C2F4,0xFB96C2F4,0xFE95BFF2,0xFF90B9EA,0xFF8DB5E4,0xFF8EB7E6,0xFF94BEF0,0xFE95C0F3,0xFF91BBEC,0xFD9CC9FF,0xFD6681A1,0xF60E0C0A,0x1B1C251C,0x00000000,
    0x03000000,0x00000000,0x700F0D0D,0xFF1A1A1C,0xFF6581A1,0xFB92BCED,0xFB95C1F3,0xFB96C2F4,0xFB97C4F6,0xFB98C4F7,0xFB97C3F5,0xFB96C2F4,0xFB96C2F4,0xFB96C2F4,0xFB96C2F4,0xFB96C2F4,0xFB96C2F4,0xFB96C2F4,0xFB96C2F4,0xFB96C2F4,0xFB96C2F4,0xFB97C3F5,0xFB98C4F7,0xFB97C4F6,0xFB96C2F4,0xFB95C1F3,0xFB92BCED,0xFF6581A0,0xFF191A1C,0x6F100D0D,0x00000000,0x03000000,
    0x00000000,0x02000000,0x00000101,0x720F0F0D,0xF10E0C0A,0xFF2C333B,0xFF3E4C5C,0xFF3F4D5D,0xFF404E5E,0xFF435264,0xFF3F4D5D,0xFF3F4D5D,0xFF3F4D5D,0xFF3F4D5D,0xFF3F4D5D,0xFF3F4D5D,0xFF3F4D5D,0xFF3F4D5D,0xFF3F4D5D,0xFF3F4D5D,0xFF3F4D5D,0xFF3F4D5D,0xFF435264,0xFF404E5E,0xFF3F4D5D,0xFF3E4C5C,0xFF2C333B,0xF10E0C0A,0x710F0F0D,0x00000101,0x02000000,0x00000000,
    0x00000000,0x00000000,0x02000000,0x00000000,0x1C1B1B24,0x62070500,0x83050100,0x85050100,0x86050100,0x89050100,0x85050100,0x86050100,0x86050100,0x86050100,0x86050100,0x86050100,0x86050100,0x86050100,0x86050100,0x86050100,0x86050100,0x85050100,0x89050100,0x86050100,0x85050100,0x83050100,0x62070500,0x1C1B1B24,0x00000000,0x02000000,0x00000000,0x00000000,
    0x00000000,0x00000000,0x00000000,0x03000000,0x00000000,0x00000001,0x00000102,0x00000102,0x00000102,0x00000102,0x00000102,0x00000102,0x00000102,0x00000102,0x00000102,0x00000102,0x00000102,0x00000102,0x00000102,0x00000102,0x00000102,0x00000102,0x00000102,0x00000102,0x00000102,0x00000102,0x00000001,0x00000000,0x03000000,0x00000000,0x00000000,0x00000000,
};

static const uint32_t bits32_clock[1024] = {
    0x00000000,0x00000000,0x00000000,0x00000000,0x00000000,0x00000000,0x00000000,0x03000000,0x00000000,0x00000001,0x02FFFFFF,0x3B110C08,0x7C080000,0xB0080000,0xD10A0301,0xDF0C0605,0xDF0C0605,0xD10A0301,0xB0080000,0x7F080000,0x3C0C0808,0x03AAFFFF,0x00000001,0x00000000,0x03000000,0x00000000,0x00000000,0x00000000,0x00000000,0x00000000,0x00000000,0x00000000,
    0x00000000,0x00000000,0x00000000,0x00000000,0x00000000,0x01000000,0x02000000,0x00000000,0x13283535,0x740A0404,0xCF0C0402,0xFE181C1C,0xFF2F4348,0xFF446971,0xFF51818C,0xFF578D9A,0xFF578D99,0xFF51818C,0xFF436871,0xFF2F4449,0xFF191D1E,0xD00C0403,0x750D0604,0x14263333,0x00000000,0x02000000,0x01000000,0x00000000,0x00000000,0x00000000,0x00000000,0x00000000,
    0x00000000,0x00000000,0x00000000,0x00000000,0x02000000,0x00000000,0x00010202,0x640F0C0C,0xE40D0605,0xFF283539,0xFF548692,0xFF73BFD0,0xFC82DAEE,0xFD87E1F6,0xFD88E4FA,0xFE88E4F9,0xFE88E4F9,0xFD88E4FA,0xFD87E1F7,0xFC82DAEF,0xFF74C0D2,0xFF548692,0xFF273639,0xE50D0605,0x650F0C0C,0x00010203,0x00000000,0x02000000,0x00000000,0x00000000,0x00000000,0x00000000,
    0x00000000,0x00000000,0x00000000,0x02000000,0x00000000,0x0E36485B,0xA90C0606,0xFF1A1E1F,0xFF538591,0xFB80D6EA,0xFD86E0F5,0xFE85DFF4,0xFC87E2F8,0xFB84DCF1,0xFE7BCDE1,0xFF78C7D9,0xFF78C7D9,0xFE7BCDE1,0xFB84DCF1,0xFC87E2F7,0xFE85DFF4,0xFD86E0F5,0xFB80D6EA,0xFF548793,0xFF1A1E1F,0xAB0D0705,0x0F334455,0x00000000,0x02000000,0x00000000,0x00000000,0x00000000,
    0x00000000,0x00000000,0x02000000,0x00000000,0x181F3535,0xCB0C0503,0xFF2B3B3F,0xFB73C0D2,0xFE85E0F5,0xFF82DAEE,0xFC84DDF2,0xFF6EB5C6,0xFF4D7A85,0xFF344B51,0xFF243032,0xF51E2628,0xF51E2627,0xFF243033,0xFF334A4F,0xFF4D7984,0xFF6EB6C7,0xFC84DDF2,0xFF82DAEE,0xFE85E0F5,0xFB73C0D2,0xFF2A3B3F,0xCC0C0603,0x181F3535,0x00000000,0x02000000,0x00000000,0x00000000,
    0x00000000,0x01000000,0x02000000,0x0E36485B,0xCD0C0403,0xFF31474D,0xFA80D6EA,0xFF82D9ED,0xFE83DCF1,0xFD72BDCF,0xFF3A585E,0xFF151516,0xC60A0200,0x7D080000,0x6A0C0707,0xB3090201,0xB3090201,0x6A0C0707,0x7D080000,0xC70A0201,0xFF151616,0xFF3A585F,0xFD72BDCE,0xFE83DCF1,0xFF82D9EE,0xFA80D6EA,0xFF31474C,0xCC0C0505,0x0E364848,0x02000000,0x01000000,0x00000000,
    0x00000000,0x03000000,0x00010202,0xAD0B0504,0xFF2B3B3F,0xFA80D6EA,0xFF80D6EB,0xFE84DDF2,0xFF5A909D,0xFF181B1C,0xB20A0100,0x3A151111,0x00020303,0x0C3F5555,0xD3120F0F,0xFF2E4146,0xFF2E4146,0xD3120F0F,0x0C3F5555,0x00010303,0x39111111,0xB00A0100,0xFF181A1B,0xFF59909D,0xFE84DDF2,0xFF80D6EB,0xFA80D6EA,0xFF2B3B3F,0xAC0B0504,0x00010202,0x03000000,0x00000000,
    0x03000000,0x00000000,0x610F0D0A,0xFF1A1E1F,0xFA74C0D3,0xFF82D9ED,0xFE84DDF2,0xFF4F7F8A,0xFB0D0807,0x67110C0C,0x00010303,0x00000000,0x0100FFFF,0x7D0A0404,0xFF2C3E42,0xFA84DEF3,0xFA84DEF3,0xFF2C3E41,0x7C0A0404,0x0100FFFF,0x00000000,0x00010303,0x67110E0C,0xFA0D0807,0xFF4F7E89,0xFE84DDF2,0xFF82D9EE,0xFA74C0D3,0xFF1A1E1F,0x610F0D0A,0x00000000,0x03000000,
    0x01000000,0x112D3C3C,0xE90C0605,0xFD548793,0xFD86E1F6,0xFE83DCF1,0xFC5A929E,0xFA0D0806,0x4D131717,0x00000001,0x04000000,0x07000000,0x00000101,0x8A070000,0xFE3B5961,0xFB85DFF4,0xFB85DFF4,0xFE3B5961,0x8A070000,0x00000101,0x07000000,0x04000000,0x00000001,0x4C141717,0xFA0D0806,0xFC5A929E,0xFE83DCF1,0xFD86E0F6,0xFD538692,0xE90C0605,0x111E3C3C,0x01000000,
    0x00000001,0x740A0402,0xFF273639,0xFB80D6EA,0xFF82DAEE,0xFC72BECF,0xFF181B1B,0x66110C0C,0x00000000,0x06000000,0x00000000,0x04000000,0x00000101,0x87070000,0xFF39555C,0xFB85DFF3,0xFB85DFF3,0xFF39555C,0x87070000,0x00000101,0x04000000,0x00000000,0x06000000,0x00000000,0x66110C0C,0xFF181B1B,0xFC72BECF,0xFF82DAEF,0xFB80D6EA,0xFF273539,0x730B0402,0x00000001,
    0x06557F7F,0xD40A0403,0xFE548692,0xFD86E0F5,0xFC84DEF2,0xFF3A585F,0xB6090100,0x00010203,0x04000000,0x00000000,0x00000000,0x04000000,0x00000101,0x88070000,0xFF39565D,0xFB85DFF4,0xFB85DFF4,0xFF39565D,0x88070000,0x00000101,0x04000000,0x00000000,0x00000000,0x04000000,0x00010203,0xB6090100,0xFF3A585F,0xFC84DDF2,0xFD86E0F5,0xFE548692,0xD40A0403,0x05669999,
    0x3C0C0808,0xFE191C1D,0xFE74C0D2,0xFE85DFF4,0xFE6EB6C7,0xFC151616,0x33141414,0x01000000,0x03000000,0x00000000,0x00000000,0x04000000,0x00000101,0x88070000,0xFF39565D,0xFB85DFF4,0xFB85DFF4,0xFF39565D,0x88070000,0x00000101,0x04000000,0x00000000,0x00000000,0x03000000,0x01000000,0x34131313,0xFC151616,0xFE6EB6C6,0xFE85DFF4,0xFE73C0D1,0xFE191C1D,0x3B0C0808,
    0x80070000,0xFF2F4449,0xFC82DAEE,0xFC87E2F7,0xFF4D7A85,0xC60A0201,0x00010303,0x02000000,0x00000000,0x00000000,0x00000000,0x04000000,0x00000101,0x88070000,0xFF39565D,0xFB85DFF4,0xFB85DFF4,0xFF39565D,0x8A070000,0x02007F7F,0x04000000,0x00000000,0x00000000,0x00000000,0x02000000,0x00010303,0xC60A0201,0xFF4E7A85,0xFC87E2F7,0xFC82DAEE,0xFF2F4448,0x7F080000,
    0xB3080000,0xFF436871,0xFC87E2F7,0xFB84DCF1,0xFF334B50,0x7F080000,0x00000101,0x04000000,0x00000000,0x00000000,0x00000000,0x04000000,0x00000101,0x88070000,0xFF39565D,0xFB85DFF4,0xFB85DFF4,0xFF3A585F,0x80090303,0x00000000,0x07000000,0x02000000,0x00000000,0x00000000,0x04000000,0x00000101,0x7F080000,0xFF334B51,0xFB84DCF1,0xFC87E2F7,0xFF436871,0xB2080000,
    0xD20A0301,0xFF51818D,0xFD88E4FA,0xFC7CCFE2,0xFF243033,0x51090000,0x00000000,0x03000000,0x00000000,0x00000000,0x00000000,0x04000000,0x00000101,0x87070000,0xFF39555C,0xFB85DEF3,0xFD85DEF3,0xFE354E54,0xBC040000,0x241C2A31,0x00000101,0x00000000,0x03000000,0x01000000,0x03000000,0x00000000,0x51090000,0xFF243134,0xFC7CCFE3,0xFD88E4FA,0xFF51818C,0xD20A0301,
    0xDF0C0605,0xFF588D99,0xFE88E4F9,0xFD77C7DA,0xFF1D2425,0x3C080400,0x00000000,0x03000000,0x00000000,0x00000000,0x00000000,0x04000000,0x00000101,0x8A070000,0xFE3B5960,0xFB86E1F6,0xFF7FD3E7,0xFE67AAB9,0xFF2F4449,0xF30F0C0B,0x930C0301,0x241C2323,0x00000001,0x00000000,0x03000000,0x00000000,0x3C0C0404,0xFF1D2426,0xFD77C7DA,0xFE88E4F9,0xFF578C99,0xDE0C0604,
    0xDF0C0605,0xFF588D99,0xFE88E4F9,0xFD77C7DA,0xFF1D2426,0x3C080400,0x00000000,0x03000000,0x00000000,0x00000000,0x00000000,0x04000000,0x00000101,0x790A0404,0xFF2C3E42,0xF885E0F5,0xFE84DEF3,0xFF83DBEF,0xFD83DAEF,0xFF62A0AF,0xFF30464A,0xF40F0B0B,0x8D0E0A09,0x081F3F3F,0x03000000,0x00000000,0x3C0C0404,0xFF1D2426,0xFD77C7DA,0xFE88E4F9,0xFF578C99,0xDE0C0604,
    0xD20A0301,0xFF51818D,0xFD88E4FA,0xFC7CCFE2,0xFF243033,0x51090000,0x00000000,0x03000000,0x00000000,0x00000000,0x00000000,0x02000000,0x01000000,0x1D1A1A1A,0xE2100E0E,0xFF2E4247,0xFF63A2B1,0xFC83DBEF,0xFE84DDF2,0xFE84DDF2,0xFB83DBF0,0xFE62A0AE,0xFF242F32,0x8B100B0B,0x00000101,0x00000001,0x51090000,0xFF243134,0xFC7CCFE3,0xFD88E4FA,0xFF51818C,0xD20A0301,
    0xB2080000,0xFF436871,0xFC87E2F7,0xFB84DCF1,0xFF334B51,0x7F080000,0x00000101,0x04000000,0x00000000,0x00000000,0x00000000,0x00000000,0x01000000,0x00000000,0x1C1B1B24,0x920C0503,0xF20F0B0A,0xFF31464B,0xFF63A1AF,0xFC83DAEF,0xFE82DAEF,0xFB90F3FF,0xFA5C96A4,0xD70A0302,0x03AAFFFF,0x00000101,0x80070000,0xFF334B51,0xFB84DCF1,0xFC87E2F7,0xFF436871,0xB2080000,
    0x7F080000,0xFF2F4348,0xFC82DAEE,0xFC87E2F7,0xFF4E7A85,0xC60A0201,0x00010303,0x02000000,0x00000000,0x00000000,0x00000000,0x00000000,0x00000000,0x01000000,0x00000000,0x00000101,0x241C2323,0x930A0301,0xF20F0B0A,0xFF30464B,0xFF63A1AF,0xFB79CBDE,0xFF39555C,0xB40C0705,0x01FFFFFF,0x01FFFFFF,0xC70A0201,0xFF4E7B85,0xFC87E2F7,0xFC82DAEE,0xFF2F4348,0x7F080000,
    0x3C0C0808,0xFE191C1D,0xFE73C0D1,0xFE85DFF4,0xFE6EB6C7,0xFC151616,0x33141414,0x01000000,0x03000000,0x00000000,0x00000000,0x00000000,0x00000000,0x00000000,0x01000000,0x03000000,0x00000000,0x00000102,0x231D1D24,0x930A0100,0xEE120F0F,0xFF191D1D,0xD30F0C0C,0x2A181818,0x01000000,0x36121212,0xFD151616,0xFE6EB6C7,0xFE85DFF4,0xFE73BFD1,0xFE181C1D,0x3B0C0808,
    0x06557F7F,0xD40A0402,0xFE548691,0xFD86E0F5,0xFC84DEF2,0xFF3B585F,0xB6090100,0x00010203,0x04000000,0x00000000,0x00000000,0x00000000,0x00000000,0x00000000,0x00000000,0x00000000,0x02000000,0x03000000,0x00000000,0x00000102,0x1A1D1D1D,0x340E0909,0x07244848,0x00000000,0x00010203,0xB6090100,0xFF3B585F,0xFC84DEF3,0xFD86E0F5,0xFE548691,0xD40A0403,0x056699CC,
    0x00000001,0x730B0402,0xFF273539,0xFB80D6EA,0xFF82DAEE,0xFC73BED0,0xFF181A1B,0x67110C0C,0x00000001,0x06000000,0x00000000,0x00000000,0x00000000,0x00000000,0x00000000,0x00000000,0x00000000,0x00000000,0x02000000,0x03000000,0x00000000,0x00000000,0x04000000,0x00000101,0x67110C0C,0xFF181B1C,0xFC73BED0,0xFF82DAEE,0xFB80D5E9,0xFF273538,0x730B0402,0x00000001,
    0x01000000,0x111E3C3C,0xE80C0605,0xFD538692,0xFD86E0F6,0xFE83DCF1,0xFC5A929F,0xFA0D0807,0x4D131717,0x00000001,0x03000000,0x03000000,0x00000000,0x00000000,0x00000000,0x00000000,0x00000000,0x00000000,0x00000000,0x00000000,0x04000000,0x06000000,0x00000101,0x4C141717,0xFA0D0807,0xFC5A929F,0xFE83DCF1,0xFD86E1F6,0xFD538691,0xE80C0605,0x102F3F3F,0x01000000,
    0x03000000,0x00000000,0x610F0D0A,0xFF1A1E1F,0xFA74C0D2,0xFF82D9EE,0xFE83DDF2,0xFF507F8A,0xFB0D0807,0x68110C0C,0x00010303,0x00000000,0x01000000,0x04000000,0x03000000,0x03000000,0x03000000,0x03000000,0x04000000,0x01000000,0x00000000,0x00010303,0x67110C0C,0xFA0D0806,0xFE507E8A,0xFE83DDF2,0xFF82D9EE,0xFA74BFD2,0xFF1A1E1E,0x600F0D0A,0x00000000,0x03000000,
    0x00000000,0x03000000,0x00010202,0xAB0B0505,0xFF2A3B3E,0xFA80D6E9,0xFF80D6EB,0xFE84DDF2,0xFF5A929E,0xFF181B1C,0xB4090100,0x3A151111,0x00020303,0x00000101,0x00000000,0x00000000,0x00000000,0x00000000,0x00000101,0x00010303,0x3A111111,0xB3090100,0xFF181B1B,0xFF5A919D,0xFE84DDF1,0xFF80D6EB,0xFA80D6EA,0xFF2A3A3E,0xAC0B0504,0x00010202,0x03000000,0x00000000,
    0x00000000,0x01000000,0x02000000,0x0E36485B,0xCC0C0505,0xFF31474C,0xFA7FD6EA,0xFF82D9EE,0xFE83DCF1,0xFD72BDCF,0xFF3B5860,0xFF151616,0xC60A0200,0x82070000,0x52090000,0x3D0C0404,0x3D0C0404,0x52090000,0x82070000,0xC60A0201,0xFF151616,0xFF3A585F,0xFD72BDCF,0xFE83DCF1,0xFF82D9EE,0xFA7FD6E9,0xFF31474C,0xCC0C0605,0x0E364848,0x02000000,0x01000000,0x00000000,
    0x00000000,0x00000000,0x02000000,0x00000000,0x17213737,0xCA0C0603,0xFF2A3A3E,0xFB73BED1,0xFD86E1F6,0xFF82DAEE,0xFC84DEF3,0xFF6EB6C7,0xFF4E7B85,0xFF334B51,0xFF243033,0xFF1D2426,0xFF1D2426,0xFF243134,0xFF324A4F,0xFF4D7A84,0xFF6FB6C7,0xFC84DDF2,0xFF82DAEE,0xFE85E0F5,0xFB73C0D1,0xFF2A3A3E,0xCB0C0603,0x181F3535,0x00000000,0x02000000,0x00000000,0x00000000,
    0x00000000,0x00000000,0x00000000,0x02000000,0x00000000,0x0E36485B,0xA80C0606,0xFF1A1D1E,0xFF538590,0xFB80D5E9,0xFD86E0F5,0xFE85DFF4,0xFC87E2F8,0xFB84DCF1,0xFC7CCFE3,0xFD77C7DA,0xFD77C7DA,0xFC7CCFE3,0xFB84DCF1,0xFC87E2F7,0xFE85DFF4,0xFD86E0F5,0xFB80D5EA,0xFF548692,0xFF1A1D1E,0xAA0D0706,0x0F334455,0x00000000,0x02000000,0x00000000,0x00000000,0x00000000,
    0x00000000,0x00000000,0x00000000,0x00000000,0x02000000,0x00000000,0x00010202,0x630F0C0C,0xE40D0604,0xFF273437,0xFF548691,0xFF73BFD0,0xFC82D9EE,0xFD87E1F6,0xFD88E4FA,0xFE88E4F9,0xFE88E4F9,0xFD88E4FA,0xFD87E1F6,0xFC82DAEF,0xFF74C0D2,0xFF548692,0xFF273539,0xE40D0605,0x64110C0C,0x00010202,0x00000000,0x02000000,0x00000000,0x00000000,0x00000000,0x00000000,
    0x00000000,0x00000000,0x00000000,0x00000000,0x00000000,0x01000000,0x02000000,0x00000000,0x122A3838,0x740D0604,0xCF0C0403,0xFE181B1C,0xFF2E4247,0xFF446971,0xFF51818C,0xFF578D99,0xFF578D99,0xFF51818C,0xFF436871,0xFF2F4449,0xFE191D1E,0xD00C0403,0x750D0604,0x13283535,0x00000000,0x02000000,0x01000000,0x00000000,0x00000000,0x00000000,0x00000000,0x00000000,
    0x00000000,0x00000000,0x00000000,0x00000000,0x00000000,0x00000000,0x00000000,0x03000000,0x00000000,0x00000001,0x01FFFFFF,0x3B110C08,0x7C080000,0xB0080000,0xD10A0301,0xDE0C0605,0xDE0C0605,0xD10A0301,0xB0080000,0x7D080000,0x3C0C0808,0x03AAFFFF,0x00000001,0x00000000,0x03000000,0x00000000,0x00000000,0x00000000,0x00000000,0x00000000,0x00000000,0x00000000,
};

const uint32_t *const icon_bits16[ICON_COUNT] = {
    [ICON_FOLDER] = bits16_folder,
    [ICON_FOLDER_OPEN] = bits16_folder_open,
    [ICON_FILE] = bits16_file,
    [ICON_FILE_TEXT] = bits16_file_text,
    [ICON_DISK] = bits16_disk,
    [ICON_COMPUTER] = bits16_computer,
    [ICON_TERMINAL] = bits16_terminal,
    [ICON_EDITOR] = bits16_editor,
    [ICON_INFO] = bits16_info,
    [ICON_TRASH] = bits16_trash,
    [ICON_TRASH_FULL] = bits16_trash_full,
    [ICON_UP] = bits16_up,
    [ICON_BACK] = bits16_back,
    [ICON_HOME] = bits16_home,
    [ICON_NEW_FOLDER] = bits16_new_folder,
    [ICON_NEW_FILE] = bits16_new_file,
    [ICON_SETTINGS] = bits16_settings,
    [ICON_BROWSER] = bits16_browser,
    [ICON_RELOAD] = bits16_reload,
    [ICON_NETWORK] = bits16_network,
    [ICON_CODE] = bits16_code,
    [ICON_DOWNLOAD] = bits16_download,
    [ICON_IMAGE] = bits16_image,
    [ICON_RESTORE] = bits16_restore,
    [ICON_PLAY] = bits16_play,
    [ICON_SAVE] = bits16_save,
    [ICON_CLOCK] = bits16_clock,
};

const uint32_t *const icon_bits32[ICON_COUNT] = {
    [ICON_FOLDER] = bits32_folder,
    [ICON_FOLDER_OPEN] = bits32_folder_open,
    [ICON_FILE] = bits32_file,
    [ICON_FILE_TEXT] = bits32_file_text,
    [ICON_DISK] = bits32_disk,
    [ICON_COMPUTER] = bits32_computer,
    [ICON_TERMINAL] = bits32_terminal,
    [ICON_EDITOR] = bits32_editor,
    [ICON_INFO] = bits32_info,
    [ICON_TRASH] = bits32_trash,
    [ICON_TRASH_FULL] = bits32_trash_full,
    [ICON_UP] = bits32_up,
    [ICON_BACK] = bits32_back,
    [ICON_HOME] = bits32_home,
    [ICON_NEW_FOLDER] = bits32_new_folder,
    [ICON_NEW_FILE] = bits32_new_file,
    [ICON_SETTINGS] = bits32_settings,
    [ICON_BROWSER] = bits32_browser,
    [ICON_RELOAD] = bits32_reload,
    [ICON_NETWORK] = bits32_network,
    [ICON_CODE] = bits32_code,
    [ICON_DOWNLOAD] = bits32_download,
    [ICON_IMAGE] = bits32_image,
    [ICON_RESTORE] = bits32_restore,
    [ICON_PLAY] = bits32_play,
    [ICON_SAVE] = bits32_save,
    [ICON_CLOCK] = bits32_clock,
};
